{
    "10c.sql": {
        "speedup": 24.322819013059792,
        "speedupAbs": 2.193434000015259,
        "opt": 46
    },
    "22d.sql": {
        "speedup": 1.2519851366782035,
        "speedupAbs": 70.28882455825806,
        "opt": 50
    },
    "11a.sql": {
        "speedup": 1.1349107111952366,
        "speedupAbs": 3.3200411796569824,
        "opt": 43
    },
    "14b.sql": {
        "speedup": 1.0952769282657262,
        "speedupAbs": 55.22817635536194,
        "opt": 42
    },
    "15c.sql": {
        "speedup": 2.591362532110338,
        "speedupAbs": 14.769767761230469,
        "opt": 55
    },
    "11c.sql": {
        "speedup": 1.0544709039567908,
        "speedupAbs": 8.602189540863037,
        "opt": 43
    },
    "31b.sql": {
        "speedup": 20.292730902272933,
        "speedupAbs": 2.5669782161712646,
        "opt": 47
    },
    "7c.sql": {
        "speedup": 1.4430120494358252,
        "speedupAbs": 112.14561724662781,
        "opt": 33
    },
    "24b.sql": {
        "speedup": 19.13982891861951,
        "speedupAbs": 4.8210389614105225,
        "opt": 51
    },
    "17b.sql": {
        "speedup": 3.4942717330526567,
        "speedupAbs": 23.119739055633545,
        "opt": 55
    },
    "22a.sql": {
        "speedup": 1.1774787736630958,
        "speedupAbs": 95.35974025726318,
        "opt": 50
    },
    "13d.sql": {
        "speedup": 1.2001836360163323,
        "speedupAbs": 120.19080996513367,
        "opt": 51
    },
    "8c.sql": {
        "speedup": 6.732834692895696,
        "speedupAbs": 12.866705894470215,
        "opt": 47
    },
    "16b.sql": {
        "speedup": 1.965422709231039,
        "speedupAbs": 69.05412650108337,
        "opt": 38
    },
    "17e.sql": {
        "speedup": 1.3313912026168702,
        "speedupAbs": 185.87892699241638,
        "opt": 34
    },
    "16d.sql": {
        "speedup": 1.6681569938903882,
        "speedupAbs": 91.30087876319885,
        "opt": 39
    },
    "9c.sql": {
        "speedup": 3.9480226554594124,
        "speedupAbs": 21.808327674865723,
        "opt": 51
    },
    "8d.sql": {
        "speedup": 116.85486009842207,
        "speedupAbs": 0.4870483875274658,
        "opt": 59
    },
    "2a.sql": {
        "speedup": 1.020790669010573,
        "speedupAbs": 49.7989239692688,
        "opt": 46
    },
    "23b.sql": {
        "speedup": 1.8420864064183553,
        "speedupAbs": 3.0710833072662354,
        "opt": 47
    },
    "2b.sql": {
        "speedup": 1.0389839181027316,
        "speedupAbs": 25.950727939605713,
        "opt": 47
    },
    "19c.sql": {
        "speedup": 6.568719732081764,
        "speedupAbs": 16.765870094299316,
        "opt": 51
    },
    "32a.sql": {
        "speedup": 2.5387220488224576,
        "speedupAbs": 0.026047945022583008,
        "opt": 59
    },
    "2d.sql": {
        "speedup": 1.0167834866240093,
        "speedupAbs": 72.50322794914246,
        "opt": 46
    },
    "15b.sql": {
        "speedup": 2.81070326696764,
        "speedupAbs": 7.272531986236572,
        "opt": 59
    },
    "23c.sql": {
        "speedup": 2.5634794664317138,
        "speedupAbs": 1.913681983947754,
        "opt": 59
    },
    "9d.sql": {
        "speedup": 1.3272613533489928,
        "speedupAbs": 220.3781156539917,
        "opt": 50
    },
    "11b.sql": {
        "speedup": 1.008366140588457,
        "speedupAbs": 53.545958042144775,
        "opt": 43
    },
    "1a.sql": {
        "speedup": 1.0462317835105581,
        "speedupAbs": 3.3255298137664795,
        "opt": 47
    },
    "12c.sql": {
        "speedup": 1.0623254939854885,
        "speedupAbs": 71.04176211357117,
        "opt": 62
    },
    "33c.sql": {
        "speedup": 1.3175100728568698,
        "speedupAbs": 1.4349579811096191,
        "opt": 43
    },
    "5c.sql": {
        "speedup": 2.639112368467329,
        "speedupAbs": 8.96181344985962,
        "opt": 59
    },
    "10a.sql": {
        "speedup": 1.6152590542470815,
        "speedupAbs": 71.62366461753845,
        "opt": 55
    },
    "25a.sql": {
        "speedup": 16.123752215142947,
        "speedupAbs": 6.626451730728149,
        "opt": 59
    },
    "30c.sql": {
        "speedup": 3.9398160480560187,
        "speedupAbs": 18.54147243499756,
        "opt": 55
    },
    "19b.sql": {
        "speedup": 29.806255936498843,
        "speedupAbs": 2.511347532272339,
        "opt": 59
    },
    "8b.sql": {
        "speedup": 3.133635307062303,
        "speedupAbs": 21.11040687561035,
        "opt": 59
    },
    "18a.sql": {
        "speedup": 3.2714991223299537,
        "speedupAbs": 33.68439507484436,
        "opt": 51
    },
    "14c.sql": {
        "speedup": 1.4351140161211986,
        "speedupAbs": 17.453693151474,
        "opt": 42
    },
    "27c.sql": {
        "speedup": 1.042708375055838,
        "speedupAbs": 23.708757638931274,
        "opt": 24
    },
    "29c.sql": {
        "speedup": 41.78431326075096,
        "speedupAbs": 2.3940742015838623,
        "opt": 55
    },
    "31c.sql": {
        "speedup": 7.6098677038212985,
        "speedupAbs": 13.424543142318726,
        "opt": 59
    },
    "18c.sql": {
        "speedup": 91.18032117984713,
        "speedupAbs": 1.244011402130127,
        "opt": 59
    },
    "25b.sql": {
        "speedup": 20.386116453566867,
        "speedupAbs": 4.254207134246826,
        "opt": 59
    },
    "21c.sql": {
        "speedup": 1.333667684654107,
        "speedupAbs": 4.2095372676849365,
        "opt": 43
    },
    "17c.sql": {
        "speedup": 1.3837033171641855,
        "speedupAbs": 126.71683955192566,
        "opt": 51
    },
    "27b.sql": {
        "speedup": 3.255165548571907,
        "speedupAbs": 0.5812826156616211,
        "opt": 59
    },
    "17a.sql": {
        "speedup": 1.6385684098161242,
        "speedupAbs": 80.62919974327087,
        "opt": 34
    },
    "10b.sql": {
        "speedup": 1045.3857654715584,
        "speedupAbs": 0.030808687210083008,
        "opt": 59
    },
    "6d.sql": {
        "speedup": 1.336497975775362,
        "speedupAbs": 152.0217366218567,
        "opt": 35
    },
    "17f.sql": {
        "speedup": 3.236812941031557,
        "speedupAbs": 68.96307921409607,
        "opt": 59
    },
    "13b.sql": {
        "speedup": 1.0392138373831368,
        "speedupAbs": 122.59812760353088,
        "opt": 54
    },
    "24a.sql": {
        "speedup": 59.01386709182186,
        "speedupAbs": 1.166123390197754,
        "opt": 51
    },
    "20c.sql": {
        "speedup": 16.747843777514642,
        "speedupAbs": 6.746903419494629,
        "opt": 59
    },
    "28b.sql": {
        "speedup": 1.180547268151951,
        "speedupAbs": 24.36876392364502,
        "opt": 43
    },
    "25c.sql": {
        "speedup": 30.763179561628803,
        "speedupAbs": 3.2388875484466553,
        "opt": 59
    },
    "28c.sql": {
        "speedup": 1.0737396222324802,
        "speedupAbs": 279.39734530448914,
        "opt": 49
    },
    "23a.sql": {
        "speedup": 1.0288205695523935,
        "speedupAbs": 91.87895512580872,
        "opt": 47
    },
    "14a.sql": {
        "speedup": 1.0651148415858507,
        "speedupAbs": 104.55087471008301,
        "opt": 42
    },
    "2c.sql": {
        "speedup": 1.0508593472162764,
        "speedupAbs": 17.55666446685791,
        "opt": 39
    },
    "11d.sql": {
        "speedup": 52.66164320685447,
        "speedupAbs": 0.009349822998046875,
        "opt": 59
    },
    "26a.sql": {
        "speedup": 78.7640019063383,
        "speedupAbs": 2.3627512454986572,
        "opt": 59
    },
    "1c.sql": {
        "speedup": 1.0503678568544461,
        "speedupAbs": 3.1147444248199463,
        "opt": 43
    },
    "7b.sql": {
        "speedup": 18.46337930228856,
        "speedupAbs": 2.1593527793884277,
        "opt": 59
    },
    "7a.sql": {
        "speedup": 4.419838259808762,
        "speedupAbs": 11.53393840789795,
        "opt": 59
    },
    "30b.sql": {
        "speedup": 5.7929225918334675,