{
    "12.sql": {
        "speedup": 126.60521262777465,
        "speedupAbs": 0.008443355560302734,
        "opt": 58
    },
    "7.sql": {
        "speedup": 63.84017308766054,
        "speedupAbs": 0.015372276306152344,
        "opt": 51
    },
    "3.sql": {
        "speedup": 315.5161622855429,
        "speedupAbs": 0.0032379627227783203,
        "opt": 51
    },
    "19.sql": {
        "speedup": 4.02345301557437,
        "speedupAbs": 0.036495208740234375,
        "opt": 31
    },
    "22.sql": {
        "speedup": 35.271456180152875,
        "speedupAbs": 0.014187097549438477,
        "opt": 51
    },
    "14.sql": {
        "speedup": 1061.7480427046853,
        "speedupAbs": 0.0006699562072753906,
        "opt": 39
    },
    "6.sql": {
        "speedup": 897.9055876685826,
        "speedupAbs": 0.0007424354553222656,
        "opt": 51
    },
    "17.sql": {
        "speedup": 13.777312648772877,
        "speedupAbs": 0.002904653549194336,
        "opt": 45
    },
    "11.sql": {
        "speedup": 3.5674374569946212,
        "speedupAbs": 0.0949397087097168,
        "opt": 51
    },
    "21.sql": {
        "speedup": 1.015121213557073,
        "speedupAbs": 295.53120946884155,
        "opt": 37
    },
    "20.sql": {
        "speedup": 5098.983042224015,
        "speedupAbs": 0.001405954360961914,
        "opt": 45
    },
    "4.sql": {
        "speedup": 247.14147688060876,
        "speedupAbs": 0.006563901901245117,
        "opt": 51
    },
    "9.sql": {
        "speedup": 3.3623649557056137,
        "speedupAbs": 1.003368854522705,
        "opt": 51
    },
    "15.sql": {
        "speedup": 32.659897170964356,
        "speedupAbs": 0.048180341720581055,
        "opt": 51
    },
    "2.sql": {
        "speedup": 6.693622257630433,
        "speedupAbs": 24.72394371032715,
        "opt": 51
    },
    "8.sql": {
        "speedup": 0,
        "speedupAbs": 0.0,
        "opt": 63
    },
    "10.sql": {
        "speedup": 600.9495541999254,
        "speedupAbs": 0.0020322799682617188,
        "opt": 39
    },
    "1.sql": {
        "speedup": 5555.333643410932,
        "speedupAbs": 0.0007688999176025391,
        "opt": 51
    },
    "16.sql": {
        "speedup": 142.23684057126218,
        "speedupAbs": 0.004090070724487305,
        "opt": 51
    },
    "13.sql": {
        "speedup": 65.25232144335004,
        "speedupAbs": 0.014404058456420898,
        "opt": 34
    },
    "18.sql": {
        "speedup": 231.12860758093404,
        "speedupAbs": 0.03448152542114258,
        "opt": 51
    },
    "5.sql": {
        "speedup": 62.10467171512414,
        "speedupAbs": 0.014703035354614258,
        "opt": 51
    },
    "avrgTOT": {
        "speedup": 662.232545513625,
        "speedupAbs": 321.56214475631714,
        "speedupAvg": 14.616461125287143,
        "runtime": 1731.3951227664948,
        "factor": 0.1857242985890545
    },
    "58": {
        "total_speedup": 126.60521262777465,
        "count": 1,
        "average_speedup": 126.60521262777465
    },
    "51": {
        "total_speedup": 7596.761941222095,
        "count": 13,
        "average_speedup": 584.3663031709303
    },
    "31": {
        "total_speedup": 4.02345301557437,
        "count": 1,
        "average_speedup": 4.02345301557437
    },
    "39": {
        "total_speedup": 1662.6975969046107,
        "count": 2,
        "average_speedup": 831.3487984523053
    },
    "45": {
        "total_speedup": 5112.7603548727875,
        "count": 2,
        "average_speedup": 2556.3801774363938
    },
    "37": {
        "total_speedup": 1.015121213557073,
        "count": 1,
        "average_speedup": 1.015121213557073
    },
    "63": {
        "total_speedup": 0,
        "count": 1,
        "average_speedup": 0.0
    },
    "34": {
        "total_speedup": 65.25232144335004,
        "count": 1,
        "average_speedup": 65.25232144335004
    }
}