{"10c.sql": {"63": 45.71000957489014, "62": 38.814496755599976, "opt": 62}, "22d.sql": {"63": 113.26064610481262, "35": 36.77623128890991, "34": 28.383281707763672, "42": 22.15978240966797, "38": 19.813170433044434, "opt": 38}, "11a.sql": {"63": 7.241594314575195, "33": 4.8039164543151855, "opt": 33}, "14b.sql": {"63": 50.52377891540527, "59": 18.164411783218384, "34": 13.098082304000854, "50": 9.322477340698242, "54": 7.971560478210449, "62": 7.919658184051514, "47": 5.273626327514648, "opt": 47}, "15c.sql": {"63": 76.43639159202576, "59": 60.93322205543518, "opt": 59}, "11c.sql": {"63": 8.524109363555908, "33": 2.2976551055908203, "59": 0.47748899459838867, "62": 0.47093677520751953, "43": 0.470963716506958, "58": 0.4745664596557617, "47": 0.46570324897766113, "46": 0.47251415252685547, "42": 0.47132396697998047, "opt": 47}, "31b.sql": {"63": 73.59398579597473, "33": 68.82477855682373, "opt": 33}, "7c.sql": {"63": 144.21168756484985, "33": 93.16575932502747, "opt": 33}, "24b.sql": {"63": 67.80033445358276, "33": 66.38796806335449, "opt": 33}, "17b.sql": {"63": 139.2994203567505, "59": 115.09036993980408, "opt": 59}, "22a.sql": {"63": 127.67002558708191, "59": 27.20146894454956, "34": 25.533876180648804, "50": 25.096707820892334, "42": 14.094493389129639, "opt": 42}, "13d.sql": {"63": 150.5901346206665, "49": 88.64689517021179, "opt": 49}, "8c.sql": {"63": 73.23314356803894, "47": 70.70758414268494, "opt": 47}, "16b.sql": {"63": 126.56268191337585, "33": 107.66846752166748, "opt": 33}, "17e.sql": {"63": 186.10861611366272, "49": 101.13879776000977, "opt": 49}, "16d.sql": {"63": 79.71952605247498, "35": 69.79488468170166, "opt": 35}, "9c.sql": {"63": 87.87246465682983, "59": 86.8067798614502, "opt": 59}, "8d.sql": {"63": 53.68146467208862, "35": 53.739742040634155, "opt": 63}, "2a.sql": {"63": 31.49121904373169, "59": 1.5487189292907715, "62": 1.0312180519104004, "47": 1.0391478538513184, "46": 1.0398013591766357, "opt": 62}, "23b.sql": {"63": 36.254883766174316, "33": 5.888946533203125, "60": 5.290519714355469, "62": 4.972861289978027, "opt": 62}, "2b.sql": {"63": 2.1957623958587646, "59": 1.2901508808135986, "opt": 59}, "19c.sql": {"63": 112.50156569480896, "33": 66.94177150726318, "opt": 33}, "32a.sql": {"63": 0.36093926429748535, "62": 0.0472257137298584, "59": 0.04929304122924805, "58": 0.042675018310546875, "47": 0.046298980712890625, "46": 0.04030013084411621, "43": 0.04649639129638672, "42": 0.04349350929260254, "opt": 46}, "2d.sql": {"63": 79.25264191627502, "33": 4.923884630203247, "59": 1.523810625076294, "42": 1.521843433380127, "43": 1.5289807319641113, "58": 1.5236682891845703, "46": 1.2157411575317383, "62": 1.2196605205535889, "47": 1.224496603012085, "opt": 46}, "15b.sql": {"63": 28.182273626327515, "33": 5.613399505615234, "59": 2.6584768295288086, "47": 2.6166021823883057, "62": 2.638425827026367, "opt": 47}, "23c.sql": {"63": 10.670409202575684, "33": 5.431839227676392, "opt": 33}, "9d.sql": {"63": 249.86124205589294, "59": 101.7849292755127, "55": 74.58670496940613, "opt": 55}, "11b.sql": {"63": 27.735387325286865, "33": 0.964195966720581, "59": 0.5925371646881104, "47": 0.4592916965484619, "58": 0.4573957920074463, "43": 0.451322078704834, "46": 0.4520077705383301, "42": 0.4494788646697998, "opt": 42}, "1a.sql": {"63": 3.271855115890503, "33": 0.9002847671508789, "59": 0.17503666877746582, "62": 0.15388131141662598, "opt": 62}, "12c.sql": {"63": 47.3813591003418, "33": 41.117515563964844, "opt": 33}, "33c.sql": {"63": 4.203913688659668, "59": 0.9044458866119385, "62": 0.5846011638641357, "58": 0.5537188053131104, "47": 0.46614909172058105, "43": 0.45673274993896484, "46": 0.465378999710083, "42": 0.4572632312774658, "opt": 43}, "5c.sql": {"63": 16.815661191940308, "33": 10.174908876419067, "opt": 33}, "10a.sql": {"63": 126.95716214179993, "59": 104.20106935501099, "opt": 59}, "25a.sql": {"63": 92.79883241653442, "35": 90.4695782661438, "opt": 35}, "30c.sql": {"63": 76.54767894744873, "62": 47.294135332107544, "opt": 62}, "19b.sql": {"63": 116.094064950943, "33": 75.41007328033447, "opt": 33}, "8b.sql": {"63": 66.88233494758606, "59": 43.34279131889343, "opt": 59}, "18a.sql": {"63": 105.54540157318115, "33": 68.4215874671936, "opt": 33}, "14c.sql": {"63": 49.047771692276, "59": 21.702958345413208, "62": 20.204986333847046, "55": 11.875011682510376, "38": 11.872077703475952, "43": 6.02912712097168, "opt": 43}, "27c.sql": {"63": 8.197070598602295, "33": 4.009693622589111, "54": 3.26267671585083, "46": 3.1852502822875977, "49": 2.6896092891693115, "48": 2.2999320030212402, "25": 1.0068683624267578, "opt": 25}, "29c.sql": {"63": 93.62967896461487, "33": 70.97062969207764, "opt": 33}, "31c.sql": {"63": 132.5184805393219, "62": 96.72295784950256, "opt": 62}, "18c.sql": {"63": 112.25120067596436, "59": 106.57015538215637, "opt": 59}, "25b.sql": {"63": 69.00206303596497, "49": 66.62074422836304, "opt": 49}, "21c.sql": {"63": 5.0082786083221436, "33": 4.1063902378082275, "opt": 33}, "17c.sql": {"63": 145.03851580619812, "33": 65.14394974708557, "34": 52.9619300365448, "38": 48.411924600601196, "55": 47.05356287956238, "opt": 55}, "27b.sql": {"63": 1.4617359638214111, "59": 1.2881581783294678, "opt": 59}, "17a.sql": {"63": 159.2195544242859, "33": 99.43999361991882, "opt": 33}, "10b.sql": {"63": 53.81057906150818, "59": 49.25203990936279, "opt": 59}, "6d.sql": {"63": 171.0654640197754, "33": 75.72925138473511, "55": 48.367860555648804, "35": 44.88572955131531, "opt": 35}, "17f.sql": {"63": 201.22958707809448, "59": 179.43530654907227, "opt": 59}, "13b.sql": {"63": 106.74846267700195, "33": 56.47942399978638, "opt": 33}, "24a.sql": {"63": 87.36242890357971, "47": 66.96966052055359, "opt": 47}, "20c.sql": {"63": 105.21610116958618, "59": 98.03728556632996, "opt": 59}, "28b.sql": {"63": 10.064800500869751, "59": 4.856485605239868, "62": 4.156406879425049, "opt": 62}, "25c.sql": {"63": 76.86626529693604, "55": 59.65131998062134, "opt": 55}, "28c.sql": {"33": 48.599634408950806, "59": 39.62405729293823, "49": 24.00661563873291, "48": 20.997832775115967, "58": 14.422645807266235, "39": 14.297351121902466, "opt": 39}, "23a.sql": {"63": 85.31976962089539, "33": 5.530929803848267, "49": 5.363281726837158, "47": 2.5367918014526367, "46": 2.531327724456787, "opt": 46}, "14a.sql": {"63": 153.38305020332336, "59": 24.108994722366333, "50": 18.252551317214966, "38": 13.65038514137268, "43": 11.639491319656372, "42": 5.839808464050293, "opt": 42}, "2c.sql": {"63": 32.225865840911865, "59": 7.911195516586304, "33": 4.182445287704468, "62": 0.9877865314483643, "47": 0.9696242809295654, "46": 0.9717836380004883, "51": 0.9213089942932129, "39": 0.9330506324768066, "35": 0.9086432456970215, "opt": 35}, "11d.sql": {"63": 0.5557920932769775, "59": 0.48866772651672363, "opt": 59}, "26a.sql": {"63": 229.2279314994812, "59": 210.61103105545044, "opt": 59}, "1c.sql": {"63": 3.595029830932617, "59": 0.1667935848236084, "47": 0.1633775234222412, "62": 0.16171956062316895, "43": 0.16525840759277344, "46": 0.15833640098571777, "42": 0.1506338119506836, "opt": 42}, "7b.sql": {"63": 39.59255290031433, "59": 38.049673318862915, "opt": 59}, "7a.sql": {"63": 41.73933434486389, "47": 37.415061473846436, "opt": 47}, "30b.sql": {"63": 68.34696412086487, "33": 67.68042945861816, "opt": 33}, "3a.sql": {"63": 18.155038833618164, "33": 12.13945484161377, "opt": 33}, "6b.sql": {"63": 136.93845200538635, "49": 51.521098613739014, "39": 50.794222593307495, "51": 48.02553677558899, "35": 41.189982175827026, "opt": 35}, "1d.sql": {"63": 1.1376521587371826, "33": 0.8831589221954346, "opt": 33}, "17d.sql": {"63": 162.8548445701599, "33": 81.2191915512085, "34": 49.8667516708374, "35": 46.8439519405365, "opt": 35}, "32b.sql": {"63": 0.9865231513977051, "59": 0.4761219024658203, "47": 0.46913814544677734, "62": 0.47261548042297363, "43": 0.4682652950286865, "42": 0.4653360843658447, "opt": 42}, "4c.sql": {"63": 1.3345365524291992, "59": 1.1118571758270264, "opt": 59},