{
    "10c.sql": {
        "speedup": 6.6289499813584,
        "speedupAbs": 6.895512819290161,
        "opt": 62
    },
    "22d.sql": {
        "speedup": 1.2120246725833204,
        "speedupAbs": 93.44747567176819,
        "opt": 38
    },
    "11a.sql": {
        "speedup": 2.9706937215251177,
        "speedupAbs": 2.4376778602600098,
        "opt": 33
    },
    "14b.sql": {
        "speedup": 1.1165438352339594,
        "speedupAbs": 45.250152587890625,
        "opt": 47
    },
    "15c.sql": {
        "speedup": 4.930371909538923,
        "speedupAbs": 15.503169536590576,
        "opt": 59
    },
    "11c.sql": {
        "speedup": 1.0577909877407605,
        "speedupAbs": 8.058406114578247,
        "opt": 47
    },
    "31b.sql": {
        "speedup": 15.431073154429697,
        "speedupAbs": 4.769207239151001,
        "opt": 33
    },
    "7c.sql": {
        "speedup": 2.8251359616249703,
        "speedupAbs": 51.04592823982239,
        "opt": 33
    },
    "24b.sql": {
        "speedup": 48.00477760067946,
        "speedupAbs": 1.4123663902282715,
        "opt": 33
    },
    "17b.sql": {
        "speedup": 5.754022481577404,
        "speedupAbs": 24.20905041694641,
        "opt": 59
    },
    "22a.sql": {
        "speedup": 1.1240979735368015,
        "speedupAbs": 113.57553219795227,
        "opt": 42
    },
    "13d.sql": {
        "speedup": 2.4310987923244793,
        "speedupAbs": 61.94323945045471,
        "opt": 49
    },
    "8c.sql": {
        "speedup": 28.996800800984463,
        "speedupAbs": 2.525559425354004,
        "opt": 47
    },
    "16b.sql": {
        "speedup": 6.698488716679176,
        "speedupAbs": 18.894214391708374,
        "opt": 33
    },
    "17e.sql": {
        "speedup": 2.1902908552665123,
        "speedupAbs": 84.96981835365295,
        "opt": 49
    },
    "16d.sql": {
        "speedup": 8.032484305905284,
        "speedupAbs": 9.924641370773315,
        "opt": 35
    },
    "9c.sql": {
        "speedup": 82.45633703118207,
        "speedupAbs": 1.0656847953796387,
        "opt": 59
    },
    "8d.sql": {
        "speedup": 0,
        "speedupAbs": 0.0,
        "opt": 63
    },
    "2a.sql": {
        "speedup": 1.0338548266031669,
        "speedupAbs": 30.46000099182129,
        "opt": 62
    },
    "23b.sql": {
        "speedup": 1.1589686630320042,
        "speedupAbs": 31.28202247619629,
        "opt": 62
    },
    "2b.sql": {
        "speedup": 2.4246184587761723,
        "speedupAbs": 0.905611515045166,
        "opt": 59
    },
    "19c.sql": {
        "speedup": 2.4693168110395542,
        "speedupAbs": 45.559794187545776,
        "opt": 33
    },
    "32a.sql": {
        "speedup": 1.1256868754916876,
        "speedupAbs": 0.32063913345336914,
        "opt": 46
    },
    "2d.sql": {
        "speedup": 1.0155790548536812,
        "speedupAbs": 78.03690075874329,
        "opt": 46
    },
    "15b.sql": {
        "speedup": 1.1023482676027512,
        "speedupAbs": 25.56567144393921,
        "opt": 47
    },
    "23c.sql": {
        "speedup": 2.03689351363123,
        "speedupAbs": 5.238569974899292,
        "opt": 33
    },
    "9d.sql": {
        "speedup": 1.4255421592276256,
        "speedupAbs": 175.27453708648682,
        "opt": 55
    },
    "11b.sql": {
        "speedup": 1.016472930169012,
        "speedupAbs": 27.285908460617065,
        "opt": 42
    },
    "1a.sql": {
        "speedup": 1.0493529840423375,
        "speedupAbs": 3.117973804473877,
        "opt": 62
    },
    "12c.sql": {
        "speedup": 7.5642628723366,
        "speedupAbs": 6.263843536376953,
        "opt": 33
    },
    "33c.sql": {
        "speedup": 1.1218870285177354,
        "speedupAbs": 3.747180938720703,
        "opt": 43
    },
    "5c.sql": {
        "speedup": 2.532192196453035,
        "speedupAbs": 6.64075231552124,
        "opt": 33
    },
    "10a.sql": {
        "speedup": 5.579040450015433,
        "speedupAbs": 22.75609278678894,
        "opt": 59
    },
    "25a.sql": {
        "speedup": 39.84057832459874,
        "speedupAbs": 2.329254150390625,
        "opt": 35
    },
    "30c.sql": {
        "speedup": 2.6166976539315905,
        "speedupAbs": 29.253543615341187,
        "opt": 62
    },
    "19b.sql": {
        "speedup": 2.8535564034837133,
        "speedupAbs": 40.68399167060852,
        "opt": 33
    },
    "8b.sql": {
        "speedup": 2.8412757699372895,
        "speedupAbs": 23.539543628692627,
        "opt": 59
    },
    "18a.sql": {
        "speedup": 2.8430645965377295,
        "speedupAbs": 37.12381410598755,
        "opt": 33
    },
    "14c.sql": {
        "speedup": 1.1401514896867164,
        "speedupAbs": 43.01864457130432,
        "opt": 43
    },
    "27c.sql": {
        "speedup": 1.140033385620362,
        "speedupAbs": 7.190202236175537,
        "opt": 25
    },
    "29c.sql": {
        "speedup": 4.132109773824185,
        "speedupAbs": 22.65904927253723,
        "opt": 33
    },
    "31c.sql": {
        "speedup": 3.7020965355818563,
        "speedupAbs": 35.795522689819336,
        "opt": 62
    },
    "18c.sql": {
        "speedup": 19.758899088220932,
        "speedupAbs": 5.681045293807983,
        "opt": 59
    },
    "25b.sql": {
        "speedup": 28.976407029452897,
        "speedupAbs": 2.3813188076019287,
        "opt": 49
    },
    "21c.sql": {
        "speedup": 5.55310254801081,
        "speedupAbs": 0.901888370513916,
        "opt": 33
    },
    "17c.sql": {
        "speedup": 1.4802121292520576,
        "speedupAbs": 97.98495292663574,
        "opt": 55
    },
    "27b.sql": {
        "speedup": 8.421215650831416,
        "speedupAbs": 0.17357778549194336,
        "opt": 59
    },
    "17a.sql": {
        "speedup": 2.6634447005280513,
        "speedupAbs": 59.779560804367065,
        "opt": 33
    },
    "10b.sql": {
        "speedup": 11.804347240537199,
        "speedupAbs": 4.558539152145386,
        "opt": 59
    },
    "6d.sql": {
        "speedup": 1.355728514887111,
        "speedupAbs": 126.17973446846008,
        "opt": 35
    },
    "17f.sql": {
        "speedup": 9.233137419247605,
        "speedupAbs": 21.794280529022217,
        "opt": 59
    },
    "13b.sql": {
        "speedup": 2.1235429498154628,
        "speedupAbs": 50.269038677215576,
        "opt": 33
    },
    "24a.sql": {
        "speedup": 4.283990641324384,
        "speedupAbs": 20.392768383026123,
        "opt": 47
    },
    "20c.sql": {
        "speedup": 14.656470786331585,
        "speedupAbs": 7.178815603256226,
        "opt": 59
    },
    "28b.sql": {
        "speedup": 1.703474945260796,
        "speedupAbs": 5.908393621444702,
        "opt": 62
    },
    "25c.sql": {
        "speedup": 4.4650891353160125,
        "speedupAbs": 17.214945316314697,
        "opt": 55
    },
    "28c.sql": {
        "speedup": 1.0500427671148502,
        "speedupAbs": 285.70264887809753,
        "opt": 39
    },
    "23a.sql": {
        "speedup": 1.030575858978277,
        "speedupAbs": 82.7884418964386,
        "opt": 46
    },
    "14a.sql": {
        "speedup": 1.0395803182525294,
        "speedupAbs": 147.54324173927307,
        "opt": 42
    },
    "2c.sql": {
        "speedup": 1.0290141708107876,
        "speedupAbs": 31.317222595214844,
        "opt": 35
    },
    "11d.sql": {
        "speedup": 8.280034808552958,
        "speedupAbs": 0.0671243667602539,
        "opt": 59
    },
    "26a.sql": {
        "speedup": 12.312894522298418,
        "speedupAbs": 18.61690044403076,
        "opt": 59
    },
    "1c.sql": {
        "speedup": 1.0437330118605834,
        "speedupAbs": 3.4443960189819336,
        "opt": 42
    },
    "7b.sql": {
        "speedup": 25.661466634401144,
        "speedupAbs": 1.542879581451416,
        "opt": 59
    },
    "7a.sql": {
        "speedup": 9.65233591631396,
        "speedupAbs": 4.324272871017456,
        "opt": 47
    },
    "30b.sql": {
        "speedup": 102.54074992962325,
        "speedupAbs": 0.6665346622467041,