{"12.sql": {"63": 13.904953241348267, "62": 1.1369025707244873, "59": 1.051722764968872, "58": 1.054032802581787, "55": 1.052837610244751, "54": 1.0575566291809082, "51": 1.0589566230773926, "47": 1.0536913871765137, "46": 1.053490161895752, "43": 1.0468244552612305, "opt": 43}, "7.sql": {"63": 1.3221893310546875, "62": 0.9873623847961426, "opt": 62}, "3.sql": {"63": 1.050816535949707, "62": 1.0227019786834717, "opt": 62}, "19.sql": {"63": 2.296997547149658, "62": 0.13901472091674805, "61": 0.13631391525268555, "59": 0.08769655227661133, "47": 0.08381509780883789, "30": 0.08092188835144043, "10": 0.09064054489135742, "opt": 30}, "22.sql": {"63": 0.5068881511688232, "62": 0.4927339553833008, "opt": 62}, "14.sql": {"63": 0.7358748912811279, "62": 0.7140200138092041, "opt": 62}, "6.sql": {"63": 0.6812117099761963, "62": 0.6743485927581787, "opt": 62}, "17.sql": {"63": 0.5556631088256836, "62": 0.09874153137207031, "61": 0.028876304626464844, "45": 0.02855992317199707, "29": 0.0287630558013916, "13": 0.028469085693359375, "opt": 13}, "11.sql": {"63": 24.108726739883423, "62": 0.17205119132995605, "46": 0.16751861572265625, "15": 0.16535472869873047, "opt": 15}, "21.sql": {"55": 4.457627058029175, "54": 5.01499605178833, "51": 4.511465549468994, "50": 4.486187219619751, "38": 4.451092481613159, "37": 5.254552602767944, "36": 5.373266220092773, "35": 5.368648290634155, "34": 6.713193893432617, "33": 4.47848653793335, "32": 5.372728586196899, "opt": 38}, "20.sql": {"63": 34.71234488487244, "62": 7.214324474334717, "60": 7.200330495834351, "45": 7.1806676387786865, "31": 7.148489475250244, "28": 7.145595550537109, "14": 7.12907338142395, "13": 7.112040758132935, "opt": 13}, "4.sql": {"63": 1.7082724571228027, "62": 1.629967212677002, "opt": 62}, "9.sql": {"63": 3.3642563819885254, "62": 3.3863303661346436, "55": 2.339782476425171, "opt": 55}, "15.sql": {"63": 1.7988834381103516, "62": 1.5537869930267334, "opt": 62}, "2.sql": {"63": 167.58592319488525, "62": 166.6488356590271, "opt": 62}, "8.sql": {"63": 0.6193342208862305, "62": 0.5931625366210938, "opt": 62}, "10.sql": {"63": 1.2412824630737305, "62": 1.2210345268249512, "opt": 62}, "1.sql": {"63": 4.2974371910095215, "62": 4.275266885757446, "opt": 62}, "16.sql": {"63": 0.5960445404052734, "62": 0.5830507278442383, "opt": 62}, "13.sql": {"63": 0.9439363479614258, "62": 0.9345641136169434, "opt": 62}, "18.sql": {"63": 8.141932010650635, "62": 8.009971618652344, "opt": 62}, "5.sql": {"63": 0.9186673164367676, "62": 0.9190855026245117, "59": 0.9092104434967041, "opt": 59}, "runtime": 3716.285491466522}