{
    "12.sql": {
        "speedup": 6571.78176382719,
        "speedupAbs": 0.0001595020294189453,
        "opt": 59
    },
    "7.sql": {
        "speedup": 1001.8012868102014,
        "speedupAbs": 0.0009634494781494141,
        "opt": 59
    },
    "3.sql": {
        "speedup": 112.15249737118803,
        "speedupAbs": 0.009069442749023438,
        "opt": 59
    },
    "19.sql": {
        "speedup": 24.54909206500578,
        "speedupAbs": 0.0060002803802490234,
        "opt": 59
    },
    "22.sql": {
        "speedup": 20.96136586733979,
        "speedupAbs": 0.02380228042602539,
        "opt": 59
    },
    "14.sql": {
        "speedup": 42.64532896409505,
        "speedupAbs": 0.016879558563232422,
        "opt": 59
    },
    "6.sql": {
        "speedup": 354.8836006207985,
        "speedupAbs": 0.0018434524536132812,
        "opt": 34
    },
    "17.sql": {
        "speedup": 3.1119724211488653,
        "speedupAbs": 0.012517929077148438,
        "opt": 45
    },
    "11.sql": {
        "speedup": 2.6087586719978306,
        "speedupAbs": 0.1301102638244629,
        "opt": 59
    },
    "21.sql": {
        "speedup": 1.0151464589783554,
        "speedupAbs": 295.52385997772217,
        "opt": 38
    },
    "20.sql": {
        "speedup": 25.818815223088105,
        "speedupAbs": 0.29250311851501465,
        "opt": 59
    },
    "4.sql": {
        "speedup": 198.30350615551143,
        "speedupAbs": 0.008153200149536133,
        "opt": 59
    },
    "9.sql": {
        "speedup": 3.2706485101607767,
        "speedupAbs": 1.0402092933654785,
        "opt": 34
    },
    "15.sql": {
        "speedup": 40.963500120860466,
        "speedupAbs": 0.0384671688079834,
        "opt": 59
    },
    "2.sql": {
        "speedup": 6.608394491656163,
        "speedupAbs": 25.03093385696411,
        "opt": 39
    },
    "8.sql": {
        "speedup": 71.3407285519744,
        "speedupAbs": 0.008403778076171875,
        "opt": 43
    },
    "10.sql": {
        "speedup": 115.12436073625211,
        "speedupAbs": 0.010582685470581055,
        "opt": 39
    },
    "1.sql": {
        "speedup": 203.26207060582323,
        "speedupAbs": 0.021050691604614258,
        "opt": 59
    },
    "16.sql": {
        "speedup": 43.452643286642775,
        "speedupAbs": 0.01371908187866211,
        "opt": 59
    },
    "13.sql": {
        "speedup": 2765.985467128441,
        "speedupAbs": 0.0003445148468017578,
        "opt": 59
    },
    "18.sql": {
        "speedup": 610.3058668182939,
        "speedupAbs": 0.013000249862670898,
        "opt": 59
    },
    "5.sql": {
        "speedup": 52.763998205619565,
        "speedupAbs": 0.017538785934448242,
        "opt": 62
    },
    "avrgTOT": {
        "speedup": 557.8504914960121,
        "speedupAbs": 322.22011256217957,
        "speedupAvg": 14.646368752826344,
        "runtime": 1646.4710211753845,
        "factor": 0.19570348242883298
    },
    "59": {
        "total_speedup": 11664.591962915678,
        "count": 14,
        "average_speedup": 833.1851402082627
    },
    "34": {
        "total_speedup": 358.1542491309593,
        "count": 2,
        "average_speedup": 179.07712456547964
    },
    "45": {
        "total_speedup": 3.1119724211488653,
        "count": 1,
        "average_speedup": 3.1119724211488653
    },
    "38": {
        "total_speedup": 1.0151464589783554,
        "count": 1,
        "average_speedup": 1.0151464589783554
    },
    "39": {
        "total_speedup": 121.73275522790829,
        "count": 2,
        "average_speedup": 60.86637761395414
    },
    "43": {
        "total_speedup": 71.3407285519744,
        "count": 1,
        "average_speedup": 71.3407285519744
    },
    "62": {
        "total_speedup": 52.763998205619565,
        "count": 1,
        "average_speedup": 52.763998205619565
    }
}