{
    "10c.sql": {
        "speedup": 2.787465888789254,
        "speedupAbs": 20.71899938583374,
        "opt": 57
    },
    "22d.sql": {
        "speedup": 1.0494763855571818,
        "speedupAbs": 130.27934193611145,
        "opt": 43
    },
    "11a.sql": {
        "speedup": 1.1255263100459063,
        "speedupAbs": 3.604862689971924,
        "opt": 42
    },
    "14b.sql": {
        "speedup": 1.1467272425142307,
        "speedupAbs": 35.51922035217285,
        "opt": 46
    },
    "15c.sql": {
        "speedup": 1.0518616986572513,
        "speedupAbs": 53.535184383392334,
        "opt": 46
    },
    "11c.sql": {
        "speedup": 3.64280050044338,
        "speedupAbs": 0.17798852920532227,
        "opt": 59
    },
    "31b.sql": {
        "speedup": 0,
        "speedupAbs": 0.0,
        "opt": 63
    },
    "7c.sql": {
        "speedup": 102.90906345293699,
        "speedupAbs": 1.4114816188812256,
        "opt": 59
    },
    "24b.sql": {
        "speedup": 150.4384375453165,
        "speedupAbs": 0.5162625312805176,
        "opt": 57
    },
    "17b.sql": {
        "speedup": 3.1237422804841235,
        "speedupAbs": 52.850282430648804,
        "opt": 59
    },
    "22a.sql": {
        "speedup": 1.1174573689482161,
        "speedupAbs": 114.25095200538635,
        "opt": 49
    },
    "13d.sql": {
        "speedup": 1.159929978756316,
        "speedupAbs": 146.84621143341064,
        "opt": 46
    },
    "8c.sql": {
        "speedup": 62.42651710786309,
        "speedupAbs": 1.120365858078003,
        "opt": 47
    },
    "16b.sql": {
        "speedup": 3.0224504057221435,
        "speedupAbs": 38.057714223861694,
        "opt": 47
    },
    "17e.sql": {
        "speedup": 20.629990510730565,
        "speedupAbs": 8.491520643234253,
        "opt": 62
    },
    "16d.sql": {
        "speedup": 3.9569441268711865,
        "speedupAbs": 26.766374111175537,
        "opt": 47
    },
    "9c.sql": {
        "speedup": 17.898066085907217,
        "speedupAbs": 5.822997570037842,
        "opt": 59
    },
    "8d.sql": {
        "speedup": 0,
        "speedupAbs": 0.0,
        "opt": 63
    },
    "2a.sql": {
        "speedup": 1.048124366385644,
        "speedupAbs": 21.52670431137085,
        "opt": 62
    },
    "23b.sql": {
        "speedup": 1.0792748544498354,
        "speedupAbs": 32.74869179725647,
        "opt": 46
    },
    "2b.sql": {
        "speedup": 1.0609777926516626,
        "speedupAbs": 16.5536789894104,
        "opt": 46
    },
    "19c.sql": {
        "speedup": 10.505638080446857,
        "speedupAbs": 10.597952127456665,
        "opt": 59
    },
    "32a.sql": {
        "speedup": 1.1466422355952368,
        "speedupAbs": 0.2819650173187256,
        "opt": 58
    },
    "2d.sql": {
        "speedup": 1.017239613324294,
        "speedupAbs": 70.92233633995056,
        "opt": 47
    },
    "15b.sql": {
        "speedup": 3.8420767739523844,
        "speedupAbs": 16.072373628616333,
        "opt": 59
    },
    "23c.sql": {
        "speedup": 1.1645992263121603,
        "speedupAbs": 15.57174825668335,
        "opt": 46
    },
    "9d.sql": {
        "speedup": 2.1152391643571855,
        "speedupAbs": 133.9124093055725,
        "opt": 59
    },
    "11b.sql": {
        "speedup": 1.0046400416517578,
        "speedupAbs": 96.89105343818665,
        "opt": 42
    },
    "1a.sql": {
        "speedup": 1.1305799443059747,
        "speedupAbs": 1.142134666442871,
        "opt": 46
    },
    "12c.sql": {
        "speedup": 1303.0960264120527,
        "speedupAbs": 0.04044055938720703,
        "opt": 59
    },
    "33c.sql": {
        "speedup": 1.1127379588042097,
        "speedupAbs": 4.1114161014556885,
        "opt": 42
    },
    "5c.sql": {
        "speedup": 1.1480156272677544,
        "speedupAbs": 19.293769598007202,
        "opt": 46
    },
    "10a.sql": {
        "speedup": 2.8492755508378407,
        "speedupAbs": 40.57280397415161,
        "opt": 59
    },
    "25a.sql": {
        "speedup": 50.701337019840615,
        "speedupAbs": 1.9238150119781494,
        "opt": 59
    },
    "30c.sql": {
        "speedup": 21.00052720827612,
        "speedupAbs": 3.6128530502319336,
        "opt": 59
    },
    "19b.sql": {
        "speedup": 4.798951717331506,
        "speedupAbs": 13.644191026687622,
        "opt": 48
    },
    "8b.sql": {
        "speedup": 10.191398687913056,
        "speedupAbs": 4.837723016738892,
        "opt": 57
    },
    "18a.sql": {
        "speedup": 10.23083507252069,
        "speedupAbs": 12.920031309127808,
        "opt": 59
    },
    "14c.sql": {
        "speedup": 1.0429217342371853,
        "speedupAbs": 139.6064851284027,
        "opt": 43
    },
    "27c.sql": {
        "speedup": 1.022037915504137,
        "speedupAbs": 45.70179724693298,
        "opt": 25
    },
    "29c.sql": {
        "speedup": 6.234117214260759,
        "speedupAbs": 17.93267250061035,
        "opt": 48
    },
    "31c.sql": {
        "speedup": 4.002962565520106,
        "speedupAbs": 36.818498849868774,
        "opt": 59
    },
    "18c.sql": {
        "speedup": 23.579801080217276,
        "speedupAbs": 5.523665428161621,
        "opt": 57
    },
    "25b.sql": {
        "speedup": 6.530646804922036,
        "speedupAbs": 9.434720516204834,
        "opt": 40
    },
    "21c.sql": {
        "speedup": 1.14640088333529,
        "speedupAbs": 9.543919563293457,
        "opt": 42
    },
    "17c.sql": {
        "speedup": 2.1831561020917767,
        "speedupAbs": 66.62398171424866,
        "opt": 59
    },
    "27b.sql": {
        "speedup": 24.52063732664295,
        "speedupAbs": 0.054737091064453125,
        "opt": 59
    },
    "17a.sql": {
        "speedup": 55.56676466199337,
        "speedupAbs": 2.9622082710266113,
        "opt": 59
    },
    "10b.sql": {
        "speedup": 7.394220877366297,
        "speedupAbs": 4.386189937591553,
        "opt": 47
    },
    "6d.sql": {
        "speedup": 2.3790970990098677,
        "speedupAbs": 80.46895217895508,
        "opt": 59
    },
    "17f.sql": {
        "speedup": 3.09771614649,
        "speedupAbs": 44.670387506484985,
        "opt": 40
    },
    "13b.sql": {
        "speedup": 1.9204037163222676,
        "speedupAbs": 23.897965669631958,
        "opt": 57
    },
    "24a.sql": {
        "speedup": 11.478209492059728,
        "speedupAbs": 7.688945770263672,
        "opt": 57
    },
    "20c.sql": {
        "speedup": 6.87204088171304,
        "speedupAbs": 15.990124702453613,
        "opt": 47
    },
    "28b.sql": {
        "speedup": 22.250656229987644,
        "speedupAbs": 1.4229254722595215,
        "opt": 59
    },
    "25c.sql": {
        "speedup": 60.43884492823503,
        "speedupAbs": 1.767383098602295,
        "opt": 59
    },
    "28c.sql": {
        "speedup": 1.0286963479219953,
        "speedupAbs": 291.6312482357025,
        "opt": 43
    },
    "23a.sql": {
        "speedup": 1.0384015590418993,
        "speedupAbs": 67.07104802131653,
        "opt": 43
    },
    "14a.sql": {
        "speedup": 1.042286644762761,
        "speedupAbs": 138.11465764045715,
        "opt": 43
    },
    "2c.sql": {
        "speedup": 1.0718051883713648,
        "speedupAbs": 13.341009378433228,
        "opt": 47
    },
    "11d.sql": {
        "speedup": 2.3596362942709987,
        "speedupAbs": 0.356212854385376,
        "opt": 59
    },
    "26a.sql": {
        "speedup": 6.308382922968722,
        "speedupAbs": 31.627193450927734,
        "opt": 62
    },
    "1c.sql": {
        "speedup": 1.0559419623511237,
        "speedupAbs": 2.751438856124878,
        "opt": 42
    },
    "7b.sql": {
        "speedup": 21.40032034790768,
        "speedupAbs": 1.8817589282989502,
        "opt": 59
    },
    "7a.sql": {
        "speedup": 4.4483233896492305,
        "speedupAbs": 11.384864807128906,
        "opt": 59
    },
    "30b.sql": {
        "speedup": 12.528316128356815,
        "speedupAbs": 5.72290825843811,
        "opt": 40
    },