{"12.sql": {"63": 1.0522217750549316, "62": 1.0546891689300537, "50": 1.0511474609375, "opt": 50}, "7.sql": {"63": 0.961240291595459, "34": 0.9686062335968018, "38": 0.9603362083435059, "opt": 38}, "3.sql": {"63": 1.0232946872711182, "62": 1.0252490043640137, "35": 1.0250959396362305, "51": 1.0244650840759277, "54": 1.026357650756836, "34": 1.0135881900787354, "opt": 34}, "19.sql": {"63": 0.14314508438110352, "31": 0.1399078369140625, "opt": 31}, "22.sql": {"63": 0.4990427494049072, "50": 0.4680197238922119, "opt": 50}, "14.sql": {"63": 0.7099142074584961, "50": 0.7199060916900635, "38": 0.7186143398284912, "39": 0.7232029438018799, "55": 0.7214362621307373, "59": 0.7220814228057861, "58": 0.7108030319213867, "47": 0.724489688873291, "46": 0.7139923572540283, "43": 0.7106451988220215, "42": 0.7192673683166504, "34": 0.7296509742736816, "62": 0.7096703052520752, "opt": 62}, "6.sql": {"63": 0.6626448631286621, "50": 0.6602933406829834, "opt": 50}, "17.sql": {"63": 0.07696032524108887, "31": 0.032891273498535156, "opt": 31}, "11.sql": {"63": 0.5311779975891113, "50": 0.2494678497314453, "opt": 50}, "21.sql": {"55": 4.464411973953247, "54": 4.514431476593018, "51": 5.1234917640686035, "50": 4.486353158950806, "39": 4.478327035903931, "38": 4.487602472305298, "37": 4.849279165267944, "36": 5.205719947814941, "35": 5.314811706542969, "34": 4.4985411167144775, "33": 4.479089736938477, "32": 5.166467905044556, "opt": 55}, "20.sql": {"63": 7.172529935836792, "31": 7.1630940437316895, "opt": 31}, "4.sql": {"63": 1.6249260902404785, "50": 1.6056265830993652, "opt": 50}, "9.sql": {"63": 3.378241777420044, "38": 2.3627257347106934, "opt": 38}, "15.sql": {"63": 1.7369587421417236, "50": 1.5474328994750977, "opt": 50}, "2.sql": {"63": 165.63699316978455, "50": 140.6008815765381, "opt": 50}, "8.sql": {"63": 0.6010222434997559, "62": 0.5952916145324707, "opt": 62}, "10.sql": {"63": 1.2503361701965332, "62": 1.2117362022399902, "opt": 62}, "1.sql": {"63": 4.273761034011841, "31": 4.266947507858276, "opt": 31}, "16.sql": {"63": 0.5891780853271484, "62": 0.5874032974243164, "opt": 62}, "13.sql": {"63": 1.0112342834472656, "62": 0.9337742328643799, "opt": 62}, "18.sql": {"63": 7.967210531234741, "36": 7.987051486968994, "37": 7.976569414138794, "50": 7.964836597442627, "opt": 50}, "5.sql": {"63": 0.962853193283081, "50": 0.9048500061035156, "opt": 50}, "runtime": 3361.1110615730286}