{
    "12.sql": {
        "speedup": 979.4358632933487,
        "speedupAbs": 0.0010743141174316406,
        "opt": 50
    },
    "7.sql": {
        "speedup": 1063.2209915611986,
        "speedupAbs": 0.000904083251953125,
        "opt": 38
    },
    "3.sql": {
        "speedup": 105.42368343485931,
        "speedupAbs": 0.009706497192382812,
        "opt": 34
    },
    "19.sql": {
        "speedup": 44.21814700250408,
        "speedupAbs": 0.0032372474670410156,
        "opt": 31
    },
    "22.sql": {
        "speedup": 16.08620504150015,
        "speedupAbs": 0.031023025512695312,
        "opt": 50
    },
    "14.sql": {
        "speedup": 2910.6510263930872,
        "speedupAbs": 0.00024390220642089844,
        "opt": 62
    },
    "6.sql": {
        "speedup": 281.79397749163195,
        "speedupAbs": 0.002351522445678711,
        "opt": 50
    },
    "17.sql": {
        "speedup": 1.7463576409740367,
        "speedupAbs": 0.04406905174255371,
        "opt": 31
    },
    "11.sql": {
        "speedup": 1.8855479705952547,
        "speedupAbs": 0.281710147857666,
        "opt": 50
    },
    "21.sql": {
        "speedup": 1.0151061738580187,
        "speedupAbs": 295.53558802604675,
        "opt": 55
    },
    "20.sql": {
        "speedup": 760.1326780706232,
        "speedupAbs": 0.009435892105102539,
        "opt": 31
    },
    "4.sql": {
        "speedup": 84.19521174087055,
        "speedupAbs": 0.01929950714111328,
        "opt": 50
    },
    "9.sql": {
        "speedup": 3.326625710813045,
        "speedupAbs": 1.0155160427093506,
        "opt": 38
    },
    "15.sql": {
        "speedup": 9.164759368446743,
        "speedupAbs": 0.18952584266662598,
        "opt": 50
    },
    "2.sql": {
        "speedup": 6.615923265594702,
        "speedupAbs": 25.03611159324646,
        "opt": 50
    },
    "8.sql": {
        "speedup": 104.87893160259596,
        "speedupAbs": 0.005730628967285156,
        "opt": 62
    },
    "10.sql": {
        "speedup": 32.39215565163683,
        "speedupAbs": 0.03859996795654297,
        "opt": 62
    },
    "1.sql": {
        "speedup": 627.2465882847152,
        "speedupAbs": 0.006813526153564453,
        "opt": 31
    },
    "16.sql": {
        "speedup": 331.970983342285,
        "speedupAbs": 0.0017747879028320312,
        "opt": 62
    },
    "13.sql": {
        "speedup": 13.054913801859694,
        "speedupAbs": 0.07746005058288574,
        "opt": 62
    },
    "18.sql": {
        "speedup": 3356.1216229785173,
        "speedupAbs": 0.002373933792114258,
        "opt": 50
    },
    "5.sql": {
        "speedup": 16.600004932527135,
        "speedupAbs": 0.05800318717956543,
        "opt": 50
    },
    "avrgTOT": {
        "speedup": 488.6898774888201,
        "speedupAbs": 322.370552778244,
        "speedupAvg": 14.653206944465637,
        "pg_def": 501.8648872375488,
        "runtime": 3361.1110615730286,
        "factor": 0.09591190141374616
    },
    "50": {
        "total_speedup": 4751.899116083033,
        "count": 9,
        "average_speedup": 527.9887906758926
    },
    "38": {
        "total_speedup": 1066.5476172720116,
        "count": 2,
        "average_speedup": 533.2738086360058
    },
    "34": {
        "total_speedup": 105.42368343485931,
        "count": 1,
        "average_speedup": 105.42368343485931
    },
    "31": {
        "total_speedup": 1433.3437709988166,
        "count": 4,
        "average_speedup": 358.33594274970415
    },
    "62": {
        "total_speedup": 3392.9480107914646,
        "count": 5,
        "average_speedup": 678.5896021582929
    },
    "55": {
        "total_speedup": 1.0151061738580187,
        "count": 1,
        "average_speedup": 1.0151061738580187
    }
}