{"10c.sql": {"speedup": 1.3884667793904077, "speedupAbs": 13.61831545829773, "opt": 57}, "22d.sql": {"speedup": 5.746498844694649, "speedupAbs": 87.66968178749084, "opt": 35}, "11a.sql": {"speedup": 3.422627266773183, "speedupAbs": 1.1076645851135254, "opt": 46}, "14b.sql": {"speedup": 2.6681071771049703, "speedupAbs": 9.051639318466187, "opt": 43}, "15c.sql": {"speedup": 1.3794434022642497, "speedupAbs": 7.1048853397369385, "opt": 62}, "11c.sql": {"speedup": 1.138067751564445, "speedupAbs": 0.06507539749145508, "opt": 62}, "31b.sql": {"speedup": 1.0949631343803163, "speedupAbs": 4.888308048248291, "opt": 46}, "7c.sql": {"speedup": 1.0278211227467886, "speedupAbs": 4.013721227645874, "opt": 62}, "24b.sql": {"speedup": 1.148041816528716, "speedupAbs": 9.66916012763977, "opt": 62}, "17b.sql": {"speedup": 4.139945906713832, "speedupAbs": 163.11787152290344, "opt": 51}, "22a.sql": {"speedup": 1.1213850815334618, "speedupAbs": 12.18213438987732, "opt": 62}, "13d.sql": {"speedup": 3.332065975014152, "speedupAbs": 66.66625046730042, "opt": 59}, "8c.sql": {"speedup": 1.0, "speedupAbs": 0.0, "opt": 63}, "16b.sql": {"speedup": 1.1316443157856413, "speedupAbs": 10.327911853790283, "opt": 55}, "17e.sql": {"speedup": 1.7318918285496765, "speedupAbs": 46.63245725631714, "opt": 35}, "16d.sql": {"speedup": 1.063490481196885, "speedupAbs": 5.2341883182525635, "opt": 56}, "9c.sql": {"speedup": 1.016341284850019, "speedupAbs": 1.602628231048584, "opt": 62}, "8d.sql": {"speedup": 1.0, "speedupAbs": 0.0, "opt": 63}, "2a.sql": {"speedup": 15.67012098417541, "speedupAbs": 15.018645763397217, "opt": 47}, "23b.sql": {"speedup": 12.66693105238264, "speedupAbs": 30.76352572441101, "opt": 43}, "2b.sql": {"speedup": 15.70974086173989, "speedupAbs": 14.613454103469849, "opt": 47}, "19c.sql": {"speedup": 1.1186615902719979, "speedupAbs": 10.211203336715698, "opt": 62}, "32a.sql": {"speedup": 5.588901278456137, "speedupAbs": 0.19819903373718262, "opt": 46}, "2d.sql": {"speedup": 56.557593777286634, "speedupAbs": 66.42912483215332, "opt": 47}, "15b.sql": {"speedup": 13.955395087599886, "speedupAbs": 38.300726652145386, "opt": 42}, "23c.sql": {"speedup": 4.645506744793915, "speedupAbs": 10.419565916061401, "opt": 42}, "9d.sql": {"speedup": 3.4613330927328945, "speedupAbs": 177.58614468574524, "opt": 35}, "11b.sql": {"speedup": 88.48287403422066, "speedupAbs": 39.34089183807373, "opt": 42}, "1a.sql": {"speedup": 9.38392458308517, "speedupAbs": 1.2887520790100098, "opt": 46}, "12c.sql": {"speedup": 8.741214346816749, "speedupAbs": 27.923112869262695, "opt": 46}, "33c.sql": {"speedup": 4.387494138682634, "speedupAbs": 1.5673818588256836, "opt": 42}, "5c.sql": {"speedup": 10.858858299772788, "speedupAbs": 30.427120685577393, "opt": 46}, "10a.sql": {"speedup": 1.0585795650630576, "speedupAbs": 4.273023366928101, "opt": 62}, "25a.sql": {"speedup": 1.087564769760122, "speedupAbs": 8.495953798294067, "opt": 62}, "30c.sql": {"speedup": 1.1148057372506615, "speedupAbs": 7.487536191940308, "opt": 62}, "19b.sql": {"speedup": 1.2062660956735056, "speedupAbs": 11.691047191619873, "opt": 61}, "8b.sql": {"speedup": 2.786265937069486, "speedupAbs": 40.24050521850586, "opt": 57}, "18a.sql": {"speedup": 1.0220610260410548, "speedupAbs": 2.904827356338501, "opt": 62}, "14c.sql": {"speedup": 25.594568279345093, "speedupAbs": 136.84714818000793, "opt": 58}, "27c.sql": {"speedup": 1.1004778933494688, "speedupAbs": 0.32342028617858887, "opt": 62}, "29c.sql": {"speedup": 1.1845385510737718, "speedupAbs": 13.973830223083496, "opt": 49}, "31c.sql": {"speedup": 1.3402974802959244, "speedupAbs": 30.6765878200531, "opt": 55}, "18c.sql": {"speedup": 1.3837500009512917, "speedupAbs": 50.373114824295044, "opt": 62}, "25b.sql": {"speedup": 1.0204123514331744, "speedupAbs": 1.4622089862823486, "opt": 62}, "21c.sql": {"speedup": 1.3141005575123694, "speedupAbs": 0.4552650451660156, "opt": 62}, "17c.sql": {"speedup": 3.7318445541365266, "speedupAbs": 125.7135899066925, "opt": 35}, "27b.sql": {"speedup": 3.41940879864358, "speedupAbs": 2.7362966537475586, "opt": 56}, "17a.sql": {"speedup": 1.9233341964631019, "speedupAbs": 48.20248246192932, "opt": 35}, "10b.sql": {"speedup": 1.0120419045505833, "speedupAbs": 0.4082012176513672, "opt": 57}, "6d.sql": {"speedup": 5.475895200886997, "speedupAbs": 209.31621170043945, "opt": 35}, "17f.sql": {"speedup": 2.1550954963342055, "speedupAbs": 61.88847851753235, "opt": 35}, "13b.sql": {"speedup": 11.408103019337606, "speedupAbs": 76.24967312812805, "opt": 55}, "24a.sql": {"speedup": 1.0763456060270533, "speedupAbs": 5.561903715133667, "opt": 61}, "20c.sql": {"speedup": 1.018645424201904, "speedupAbs": 1.997889518737793, "opt": 59}, "28b.sql": {"speedup": 7.92032025767287, "speedupAbs": 29.985453605651855, "opt": 62}, "25c.sql": {"speedup": 1.041149143031877, "speedupAbs": 3.9243876934051514, "opt": 59}, "28c.sql": {"speedup": 25.087599359939745, "speedupAbs": 288.0419008731842, "opt": 50}, "23a.sql": {"speedup": 26.073332225726542, "speedupAbs": 64.22638845443726, "opt": 47}, "14a.sql": {"speedup": 5.461033340860316, "speedupAbs": 48.26004719734192, "opt": 39}, "2c.sql": {"speedup": 22.817008096813627, "speedupAbs": 19.662643671035767, "opt": 34}, "11d.sql": {"speedup": 1.1517124906909328, "speedupAbs": 0.07183456420898438, "opt": 62}, "26a.sql": {"speedup": 1.070549469605263, "speedupAbs": 12.354697942733765, "opt": 62}, "1c.sql": {"speedup": 29.288263001882857, "speedupAbs": 4.241124391555786, "opt": 58}, "7b.sql": {"speedup": 1.0326090517683661, "speedupAbs": 1.2377595901489258, "opt": 62}, "7a.sql": {"speedup": 1.1669078020535193, "speedupAbs": 6.540609359741211, "opt": 62}, "30b.sql": {"speedup": 1.1221342245725439, "speedupAbs": 7.3755128383636475, "opt": 62}, "3a.sql": {"speedup": 9.685581502846917, "speedupAbs": 36.30523633956909, "opt": 42}, "6b.sql": {"speedup": 1.1544977793783004, "speedupAbs": 20.987946033477783, "opt": 62}, "1d.sql": {"speedup": 10.642752465683195, "speedupAbs": 1.3946423530578613, "opt": 47}, "17d.sql": {"speedup": 1.314547303556553, "speedupAbs": 30.37466025352478, "opt": 62}, "32b.sql": {"speedup": 9.244595616256484, "speedupAbs": 3.8375751972198486, "opt": 42}, "4c.sql": {"speedup": 20.68499752019776, "speedupAbs": 18.12162733078003, "opt": 46}, "29a.sql": {"speedup": 1.1724902056922202, "speedupAbs": 8.963451385498047, "opt": 62}, "15a.sql": {"speedup": 29.012481560669304, "speedupAbs": 74.57212281227112, "opt": 46}, "31a.sql": {"speedup": 1.0028115992836173, "speedupAbs": 0.43213939666748047, "opt": 62}, "20a.sql": {"speedup": 1.0942020728441808, "speedupAbs": 11.602732181549072, "opt": 62}, "26b.sql": {"speedup": 1.0027798357233821, "speedupAbs": 0.21273112297058105, "opt": 62}, "28a.sql": {"speedup": 13.430245816736818, "speedupAbs": 277.66235971450806, "opt": 55}, "33a.sql": {"speedup": 1.3779711566761503, "speedupAbs": 0.13778185844421387, "opt": 62}, "33b.sql": {"speedup": 1.2811308445228204, "speedupAbs": 0.13941597938537598, "opt": 62}, "16c.sql": {"speedup": 1.0176135888579125, "speedupAbs": 1.695331335067749, "opt": 56}, "19a.sql": {"speedup": 2.801440353190767, "speedupAbs": 91.6818311214447, "opt": 49}, "6e.sql": {"speedup": 2.1227246994591047, "speedupAbs": 32.61113166809082, "opt": 44}, "18b.sql": {"speedup": 1.0461329737931653, "speedupAbs": 2.518801212310791, "opt": 62}, "4b.sql": {"speedup": 10.279931060568352, "speedupAbs": 6.978411674499512, "opt": 58}, "22b.sql": {"speedup": 1.0292387067157942, "speedupAbs": 3.4065299034118652, "opt": 62}, "13c.sql": {"speedup": 1.2958679462858607, "speedupAbs": 9.802552461624146, "opt": 62}, "29b.sql": {"speedup": 1.005016102180148, "speedupAbs": 0.39215612411499023, "opt": 62}, "6c.sql": {"speedup": 1.2680114748201603, "speedupAbs": 10.080227136611938, "opt": 62}, "26c.sql": {"speedup": 1.1138325940548492, "speedupAbs": 25.24000096321106, "opt": 59}, "3b.sql": {"speedup": 12.003998793049094, "speedupAbs": 21.34580373764038, "opt": 42}, "27a.sql": {"speedup": 8.275741709495488,