{"10c.sql": {"speedup": 3.574222695616924, "speedupAbs": 13.61831545829773, "opt": 57}, "22d.sql": {"speedup": 1.2106816061100993, "speedupAbs": 87.66968178749084, "opt": 35}, "11a.sql": {"speedup": 1.4127750123657898, "speedupAbs": 1.1076645851135254, "opt": 46}, "14b.sql": {"speedup": 1.5994818640703399, "speedupAbs": 9.051639318466187, "opt": 43}, "15c.sql": {"speedup": 3.6354391564926614, "speedupAbs": 7.1048853397369385, "opt": 62}, "11c.sql": {"speedup": 8.242820924285388, "speedupAbs": 0.06507539749145508, "opt": 62}, "31b.sql": {"speedup": 11.530402208451916, "speedupAbs": 4.888308048248291, "opt": 46}, "7c.sql": {"speedup": 36.943912440249356, "speedupAbs": 4.013721227645874, "opt": 62}, "24b.sql": {"speedup": 7.754848214160002, "speedupAbs": 9.66916012763977, "opt": 62}, "17b.sql": {"speedup": 1.318476824031204, "speedupAbs": 163.11787152290344, "opt": 51}, "22a.sql": {"speedup": 9.238244662086688, "speedupAbs": 12.18213438987732, "opt": 62}, "13d.sql": {"speedup": 1.4288043351749222, "speedupAbs": 66.66625046730042, "opt": 59}, "8c.sql": {"speedup": 0, "speedupAbs": 0.0, "opt": 63}, "16b.sql": {"speedup": 8.596226195047546, "speedupAbs": 10.327911853790283, "opt": 55}, "17e.sql": {"speedup": 2.366322127112157, "speedupAbs": 46.63245725631714, "opt": 35}, "16d.sql": {"speedup": 16.750392517879714, "speedupAbs": 5.2341883182525635, "opt": 56}, "9c.sql": {"speedup": 62.194698530625935, "speedupAbs": 1.602628231048584, "opt": 62}, "8d.sql": {"speedup": 0, "speedupAbs": 0.0, "opt": 63}, "2a.sql": {"speedup": 1.0681657636687998, "speedupAbs": 15.018645763397217, "opt": 47}, "23b.sql": {"speedup": 1.085712343332635, "speedupAbs": 30.76352572441101, "opt": 43}, "2b.sql": {"speedup": 1.0679821629353787, "speedupAbs": 14.613454103469849, "opt": 47}, "19c.sql": {"speedup": 9.42732680143411, "speedupAbs": 10.211203336715698, "opt": 62}, "32a.sql": {"speedup": 1.2179170871892093, "speedupAbs": 0.19819903373718262, "opt": 46}, "2d.sql": {"speedup": 1.0179993396403864, "speedupAbs": 66.42912483215332, "opt": 47}, "15b.sql": {"speedup": 1.077187920031643, "speedupAbs": 38.300726652145386, "opt": 42}, "23c.sql": {"speedup": 1.2743102866091478, "speedupAbs": 10.419565916061401, "opt": 42}, "9d.sql": {"speedup": 1.4062838967031759, "speedupAbs": 177.58614468574524, "opt": 35}, "11b.sql": {"speedup": 1.011430808727304, "speedupAbs": 39.34089183807373, "opt": 42}, "1a.sql": {"speedup": 1.1192758820871946, "speedupAbs": 1.2887520790100098, "opt": 46}, "12c.sql": {"speedup": 1.1291786992581092, "speedupAbs": 27.923112869262695, "opt": 46}, "33c.sql": {"speedup": 1.2952034628136333, "speedupAbs": 1.5673818588256836, "opt": 42}, "5c.sql": {"speedup": 1.101431623175175, "speedupAbs": 30.427120685577393, "opt": 46}, "10a.sql": {"speedup": 18.070799329485602, "speedupAbs": 4.273023366928101, "opt": 62}, "25a.sql": {"speedup": 12.420117962274484, "speedupAbs": 8.495953798294067, "opt": 62}, "30c.sql": {"speedup": 9.710366084028077, "speedupAbs": 7.487536191940308, "opt": 62}, "19b.sql": {"speedup": 5.848106504051344, "speedupAbs": 11.691047191619873, "opt": 61}, "8b.sql": {"speedup": 1.559827055561828, "speedupAbs": 40.24050521850586, "opt": 57}, "18a.sql": {"speedup": 46.328807379087216, "speedupAbs": 2.904827356338501, "opt": 62}, "14c.sql": {"speedup": 1.0406593841632836, "speedupAbs": 136.84714818000793, "opt": 58}, "27c.sql": {"speedup": 10.952437960874972, "speedupAbs": 0.32342028617858887, "opt": 62}, "29c.sql": {"speedup": 6.418921922716499, "speedupAbs": 13.973830223083496, "opt": 49}, "31c.sql": {"speedup": 3.9386053611986642, "speedupAbs": 30.6765878200531, "opt": 55}, "18c.sql": {"speedup": 3.605863185722643, "speedupAbs": 50.373114824295044, "opt": 62}, "25b.sql": {"speedup": 49.98994627217669, "speedupAbs": 1.4622089862823486, "opt": 62}, "21c.sql": {"speedup": 4.183693807867946, "speedupAbs": 0.4552650451660156, "opt": 62}, "17c.sql": {"speedup": 1.366053038591018, "speedupAbs": 125.7135899066925, "opt": 35}, "27b.sql": {"speedup": 1.413324114784009, "speedupAbs": 2.7362966537475586, "opt": 56}, "17a.sql": {"speedup": 2.08303147855952, "speedupAbs": 48.20248246192932, "opt": 35}, "10b.sql": {"speedup": 84.04334217227728, "speedupAbs": 0.4082012176513672, "opt": 57}, "6d.sql": {"speedup": 1.223418993322683, "speedupAbs": 209.31621170043945, "opt": 35}, "17f.sql": {"speedup": 1.8657292866032162, "speedupAbs": 61.88847851753235, "opt": 35}, "13b.sql": {"speedup": 1.096078987510218, "speedupAbs": 76.24967312812805, "opt": 55}, "24a.sql": {"speedup": 14.098330762423254, "speedupAbs": 5.561903715133667, "opt": 61}, "20c.sql": {"speedup": 54.632461732775866, "speedupAbs": 1.997889518737793, "opt": 59}, "28b.sql": {"speedup": 1.1445019829669378, "speedupAbs": 29.985453605651855, "opt": 62}, "25c.sql": {"speedup": 25.301842670826197, "speedupAbs": 3.9243876934051514, "opt": 59}, "28c.sql": {"speedup": 1.0415151375218863, "speedupAbs": 288.0419008731842, "opt": 50}, "23a.sql": {"speedup": 1.039883011599629, "speedupAbs": 64.22638845443726, "opt": 47}, "14a.sql": {"speedup": 1.2241633100655438, "speedupAbs": 48.26004719734192, "opt": 39}, "2c.sql": {"speedup": 1.045835799095938, "speedupAbs": 19.662643671035767, "opt": 34}, "11d.sql": {"speedup": 7.591415086824914, "speedupAbs": 0.07183456420898438, "opt": 62}, "26a.sql": {"speedup": 15.174451000059657, "speedupAbs": 12.354697942733765, "opt": 62}, "1c.sql": {"speedup": 1.0353503500703962, "speedupAbs": 4.241124391555786, "opt": 58}, "7b.sql": {"speedup": 31.66633176282954, "speedupAbs": 1.2377595901489258, "opt": 62}, "7a.sql": {"speedup": 6.991331667523533, "speedupAbs": 6.540609359741211, "opt": 62}, "30b.sql": {"speedup": 9.187713177857303, "speedupAbs": 7.3755128383636475, "opt": 62}, "3a.sql": {"speedup": 1.1151333390484248, "speedupAbs": 36.30523633956909, "opt": 42}, "6b.sql": {"speedup": 7.472584939563553, "speedupAbs": 20.987946033477783, "opt": 62}, "1d.sql": {"speedup": 1.103704829462212, "speedupAbs": 1.3946423530578613, "opt": 47}, "17d.sql": {"speedup": 4.17917206313043, "speedupAbs": 30.37466025352478, "opt": 62}, "32b.sql": {"speedup": 1.1212915765120397, "speedupAbs": 3.8375751972198486, "opt": 42}, "4c.sql": {"speedup": 1.0508001079997065, "speedupAbs": 18.12162733078003, "opt": 46}, "29a.sql": {"speedup": 6.797430619245314, "speedupAbs": 8.963451385498047, "opt": 62}, "15a.sql": {"speedup": 1.0356983724499453, "speedupAbs": 74.57212281227112, "opt": 46}, "31a.sql": {"speedup": 356.6694603768004, "speedupAbs": 0.43213939666748047, "opt": 62}, "20a.sql": {"speedup": 11.615477662090257, "speedupAbs": 11.602732181549072, "opt": 62}, "26b.sql": {"speedup": 360.7334876980757, "speedupAbs": 0.21273112297058105, "opt": 62}, "28a.sql": {"speedup": 1.0804489319634807, "speedupAbs": 277.66235971450806, "opt": 55}, "33a.sql": {"speedup": 3.6457045262234407, "speedupAbs": 0.13778185844421387, "opt": 62}, "33b.sql": {"speedup": 4.557062554617079, "speedupAbs": 0.13941597938537598, "opt": 62}, "16c.sql": {"speedup": 57.77434667442976, "speedupAbs": 1.695331335067749, "opt": 56}, "19a.sql": {"speedup": 1.555111357547181, "speedupAbs": 91.6818311214447, "opt": 49}, "6e.sql": {"speedup": 1.8906903005534397, "speedupAbs": 32.61113166809082, "opt": 44}, "18b.sql": {"speedup": 22.676469513616137, "speedupAbs": 2.518801212310791, "opt": 62}, "4b.sql": {"speedup": 1.1077594212147903, "speedupAbs": 6.978411674499512, "opt": 58}, "22b.sql": {"speedup": 35.20123912183221, "speedupAbs": 3.4065299034118652, "opt": 62}, "13c.sql": {"speedup": 4.379886238280857, "speedupAbs": 9.802552461624146, "opt": 62}, "29b.sql": {"speedup": 200.35798037721, "speedupAbs": 0.39215612411499023, "opt": 62}, "6c.sql": {"speedup": 4.731183527388203, "speedupAbs": 10.080227136611938, "opt": 62}, "26c.sql": {"speedup": 9.784830112174708, "speedupAbs": 25.24000096321106, "opt": 59}, "3b.sql": {"speedup": 1.0908760550420697, "speedupAbs": 21.34580373764038, "opt": 42}, "27a.sql": {"speedup": 1.13744303191727, "speedupAbs": 7.55708122253418,