{"12.sql": {"63": 13.51054310798645, "62": 1.2651944160461426, "59": 1.073582649230957, "47": 1.0672729015350342, "42": 1.0809557437896729, "35": 1.075639009475708, "opt": 47}, "7.sql": {"63": 1.2976698875427246, "62": 0.9652760028839111, "opt": 62}, "3.sql": {"63": 1.030839204788208, "62": 1.0066266059875488, "opt": 62}, "19.sql": {"63": 2.433434247970581, "62": 0.1381692886352539, "59": 0.09983015060424805, "58": 0.0979464054107666, "47": 0.09422016143798828, "46": 0.09468865394592285, "43": 0.10844111442565918, "42": 0.10139727592468262, "31": 0.09816503524780273, "30": 0.09960556030273438, "27": 0.10789918899536133, "26": 0.09649944305419922, "14": 0.0945897102355957, "10": 0.09113740921020508, "opt": 10}, "22.sql": {"63": 0.5065250396728516, "62": 0.5090115070343018, "59": 0.5029523372650146, "opt": 59}, "14.sql": {"63": 0.7349774837493896, "62": 0.7134039402008057, "opt": 62}, "6.sql": {"63": 0.6765387058258057, "62": 0.6656661033630371, "opt": 62}, "17.sql": {"63": 0.5363001823425293, "62": 0.10297942161560059, "61": 0.03079366683959961, "45": 0.027260541915893555, "29": 0.027474641799926758, "13": 0.026807308197021484, "opt": 13}, "11.sql": {"63": 23.89835786819458, "62": 0.16930937767028809, "47": 0.1663682460784912, "46": 0.16349220275878906, "30": 0.16464924812316895, "opt": 46}, "21.sql": {"55": 4.480826377868652, "54": 4.515671014785767, "51": 4.99098539352417, "50": 5.054624319076538, "39": 5.3846352100372314, "38": 4.469139575958252, "37": 4.489014625549316, "36": 4.91901421546936, "35": 5.260585308074951, "34": 5.205806016921997, "33": 5.118952035903931, "32": 5.246634244918823, "opt": 38}, "20.sql": {"63": 34.493547201156616, "62": 7.266519784927368, "61": 7.161219358444214, "31": 7.112411022186279, "opt": 31}, "4.sql": {"63": 1.6274492740631104, "62": 1.637098789215088, "59": 1.6276044845581055, "58": 1.6238658428192139, "opt": 58}, "9.sql": {"63": 3.380028247833252, "62": 3.3866474628448486, "55": 2.3333029747009277, "54": 2.3629095554351807, "51": 2.3459746837615967, "50": 2.3618273735046387, "39": 2.3368282318115234, "38": 2.3429136276245117, "35": 2.337216377258301, "34": 2.3447132110595703, "opt": 55}, "15.sql": {"63": 1.8004250526428223, "62": 1.5688910484313965, "opt": 62}, "2.sql": {"63": 166.68668961524963, "62": 165.99559211730957, "opt": 62}, "8.sql": {"63": 0.6257691383361816, "62": 0.5947701930999756, "opt": 62}, "10.sql": {"63": 1.2295968532562256, "62": 1.2278614044189453, "opt": 62}, "1.sql": {"63": 4.304088115692139, "62": 4.307379961013794, "59": 4.309457302093506, "58": 4.286202907562256, "opt": 58}, "16.sql": {"63": 0.5937471389770508, "62": 0.5818619728088379, "opt": 62}, "13.sql": {"63": 0.9544274806976318, "62": 0.9339063167572021, "opt": 62}, "18.sql": {"63": 7.943713188171387, "62": 7.922948837280273, "opt": 62}, "5.sql": {"63": 0.9015088081359863, "62": 0.9095983505249023, "59": 0.9043920040130615, "58": 0.9119658470153809, "55": 0.9016034603118896, "54": 0.9139633178710938, "51": 0.9015955924987793, "50": 0.9134731292724609, "47": 0.8999996185302734, "opt": 47}, "runtime": 3883.3200681209564}