{"12.sql": {"speedup": 1.0857710942402978, "speedupAbs": 12.443270206451416, "opt": 47}, "7.sql": {"speedup": 3.904012520792075, "speedupAbs": 0.3323938846588135, "opt": 62}, "3.sql": {"speedup": 42.57449657820882, "speedupAbs": 0.02421259880065918, "opt": 62}, "19.sql": {"speedup": 1.0389094190377843, "speedupAbs": 2.342296838760376, "opt": 10}, "22.sql": {"speedup": 141.77644310977598, "speedupAbs": 0.003572702407836914, "opt": 59}, "14.sql": {"speedup": 34.06846362973276, "speedupAbs": 0.021573543548583984, "opt": 62}, "6.sql": {"speedup": 62.22417384821165, "speedupAbs": 0.010872602462768555, "opt": 62}, "17.sql": {"speedup": 1.0526156685547, "speedupAbs": 0.5094928741455078, "opt": 13}, "11.sql": {"speedup": 1.0068882716701817, "speedupAbs": 23.73486566543579, "opt": 46}, "21.sql": {"speedup": 1.0151224124937264, "speedupAbs": 295.53086042404175, "opt": 38}, "20.sql": {"speedup": 1.2597558762973782, "speedupAbs": 27.381136178970337, "opt": 31}, "4.sql": {"speedup": 454.15948103791357, "speedupAbs": 0.0035834312438964844, "opt": 58}, "9.sql": {"speedup": 3.2291455404707308, "speedupAbs": 1.0467252731323242, "opt": 55}, "15.sql": {"speedup": 7.776071850762623, "speedupAbs": 0.23153400421142578, "opt": 62}, "2.sql": {"speedup": 241.19127925088458, "speedupAbs": 0.6910974979400635, "opt": 62}, "8.sql": {"speedup": 20.18678808481839, "speedupAbs": 0.030998945236206055, "opt": 62}, "10.sql": {"speedup": 708.5180656683688, "speedupAbs": 0.0017354488372802734, "opt": 62}, "1.sql": {"speedup": 240.65071451423643, "speedupAbs": 0.017885208129882812, "opt": 58}, "16.sql": {"speedup": 49.95699097291886, "speedupAbs": 0.01188516616821289, "opt": 62}, "13.sql": {"speedup": 46.50942234408397, "speedupAbs": 0.020521163940429688, "opt": 62}, "18.sql": {"speedup": 382.5649657833063, "speedupAbs": 0.02076435089111328, "opt": 62}, "5.sql": {"speedup": 597.3462875197416, "speedupAbs": 0.0015091896057128906, "opt": 47}, "avrgTOT": {"speedup": 138.32253931802367, "speedupAbs": 364.4127871990204, "speedupAvg": 16.564217599955473, "pg_def": 569.1661758422852, "runtime": 3883.3200681209564, "factor": 0.09384052326527667}, "47": {"total_speedup": 598.4320586139819, "count": 2, "average_speedup": 299.21602930699095}, "62": {"total_speedup": 1599.4747305320889, "count": 11, "average_speedup": 145.40679368473536}, "10": {"total_speedup": 1.0389094190377843, "count": 1, "average_speedup": 1.0389094190377843}, "59": {"total_speedup": 141.77644310977598, "count": 1, "average_speedup": 141.77644310977598}, "13": {"total_speedup": 1.0526156685547, "count": 1, "average_speedup": 1.0526156685547}, "46": {"total_speedup": 1.0068882716701817, "count": 1, "average_speedup": 1.0068882716701817}, "38": {"total_speedup": 1.0151224124937264, "count": 1, "average_speedup": 1.0151224124937264}, "31": {"total_speedup": 1.2597558762973782, "count": 1, "average_speedup": 1.2597558762973782}, "58": {"total_speedup": 694.8101955521499, "count": 2, "average_speedup": 347.40509777607497}, "55": {"total_speedup": 3.2291455404707308, "count": 1, "average_speedup": 3.2291455404707308}}