{"12.sql": {"speedup": 12.658939516364132, "speedupAbs": 12.443270206451416, "opt": 47}, "7.sql": {"speedup": 1.3443511323867323, "speedupAbs": 0.3323938846588135, "opt": 62}, "3.sql": {"speedup": 1.0240532076706887, "speedupAbs": 0.02421259880065918, "opt": 62}, "19.sql": {"speedup": 26.7007178397836, "speedupAbs": 2.342296838760376, "opt": 10}, "22.sql": {"speedup": 1.0071034611893142, "speedupAbs": 0.003572702407836914, "opt": 59}, "14.sql": {"speedup": 1.030240292116289, "speedupAbs": 0.021573543548583984, "opt": 62}, "6.sql": {"speedup": 1.0163334176215955, "speedupAbs": 0.010872602462768555, "opt": 62}, "17.sql": {"speedup": 20.0057453885697, "speedupAbs": 0.5094928741455078, "opt": 13}, "11.sql": {"speedup": 146.1742973972491, "speedupAbs": 23.73486566543579, "opt": 46}, "21.sql": {"speedup": 67.12701514489518, "speedupAbs": 295.53086042404175, "opt": 38}, "20.sql": {"speedup": 4.849768537498507, "speedupAbs": 27.381136178970337, "opt": 31}, "4.sql": {"speedup": 1.0022067286283178, "speedupAbs": 0.0035834312438964844, "opt": 58}, "9.sql": {"speedup": 1.4486023823230623, "speedupAbs": 1.0467252731323242, "opt": 55}, "15.sql": {"speedup": 1.1475781281580497, "speedupAbs": 0.23153400421142578, "opt": 62}, "2.sql": {"speedup": 1.0041633484909145, "speedupAbs": 0.6910974979400635, "opt": 62}, "8.sql": {"speedup": 1.0521191976259567, "speedupAbs": 0.030998945236206055, "opt": 62}, "10.sql": {"speedup": 1.0014133914715737, "speedupAbs": 0.0017354488372802734, "opt": 62}, "1.sql": {"speedup": 1.004172739488914, "speedupAbs": 0.017885208129882812, "opt": 58}, "16.sql": {"speedup": 1.0204260919661743, "speedupAbs": 0.01188516616821289, "opt": 62}, "13.sql": {"speedup": 1.0219734716129614, "speedupAbs": 0.020521163940429688, "opt": 62}, "18.sql": {"speedup": 1.0026207856844171, "speedupAbs": 0.02076435089111328, "opt": 62}, "5.sql": {"speedup": 1.0016768780504346, "speedupAbs": 0.0015091896057128906, "opt": 47}, "avrgTOT": {"speedup": 13.392978112674804, "speedupAbs": 364.4127871990204, "speedupAvg": 16.564217599955473, "pg_def": 569.1661758422852, "runtime": 3883.3200681209564, "factor": 0.09384052326527667}, "47": {"total_speedup": 13.660616394414566, "count": 2, "average_speedup": 6.830308197207283}, "62": {"total_speedup": 11.665272464805351, "count": 11, "average_speedup": 1.0604793149823046}, "10": {"total_speedup": 26.7007178397836, "count": 1, "average_speedup": 26.7007178397836}, "59": {"total_speedup": 1.0071034611893142, "count": 1, "average_speedup": 1.0071034611893142}, "13": {"total_speedup": 20.0057453885697, "count": 1, "average_speedup": 20.0057453885697}, "46": {"total_speedup": 146.1742973972491, "count": 1, "average_speedup": 146.1742973972491}, "38": {"total_speedup": 67.12701514489518, "count": 1, "average_speedup": 67.12701514489518}, "31": {"total_speedup": 4.849768537498507, "count": 1, "average_speedup": 4.849768537498507}, "58": {"total_speedup": 2.006379468117232, "count": 2, "average_speedup": 1.003189734058616}, "55": {"total_speedup": 1.4486023823230623, "count": 1, "average_speedup": 1.4486023823230623}}