{"26b.sql": {"speedup": 1.1837401127785376, "speedupAbs": 0.5527653694152832, "opt": 47}, "10a.sql": {"speedup": 1.050182484745903, "speedupAbs": 0.10938048362731934, "opt": 30}, "26c.sql": {"speedup": 1.4801339703645595, "speedupAbs": 2.350801467895508, "opt": 55}, "10b.sql": {"speedup": 1.0073601584107468, "speedupAbs": 0.015441179275512695, "opt": 62}, "27a.sql": {"speedup": 2.7628678859917017, "speedupAbs": 1.264333963394165, "opt": 61}, "10c.sql": {"speedup": 1.5842052018069999, "speedupAbs": 1.3547759056091309, "opt": 15}, "27b.sql": {"speedup": 1.01317126866, "speedupAbs": 0.008564233779907227, "opt": 57}, "11a.sql": {"speedup": 1.0, "speedupAbs": 0.0, "opt": 63}, "28a.sql": {"speedup": 34.71566899110552, "speedupAbs": 265.44213247299194, "opt": 55}, "11b.sql": {"speedup": 7.5219927876224135, "speedupAbs": 15.599709272384644, "opt": 61}, "27c.sql": {"speedup": 1.1077866227213926, "speedupAbs": 0.18494653701782227, "opt": 62}, "11c.sql": {"speedup": 1.0, "speedupAbs": 0.0, "opt": 63}, "28b.sql": {"speedup": 1.1082390705170415, "speedupAbs": 0.2437727451324463, "opt": 62}, "11d.sql": {"speedup": 1.062684079166705, "speedupAbs": 0.01622748374938965, "opt": 62}, "28c.sql": {"speedup": 35.4121042823768, "speedupAbs": 126.34178352355957, "opt": 59}, "12a.sql": {"speedup": 1.1384456213563294, "speedupAbs": 0.19046545028686523, "opt": 58}, "31a.sql": {"speedup": 1.0032915318774691, "speedupAbs": 0.014768600463867188, "opt": 62}, "12b.sql": {"speedup": 1.147335141773151, "speedupAbs": 0.15729689598083496, "opt": 62}, "31b.sql": {"speedup": 1.0067822397756663, "speedupAbs": 0.02889108657836914, "opt": 46}, "12c.sql": {"speedup": 1.0931296093880256, "speedupAbs": 0.17871999740600586, "opt": 46}, "31c.sql": {"speedup": 1.0425188801090859, "speedupAbs": 0.22988510131835938, "opt": 62}, "13a.sql": {"speedup": 3.3724062025078556, "speedupAbs": 5.757310152053833, "opt": 55}, "32a.sql": {"speedup": 1.072306786006119, "speedupAbs": 0.0018143653869628906, "opt": 62}, "13b.sql": {"speedup": 1.6072406715191523, "speedupAbs": 1.4646360874176025, "opt": 55}, "32b.sql": {"speedup": 1.0, "speedupAbs": 0.0, "opt": 63}, "13c.sql": {"speedup": 1.8085277228780363, "speedupAbs": 1.719841480255127, "opt": 55}, "33a.sql": {"speedup": 1.0386782094106497, "speedupAbs": 0.007978439331054688, "opt": 62}, "13d.sql": {"speedup": 2.200297016998404, "speedupAbs": 4.31547474861145, "opt": 55}, "33b.sql": {"speedup": 1.2063883361800285, "speedupAbs": 0.06147909164428711, "opt": 62}, "14a.sql": {"speedup": 1.2292484847574652, "speedupAbs": 0.7861065864562988, "opt": 59}, "33c.sql": {"speedup": 1.1269237965948213, "speedupAbs": 0.03929901123046875, "opt": 46}, "14b.sql": {"speedup": 1.1104793089541167, "speedupAbs": 0.3251833915710449, "opt": 62}, "3a.sql": {"speedup": 1.049220991967079, "speedupAbs": 0.1168973445892334, "opt": 42}, "14c.sql": {"speedup": 1.3897494542700708, "speedupAbs": 1.3406507968902588, "opt": 59}, "3b.sql": {"speedup": 1.1298203870817978, "speedupAbs": 0.14613580703735352, "opt": 62}, "15a.sql": {"speedup": 1.1256583944649923, "speedupAbs": 0.20631885528564453, "opt": 58}, "3c.sql": {"speedup": 1.1560475122411522, "speedupAbs": 0.258880615234375, "opt": 46}, "15b.sql": {"speedup": 1.0361392633733357, "speedupAbs": 0.05136871337890625, "opt": 46}, "4a.sql": {"speedup": 1.0527815231089583, "speedupAbs": 0.03429007530212402, "opt": 58}, "15c.sql": {"speedup": 1.3428416362736195, "speedupAbs": 0.7601211071014404, "opt": 55}, "4b.sql": {"speedup": 1.0790423436071057, "speedupAbs": 0.0372772216796875, "opt": 62}, "15d.sql": {"speedup": 1.1095975231428419, "speedupAbs": 0.21020054817199707, "opt": 62}, "4c.sql": {"speedup": 1.0, "speedupAbs": 0.0, "opt": 63}, "16a.sql": {"speedup": 1.0844136372120996, "speedupAbs": 0.21617794036865234, "opt": 58}, "5a.sql": {"speedup": 1.1027951977650574, "speedupAbs": 0.05967235565185547, "opt": 62}, "16b.sql": {"speedup": 1.1349037310039745, "speedupAbs": 0.9486911296844482, "opt": 55}, "5b.sql": {"speedup": 1.2155544394580087, "speedupAbs": 0.057097434997558594, "opt": 62}, "16c.sql": {"speedup": 1.0155338914574366, "speedupAbs": 0.05381941795349121, "opt": 46}, "5c.sql": {"speedup": 1.101929747941941, "speedupAbs": 0.1628732681274414, "opt": 62}, "16d.sql": {"speedup": 1.0, "speedupAbs": 0.0, "opt": 63}, "6a.sql": {"speedup": 1.096717656972949, "speedupAbs": 0.23116731643676758, "opt": 62}, "17a.sql": {"speedup": 1.3246426936204017, "speedupAbs": 1.4646327495574951, "opt": 55}, "6b.sql": {"speedup": 1.1364236336963893, "speedupAbs": 0.41363978385925293, "opt": 55}, "17b.sql": {"speedup": 1.0317471153655193, "speedupAbs": 0.1341567039489746, "opt": 34}, "6c.sql": {"speedup": 1.0970343699220888, "speedupAbs": 0.2313861846923828, "opt": 42}, "17c.sql": {"speedup": 1.14637275083902, "speedupAbs": 0.5706765651702881, "opt": 55}, "6d.sql": {"speedup": 1.496153921831554, "speedupAbs": 1.5270347595214844, "opt": 55}, "17d.sql": {"speedup": 1.1156633929915667, "speedupAbs": 0.4700005054473877, "opt": 51}, "6e.sql": {"speedup": 1.0642337427907695, "speedupAbs": 0.15434050559997559, "opt": 62}, "17e.sql": {"speedup": 1.039649468635711, "speedupAbs": 0.23019766807556152, "opt": 46}, "6f.sql": {"speedup": 1.0462535353416387, "speedupAbs": 0.21254348754882812, "opt": 46}, "17f.sql": {"speedup": 1.2767968520201858, "speedupAbs": 1.3010616302490234, "opt": 55}, "7a.sql": {"speedup": 1.1132136643982937, "speedupAbs": 0.28148388862609863, "opt": 46}, "18a.sql": {"speedup": 1.006773700116031, "speedupAbs": 0.023551464080810547, "opt": 62}, "7b.sql": {"speedup": 1.0604948658248743, "speedupAbs": 0.14595937728881836, "opt": 62}, "18b.sql": {"speedup": 1.0608038875005494, "speedupAbs": 0.22793889045715332, "opt": 46}, "7c.sql": {"speedup": 1.1555634548958504, "speedupAbs": 0.6352124214172363, "opt": 55}, "18c.sql": {"speedup": 1.0184035304715005, "speedupAbs": 0.08467388153076172, "opt": 46}, "8a.sql": {"speedup": 1.1069101468037401, "speedupAbs": 0.1737382411956787, "opt": 46}, "19a.sql": {"speedup": 1.069474584334858, "speedupAbs": 0.2663438320159912, "opt": 58}, "8b.sql": {"speedup": 1.1113530217267646, "speedupAbs": 0.18505549430847168, "opt": 46}, "19b.sql": {"speedup": 1.0, "speedupAbs": 0.0, "opt": 63}, "8c.sql": {"speedup": 1.0, "speedupAbs": 0.0, "opt": 63}, "19c.sql": {"speedup": 1.0808564630382604, "speedupAbs": 0.3048872947692871, "opt": 62}, "8d.sql": {"speedup": 1.0367582436533755, "speedupAbs": 0.13110923767089844, "opt": 62}, "19d.sql": {"speedup": 1.0, "speedupAbs": 0.0, "opt": 63}, "9a.sql": {"speedup": 1.0692064173943685, "speedupAbs": 0.1786806583404541, "opt": 30}, "1a.sql": {"speedup": 1.3133509331608744, "speedupAbs": 0.030959129333496094, "opt": 62}, "9b.sql": {"speedup": 1.0881813607149775, "speedupAbs": 0.167494535446167, "opt": 14}, "1b.sql": {"speedup": 1.2910830684848997, "speedupAbs": 0.030417919158935547, "opt": 62}, "9c.sql": {"speedup": 1.025809472935835, "speedupAbs": 0.07240056991577148, "opt": 30}, "1c.sql": {"speedup": 1.1803070670777174, "speedupAbs": 0.01971721649169922, "opt": 62}, "9d.sql": {"speedup": 1.1170539793376282, "speedupAbs": 0.626044511795044, "opt": 54}, "1d.sql": {"speedup": 1.2797532071564173, "speedupAbs": 0.023188352584838867, "opt": 62}, "20a.sql": {"speedup": 1.089527803154139, "speedupAbs": 0.3012218475341797, "opt": 38}, "20b.sql": {"speedup": 1.1235623860750765, "speedupAbs": 0.3902571201324463, "opt": 54}, "20c.sql": {"speedup": 1.0047059516776382, "speedupAbs": 0.015460968017578125, "opt": 46}, "21a.sql": {"speedup": 1.5239857137083865, "speedupAbs": 0.992302417755127, "opt": 55}, "21b.sql": {"speedup": 1.1374655038474524, "speedupAbs": 0.20803332328796387, "opt": 62}, "21c.sql": {"speedup": 1.0912534843812876, "speedupAbs": 0.07115054130554199, "opt": 62}, "22a.sql": {"speedup": 1.1349760057372071, "speedupAbs": 0.3654465675354004, "opt": 59}, "22b.sql": {"speedup": 1.0274106228939877, "speedupAbs": 0.06560182571411133, "opt": 58}, "22c.sql": {"speedup": 1.595287161256616,