{
    "26b.sql": {
        "63": 3.561174154281616,
        "62": 3.322549819946289,
        "47": 3.008408784866333,
        "opt": 47
    },
    "10a.sql": {
        "63": 2.2890350818634033,
        "62": 2.2796435356140137,
        "30": 2.179654598236084,
        "opt": 30
    },
    "26c.sql": {
        "63": 7.246937990188599,
        "55": 4.896136522293091,
        "opt": 55
    },
    "10b.sql": {
        "63": 2.113382339477539,
        "62": 2.0979411602020264,
        "58": 2.0982513427734375,
        "opt": 62
    },
    "27a.sql": {
        "63": 1.981536865234375,
        "62": 1.844599962234497,
        "61": 0.71720290184021,
        "opt": 61
    },
    "10c.sql": {
        "63": 3.6737828254699707,
        "62": 3.557927131652832,
        "46": 3.5659339427948,
        "15": 2.31900691986084,
        "opt": 15
    },
    "27b.sql": {
        "63": 0.6587851047515869,
        "62": 0.653846025466919,
        "57": 0.6502208709716797,
        "opt": 57
    },
    "11a.sql": {
        "63": 0.3164079189300537,
        "46": 0.317706823348999,
        "42": 0.3198373317718506,
        "opt": 63
    },
    "28a.sql": {
        "63": 273.3150930404663,
        "62": 272.18451476097107,
        "55": 7.872960567474365,
        "opt": 55
    },
    "11b.sql": {
        "63": 17.99157166481018,
        "62": 16.687294721603394,
        "61": 2.391862392425537,
        "opt": 61
    },
    "27c.sql": {
        "63": 1.9008045196533203,
        "62": 1.715857982635498,
        "opt": 62
    },
    "11c.sql": {
        "63": 0.2665884494781494,
        "62": 0.2666959762573242,
        "opt": 63
    },
    "28b.sql": {
        "63": 2.4959423542022705,
        "62": 2.252169609069824,
        "opt": 62
    },
    "11d.sql": {
        "63": 0.2751047611236572,
        "62": 0.2588772773742676,
        "opt": 62
    },
    "28c.sql": {
        "63": 130.0132179260254,
        "62": 129.6425817012787,
        "59": 3.6714344024658203,
        "opt": 59
    },
    "12a.sql": {
        "63": 1.5662074089050293,
        "62": 1.4777262210845947,
        "58": 1.375741958618164,
        "opt": 58
    },
    "31a.sql": {
        "63": 4.501615762710571,
        "62": 4.486847162246704,
        "opt": 62
    },
    "12b.sql": {
        "63": 1.224909782409668,
        "62": 1.067612886428833,
        "opt": 62
    },
    "31b.sql": {
        "63": 4.288706064224243,
        "62": 4.290711164474487,
        "46": 4.259814977645874,
        "opt": 46
    },
    "12c.sql": {
        "63": 2.0977659225463867,
        "62": 1.9579722881317139,
        "46": 1.9190459251403809,
        "opt": 46
    },
    "31c.sql": {
        "63": 5.636544466018677,
        "62": 5.406659364700317,
        "opt": 62
    },
    "13a.sql": {
        "63": 8.184091091156006,
        "62": 8.00266408920288,
        "55": 2.426780939102173,
        "opt": 55
    },
    "32a.sql": {
        "63": 0.026906967163085938,
        "62": 0.025092601776123047,
        "opt": 62
    },
    "13b.sql": {
        "63": 3.876589298248291,
        "62": 3.7038028240203857,
        "55": 2.4119532108306885,
        "opt": 55
    },
    "32b.sql": {
        "63": 0.25281739234924316,
        "opt": 63
    },
    "13c.sql": {
        "63": 3.84696888923645,
        "62": 3.638740062713623,
        "55": 2.1271274089813232,
        "opt": 55
    },
    "33a.sql": {
        "63": 0.21425580978393555,
        "62": 0.20627737045288086,
        "opt": 62
    },
    "13d.sql": {
        "63": 7.910813808441162,
        "62": 7.81438136100769,
        "55": 3.595339059829712,
        "opt": 55
    },
    "33b.sql": {
        "63": 0.3593597412109375,
        "62": 0.2978806495666504,
        "opt": 62
    },
    "14a.sql": {
        "63": 4.215165615081787,
        "62": 4.023598670959473,
        "59": 3.4290590286254883,
        "opt": 59
    },
    "33c.sql": {
        "63": 0.3489258289337158,
        "46": 0.30962681770324707,
        "opt": 46
    },
    "14b.sql": {
        "63": 3.2685706615448,
        "62": 2.943387269973755,
        "opt": 62
    },
    "3a.sql": {
        "63": 2.4918463230133057,
        "62": 2.443121910095215,
        "46": 2.38403058052063,
        "42": 2.3749489784240723,
        "opt": 42
    },
    "14c.sql": {
        "63": 4.780426740646362,
        "62": 4.574946641921997,
        "59": 3.4397759437561035,
        "opt": 59
    },
    "3b.sql": {
        "63": 1.2718126773834229,
        "62": 1.1256768703460693,
        "opt": 62
    },
    "15a.sql": {
        "63": 1.8482215404510498,
        "62": 1.722856044769287,
        "58": 1.6419026851654053,
        "opt": 58
    },
    "3c.sql": {
        "63": 1.9178664684295654,
        "58": 1.82275390625,
        "46": 1.6589858531951904,
        "opt": 46
    },
    "15b.sql": {
        "63": 1.4727787971496582,
        "62": 1.4646129608154297,
        "46": 1.421410083770752,
        "opt": 46
    },
    "4a.sql": {
        "63": 0.683950662612915,
        "58": 0.649660587310791,
        "opt": 58
    },
    "15c.sql": {
        "63": 2.977241277694702,
        "62": 2.9217734336853027,
        "59": 2.752521514892578,
        "58": 2.70888090133667,
        "55": 2.2171201705932617,
        "opt": 55
    },
    "4b.sql": {
        "63": 0.5088880062103271,
        "62": 0.47161078453063965,
        "opt": 62
    },
    "15d.sql": {
        "63": 2.1281321048736572,
        "62": 1.9179315567016602,
        "opt": 62
    },
    "4c.sql": {
        "63": 0.5804336071014404,
        "opt": 63
    },
    "16a.sql": {
        "63": 2.777114152908325,
        "62": 2.5704917907714844,
        "58": 2.560936212539673,
        "opt": 58
    },
    "5a.sql": {
        "63": 0.6401698589324951,
        "62": 0.5804975032806396,
        "opt": 62
    },
    "16b.sql": {
        "63": 7.981047630310059,
        "55": 7.03235650062561,
        "opt": 55
    },
    "5b.sql": {
        "63": 0.32198381423950195,
        "62": 0.26488637924194336,
        "opt": 62
    },
    "16c.sql": {
        "63": 3.5184643268585205,
        "46": 3.4646449089050293,
        "opt": 46
    },
    "5c.sql": {
        "63": 1.760770559310913,
        "62": 1.5978972911834717,
        "opt": 62
    },
    "16d.sql": {
        "63": 3.498286247253418,
        "opt": 63
    },
    "6a.sql": {
        "63": 2.6212925910949707,
        "62": 2.390125274658203,
        "opt": 62
    },
    "17a.sql": {
        "63": 5.976155042648315,
        "62": 5.801530838012695,
        "55": 4.51152229309082,
        "opt": 55
    },
    "6b.sql": {
        "63": 3.445664167404175,
        "55": 3.032024383544922,
        "opt": 55
    },
    "17b.sql": {
        "63": 4.359948635101318,
        "34": 4.225791931152344,
        "opt": 34
    },
    "6c.sql": {
        "63": 2.6159658432006836,
        "62": 2.4039289951324463,
        "58": 2.4031319618225098,
        "46": 2.3888328075408936,
        "42": 2.384579658508301,
        "opt": 42
    },
    "17c.sql": {
        "63": 4.469466209411621,
        "62": 4.336008071899414,
        "55": 3.898789644241333,
        "opt": 55
    },
    "6d.sql": {
        "63": 4.60477876663208,
        "62": 4.522392749786377,
        "55": 3.0777440071105957,
        "opt": 55
    },
    "17d.sql": {
        "63": 4.533520460128784,
        "62": 4.361914396286011,
        "54": 4.199132680892944,
        "51": 4.0635199546813965,
        "opt": 51
    },
    "6e.sql": {
        "63": 2.5571353435516357,
        "62": 2.40279483795166,
        "42": 2.404869318008423,
        "opt": 62
    },
    "17e.sql": {
        "63": 6.036017417907715,
        "62": 5.893999099731445,
        "54": 5.841418504714966,
        "46": 5.805819749832153,
        "38": 5.955271244049072,
        "opt": 46
    },
    "6f.sql": {
        "63": 4.807727098464966,
        "62": 4.598851919174194,
        "46": 4.595183610916138,
        "opt": 46
    },
    "17f.sql": {
        "63": 6.001482248306274,