{"1.sql": {"63": 2.3437106609344482, "62": 2.240732431411743, "58": 2.232038974761963, "54": 2.2224318981170654, "50": 2.2283143997192383, "18": 2.2248973846435547, "10": 2.2228593826293945, "6": 2.2255265712738037, "opt": 54}, "10.sql": {"63": 0.9309718608856201, "62": 0.782926082611084, "opt": 62}, "11.sql": {"63": 0.16650676727294922, "62": 0.12770724296569824, "opt": 62}, "12.sql": {"63": 0.7086367607116699, "62": 0.634080171585083, "opt": 62}, "13.sql": {"63": 0.5426464080810547, "62": 0.5626590251922607, "54": 0.5571818351745605, "46": 0.5537645816802979, "opt": 63}, "14.sql": {"63": 0.4927246570587158, "62": 0.4653029441833496, "59": 0.4574277400970459, "54": 0.4569511413574219, "51": 0.4540090560913086, "50": 0.4524662494659424, "46": 0.44821786880493164, "42": 0.4421877861022949, "opt": 42}, "15.sql": {"63": 0.946453332901001, "62": 0.9076745510101318, "59": 0.9121847152709961, "58": 0.8998734951019287, "46": 0.8792808055877686, "43": 0.9040682315826416, "38": 0.8886251449584961, "35": 0.894110918045044, "10": 0.864187479019165, "opt": 10}, "16.sql": {"63": 0.4064066410064697, "62": 0.40201783180236816, "58": 0.36765003204345703, "opt": 58}, "17.sql": {"63": 0.03145194053649902, "61": 0.019222259521484375, "opt": 61}, "18.sql": {"63": 4.920222282409668, "61": 4.8161396980285645, "60": 4.682701826095581, "48": 4.697640895843506, "45": 4.523726224899292, "41": 4.49960994720459, "32": 4.513652563095093, "opt": 41}, "19.sql": {"63": 0.11720013618469238, "62": 0.05576443672180176, "opt": 62}, "2.sql": {"63": 82.48024821281433, "62": 81.33171844482422, "61": 78.77553749084473, "55": 57.320332288742065, "opt": 55}, "20.sql": {"63": 4.868541955947876, "29": 4.845763921737671, "12": 4.840746641159058, "opt": 12}, "21.sql": {"55": 2.730351448059082, "opt": 55}, "22.sql": {"63": 0.3624589443206787, "62": 0.30484700202941895, "opt": 62}, "3.sql": {"63": 0.7216224670410156, "62": 0.6647043228149414, "42": 0.6435160636901855, "opt": 42}, "4.sql": {"63": 0.8944485187530518, "62": 0.9324240684509277, "59": 0.9115214347839355, "55": 0.8958966732025146, "51": 0.9144234657287598, "47": 0.8806660175323486, "43": 0.882573127746582, "35": 0.9063868522644043, "opt": 47}, "5.sql": {"63": 0.6342992782592773, "62": 0.5929021835327148, "59": 0.5401947498321533, "opt": 59}, "6.sql": {"63": 0.4320051670074463, "62": 0.4277923107147217, "opt": 62}, "7.sql": {"63": 0.7371923923492432, "62": 0.6706545352935791, "59": 0.6089115142822266, "opt": 59}, "8.sql": {"63": 0.3078620433807373, "62": 0.30506443977355957, "opt": 62}, "9.sql": {"63": 1.6003286838531494, "62": 1.4802002906799316, "55": 1.3339619636535645, "opt": 55}, "runtime": 4117.938649177551}