{"1.sql": {"speedup": 1.054570294333939, "speedupAbs": 0.12127876281738281, "opt": 54}, "10.sql": {"speedup": 1.1890929189391655, "speedupAbs": 0.14804577827453613, "opt": 62}, "11.sql": {"speedup": 1.3038161611371752, "speedupAbs": 0.03879952430725098, "opt": 62}, "12.sql": {"speedup": 1.1175822750303155, "speedupAbs": 0.07455658912658691, "opt": 62}, "13.sql": {"speedup": 1.0, "speedupAbs": 0.0, "opt": 63}, "14.sql": {"speedup": 1.1142882561318186, "speedupAbs": 0.0505368709564209, "opt": 42}, "15.sql": {"speedup": 1.0951944524528474, "speedupAbs": 0.08226585388183594, "opt": 10}, "16.sql": {"speedup": 1.1054171238544366, "speedupAbs": 0.038756608963012695, "opt": 58}, "17.sql": {"speedup": 1.6362249454256796, "speedupAbs": 0.012229681015014648, "opt": 61}, "18.sql": {"speedup": 1.0934775103042844, "speedupAbs": 0.4206123352050781, "opt": 41}, "19.sql": {"speedup": 2.101700350160116, "speedupAbs": 0.061435699462890625, "opt": 62}, "2.sql": {"speedup": 1.4389352768810408, "speedupAbs": 25.159915924072266, "opt": 55}, "20.sql": {"speedup": 1.0057419478541771, "speedupAbs": 0.02779531478881836, "opt": 12}, "21.sql": {"speedup": 109.8759649470255, "speedupAbs": 297.2696485519409, "opt": 55}, "22.sql": {"speedup": 1.1889864158339336, "speedupAbs": 0.057611942291259766, "opt": 62}, "3.sql": {"speedup": 1.121374442314518, "speedupAbs": 0.07810640335083008, "opt": 42}, "4.sql": {"speedup": 1.0156500886219297, "speedupAbs": 0.013782501220703125, "opt": 47}, "5.sql": {"speedup": 1.17420481864432, "speedupAbs": 0.09410452842712402, "opt": 59}, "6.sql": {"speedup": 1.0098479009257695, "speedupAbs": 0.004212856292724609, "opt": 62}, "7.sql": {"speedup": 1.2106724459271092, "speedupAbs": 0.1282808780670166, "opt": 59}, "8.sql": {"speedup": 1.0091705333117629, "speedupAbs": 0.0027976036071777344, "opt": 62}, "9.sql": {"speedup": 1.1996808960504675, "speedupAbs": 0.26636672019958496, "opt": 55}, "avrgTOT": {"speedup": 6.139163363689104, "speedupAbs": 324.15114092826843, "speedupAvg": 14.734142769466747, "pg_def": 404.6459391117096, "runtime": 4117.938649177551, "factor": 0.07871684562202232}, "54": {"total_speedup": 1.054570294333939, "count": 1, "average_speedup": 1.054570294333939}, "62": {"total_speedup": 8.920196555338237, "count": 7, "average_speedup": 1.2743137936197482}, "63": {"total_speedup": 1.0, "count": 1, "average_speedup": 1.0}, "42": {"total_speedup": 2.235662698446337, "count": 2, "average_speedup": 1.1178313492231684}, "10": {"total_speedup": 1.0951944524528474, "count": 1, "average_speedup": 1.0951944524528474}, "58": {"total_speedup": 1.1054171238544366, "count": 1, "average_speedup": 1.1054171238544366}, "61": {"total_speedup": 1.6362249454256796, "count": 1, "average_speedup": 1.6362249454256796}, "41": {"total_speedup": 1.0934775103042844, "count": 1, "average_speedup": 1.0934775103042844}, "55": {"total_speedup": 112.514581119957, "count": 3, "average_speedup": 37.504860373319}, "12": {"total_speedup": 1.0057419478541771, "count": 1, "average_speedup": 1.0057419478541771}, "47": {"total_speedup": 1.0156500886219297, "count": 1, "average_speedup": 1.0156500886219297}, "59": {"total_speedup": 2.384877264571429, "count": 2, "average_speedup": 1.1924386322857146}}