{
  "13b.sql_ON": { "speedup": 0.94012478565437, "opt": 4096 },
  "3c.sql_ON": { "speedup": 1.0366677653438015, "opt": 8192 },
  "29c.sql_ON": { "speedup": 1.3960122919322253, "opt": 8192 },
  "29b.sql_ON": { "speedup": 1.2433917521969964, "opt": 8192 },
  "25a.sql_ON": { "speedup": 1.1377589089831732, "opt": 8192 },
  "33a.sql_ON": { "speedup": 0.8090565781766268, "opt": 8192 },
  "3b.sql_ON": { "speedup": 1.4983972841058546, "opt": 8192 },
  "13c.sql_ON": { "speedup": 0.869956154319451, "opt": 8192 },
  "13a.sql_ON": { "speedup": 0.6052564100200937, "opt": 4096 },
  "2d.sql_ON": { "speedup": 1.066918162202544, "opt": 512 },
  "33c.sql_ON": { "speedup": 0.4660190363446045, "opt": 8192 },
  "25c.sql_ON": { "speedup": 0.7419050190591223, "opt": 8192 },
  "29a.sql_ON": { "speedup": 1.0109819348445006, "opt": 8192 },
  "25b.sql_ON": { "speedup": 1.1417654436095548, "opt": 8192 },
  "33b.sql_ON": { "speedup": 1.5591624672110707, "opt": 128 },
  "3a.sql_ON": { "speedup": 0.9948283318356738, "opt": 8192 },
  "13d.sql_ON": { "speedup": 0.678352158239107, "opt": 8192 },
  "2a.sql_ON": { "speedup": 1.695705370146859, "opt": 512 },
  "32b.sql_ON": { "speedup": 0.651933329901849, "opt": 8192 },
  "24b.sql_ON": { "speedup": 0.9660504560786929, "opt": 4096 },
  "28a.sql_ON": { "speedup": 17.940349087256443, "opt": 4096 },
  "12a.sql_ON": { "speedup": 0.8533372665868117, "opt": 4096 },
  "12c.sql_ON": { "speedup": 0.6797513555339405, "opt": 4096 },
  "2b.sql_ON": { "speedup": 0.6398383760898894, "opt": 1024 },
  "32a.sql_ON": { "speedup": 0.738293280707897, "opt": 512 },
  "24a.sql_ON": { "speedup": 1.0588368241192734, "opt": 4096 },
  "28b.sql_ON": { "speedup": 0.7070753898032054, "opt": 4096 },
  "28c.sql_ON": { "speedup": 8.755450830745389, "opt": 4096 },
  "2c.sql_ON": { "speedup": 1.3742005370386745, "opt": 1024 },
  "12b.sql_ON": { "speedup": 1.4123199542302494, "opt": 8192 },
  "15a.sql_ON": { "speedup": 1.1437543094935327, "opt": 8192 },
  "9c.sql_ON": { "speedup": 1.4032479471719832, "opt": 1024 },
  "19b.sql_ON": { "speedup": 1.1741717188969816, "opt": 8192 },
  "23c.sql_ON": { "speedup": 1.1809763346080973, "opt": 8192 },
  "23b.sql_ON": { "speedup": 1.3840307710995594, "opt": 8192 },
  "5a.sql_ON": { "speedup": 0.7392940680457885, "opt": 8192 },
  "19c.sql_ON": { "speedup": 0.9093041941894678, "opt": 8192 },
  "9b.sql_ON": { "speedup": 1.2849013616659888, "opt": 8192 },
  "15b.sql_ON": { "speedup": 0.8114420679751506, "opt": 8192 },
  "8d.sql_ON": { "speedup": 0.38755032577864695, "opt": 8192 },
  "19a.sql_ON": { "speedup": 1.1785538321765054, "opt": 8192 },
  "5c.sql_ON": { "speedup": 0.9343944409802474, "opt": 8192 },
  "22d.sql_ON": { "speedup": 0.8567046419147559, "opt": 4096 },
  "23a.sql_ON": { "speedup": 4.04375120706346, "opt": 8192 },
  "5b.sql_ON": { "speedup": 1.6249004955230932, "opt": 512 },
  "9a.sql_ON": { "speedup": 0.9778303255381503, "opt": 8192 },
  "15c.sql_ON": { "speedup": 0.7661527499095095, "opt": 8192 },
  "8a.sql_ON": { "speedup": 1.132784447244851, "opt": 512 },
  "14c.sql_ON": { "speedup": 0.9122000757632447, "opt": 4096 },
  "4b.sql_ON": { "speedup": 0.7763807471666667, "opt": 8192 },
  "19d.sql_ON": { "speedup": 0.4168213232096062, "opt": 8192 },
  "22a.sql_ON": { "speedup": 0.9253953922149872, "opt": 4096 },
  "18a.sql_ON": { "speedup": 0.7881771956386868, "opt": 8192 },
  "4c.sql_ON": { "speedup": 0.7614839996809887, "opt": 8192 },
  "14b.sql_ON": { "speedup": 0.18476518626177335, "opt": 8192 },
  "9d.sql_ON": { "speedup": 0.5473857477497023, "opt": 128 },
  "8b.sql_ON": { "speedup": 0.9421434423291897, "opt": 128 },
  "15d.sql_ON": { "speedup": 0.6808126660175372, "opt": 4096 },
  "4a.sql_ON": { "speedup": 0.5067224129580513, "opt": 8192 },
  "18c.sql_ON": { "speedup": 0.5841552229383749, "opt": 4096 },
  "22b.sql_ON": { "speedup": 0.8062327616445182, "opt": 4096 },
  "22c.sql_ON": { "speedup": 0.8129792558387302, "opt": 4096 },
  "18b.sql_ON": { "speedup": 0.4619259568564135, "opt": 4096 },
  "14a.sql_ON": { "speedup": 1.01446524215721, "opt": 4096 },
  "8c.sql_ON": { "speedup": 0.4082018731053811, "opt": 4096 },
  "16d.sql_ON": { "speedup": 0.5532582411501226, "opt": 8192 },
  "6e.sql_ON": { "speedup": 0.8870635845064976, "opt": 8192 },
  "7a.sql_ON": { "speedup": 0.6749734918275082, "opt": 8192 },
  "21b.sql_ON": { "speedup": 1.283656277301273, "opt": 4096 },
  "21c.sql_ON": { "speedup": 0.38985851006588407, "opt": 8192 },
  "6d.sql_ON": { "speedup": 0.5540648376074304, "opt": 8192 },
  "17a.sql_ON": { "speedup": 0.40108501564958643, "opt": 8192 },
  "17c.sql_ON": { "speedup": 0.6213569176511485, "opt": 8192 },
  "7b.sql_ON": { "speedup": 1.002411226457207, "opt": 8192 },
  "6f.sql_ON": { "speedup": 0.7820591403220648, "opt": 8192 },
  "21a.sql_ON": { "speedup": 1.2772429216929473, "opt": 4096 },
  "7c.sql_ON": { "speedup": 2.0871976405868695, "opt": 8192 },
  "17b.sql_ON": { "speedup": 0.6651203638498826, "opt": 8192 },
  "17f.sql_ON": { "speedup": 0.5510297390490629, "opt": 8192 },
  "16b.sql_ON": { "speedup": 0.49999363143439846, "opt": 8192 },
  "6c.sql_ON": { "speedup": 1.044109648881645, "opt": 8192 },
  "20a.sql_ON": { "speedup": 0.7950917385477064, "opt": 8192 },
  "6b.sql_ON": { "speedup": 0.8916577064898433, "opt": 8192 },
  "16c.sql_ON": { "speedup": 0.6638186261596942, "opt": 8192 },
  "16a.sql_ON": { "speedup": 0.9648268873729312, "opt": 8192 },
  "17e.sql_ON": { "speedup": 0.6284161052880107, "opt": 8192 },
  "20c.sql_ON": { "speedup": 0.8583514750745022, "opt": 8192 },
  "20b.sql_ON": { "speedup": 0.77077081818793, "opt": 8192 },
  "6a.sql_ON": { "speedup": 1.0839999352639897, "opt": 8192 },
  "17d.sql_ON": { "speedup": 0.7871368003944007, "opt": 8192 },
  "11c.sql_ON": { "speedup": 1.224307199339379, "opt": 8192 },
  "1b.sql_ON": { "speedup": 0.8343192215100635, "opt": 512 },
  "31a.sql_ON": { "speedup": 0.9196494450405963, "opt": 4096 },
  "27a.sql_ON": { "speedup": 14.20940484736683, "opt": 2048 },
  "1c.sql_ON": { "speedup": 1.282249849064669, "opt": 512 },
  "11b.sql_ON": { "speedup": 62.57626132825153, "opt": 2 },
  "1a.sql_ON": { "speedup": 1.3158662406556447, "opt": 1024 },
  "31b.sql_ON": { "speedup": 0.913808607765075, "opt": 8192 },
  "27b.sql_ON": { "speedup": 6.311105211812275, "opt": 2 },
  "27c.sql_ON": { "speedup": 8.231595742405853, "opt": 1024 },
  "31c.sql_ON": { "speedup": 0.7637924611705067, "opt": 4096 },
  "11a.sql_ON": { "speedup": 1.3629469810468184, "opt": 8192 },
  "10a.sql_ON": { "speedup": 1.0194973696604062, "opt": 8192 },
  "1d.sql_ON": { "speedup": 1.6615705507469232, "opt": 1024 },
  "30c.sql_ON": { "speedup": 1.0629502814690306, "opt": 8192 },
  "26c.sql_ON": { "speedup": 0.4735529124016291, "opt": 4096 },
  "26b.sql_ON": { "speedup": 1.0480815381939483, "opt": 8192 },
  "30b.sql_ON": { "speedup": 1.4424284853568552, "opt": 8192 },
  "11d.sql_ON": { "speedup": 0.6188607471891302, "opt": 8192 },
  "10b.sql_ON": { "speedup": 1.8959005520356447, "opt": 16 },
  "26a.sql_ON": { "speedup": 1.452403628938118, "opt": 8192 },
  "30a.sql_ON": { "speedup": 1.804494163247824, "opt": 8192 },
  "10c.sql_ON": { "speedup": 2.802005157746514, "opt": 256 },
  "13b.sql_OFF": { "speedup": 1.7996102838842778, "opt": 14335 },
  "3c.sql_OFF": { "speedup": 1.5144821857116486, "opt": 16367 },
  "29c.sql_OFF": { "speedup": 1.2722423827962583, "opt": 14335 },
  "29b.sql_OFF": { "speedup": 1.2206730569445792, "opt": 16127 },
  "25a.sql_OFF": { "speedup": 1.5470323373869888, "opt": 16127 },
  "33a.sql_OFF": { "speedup": 2.2473757429011667, "opt": 16127 },
  "3b.sql_OFF": { "speedup": 1.509362411456704, "opt": 16127 },
  "13c.sql_OFF": { "speedup": 1.72625071161993, "opt": 14335 },
  "13a.sql_OFF": { "speedup": 2.5161841005965337, "opt": 14335 },
  "2d.sql_OFF": { "speedup": 2.5837177336378403, "opt": 16375 },
  "33c.sql_OFF": { "speedup": 2.44052362099641, "opt": 12287 },
  "25c.sql_OFF": { "speedup": 1.430331710480501, "opt": 16127 },
  "29a.sql_OFF": { "speedup": 1.2166661201023532,