{"q7-013.sql_ON": {"speedup": 65.54063563454123, "opt": 1024}, "q7-007.sql_ON": {"speedup": 58.306476702593, "opt": 4}, "q7-006.sql_ON": {"speedup": 60.193967243116155, "opt": 32}, "q7-012.sql_ON": {"speedup": 6.187038860967965, "opt": 4096}, "q7-004.sql_ON": {"speedup": 8.668487633595655, "opt": 2048}, "q7-010.sql_ON": {"speedup": 85.52271101617433, "opt": 1024}, "q7-038.sql_ON": {"speedup": 5.022304488417374, "opt": 4096}, "q7-039.sql_ON": {"speedup": 89.43981553220013, "opt": 1024}, "q7-011.sql_ON": {"speedup": 83.99384970876633, "opt": 1024}, "q7-005.sql_ON": {"speedup": 74.76604327524262, "opt": 2}, "q7-029.sql_ON": {"speedup": 7.149822100976877, "opt": 4}, "q7-001.sql_ON": {"speedup": 68.75177098653882, "opt": 32}, "q7-015.sql_ON": {"speedup": 65.44821076978307, "opt": 1}, "q7-014.sql_ON": {"speedup": 71.82981028189016, "opt": 32}, "q7-028.sql_ON": {"speedup": 67.23800759293036, "opt": 1024}, "q7-016.sql_ON": {"speedup": 47.579904207290866, "opt": 32}, "q7-002.sql_ON": {"speedup": 65.88584698437799, "opt": 1024}, "q7-003.sql_ON": {"speedup": 61.342845871645864, "opt": 2}, "q7-017.sql_ON": {"speedup": 71.59673849340244, "opt": 8}, "q7-070.sql_ON": {"speedup": 63.49544810700695, "opt": 1024}, "q7-064.sql_ON": {"speedup": 55.229346700248406, "opt": 1024}, "q7-058.sql_ON": {"speedup": 82.6674026611298, "opt": 16}, "q7-059.sql_ON": {"speedup": 62.63615481906024, "opt": 16}, "q7-065.sql_ON": {"speedup": 80.82338556839959, "opt": 16}, "q7-071.sql_ON": {"speedup": 80.80533356177926, "opt": 1024}, "q7-067.sql_ON": {"speedup": 74.25342126963794, "opt": 2048}, "q7-073.sql_ON": {"speedup": 50.76162741067981, "opt": 1024}, "q7-098.sql_ON": {"speedup": 77.40325786150213, "opt": 1}, "q7-099.sql_ON": {"speedup": 83.03475784175166, "opt": 1024}, "q7-072.sql_ON": {"speedup": 88.5671365832625, "opt": 1024}, "q7-066.sql_ON": {"speedup": 88.90629862042009, "opt": 1024}, "q7-062.sql_ON": {"speedup": 8.182683780116541, "opt": 4096}, "q7-076.sql_ON": {"speedup": 82.7203734677099, "opt": 1024}, "q7-089.sql_ON": {"speedup": 10.38859400852082, "opt": 2048}, "q7-088.sql_ON": {"speedup": 83.38603065138975, "opt": 1024}, "q7-077.sql_ON": {"speedup": 92.61003139327589, "opt": 1024}, "q7-063.sql_ON": {"speedup": 84.5444331371344, "opt": 1024}, "q7-049.sql_ON": {"speedup": 82.17330348786089, "opt": 1024}, "q7-075.sql_ON": {"speedup": 83.71154143610572, "opt": 1024}, "q7-061.sql_ON": {"speedup": 81.69652065700227, "opt": 4}, "q7-060.sql_ON": {"speedup": 86.04134102347585, "opt": 1024}, "q7-074.sql_ON": {"speedup": 80.6783258979622, "opt": 1024}, "q7-048.sql_ON": {"speedup": 82.88417061993485, "opt": 1024}, "q7-100.sql_ON": {"speedup": 86.9116783160995, "opt": 1024}, "q7-051.sql_ON": {"speedup": 79.8616795936908, "opt": 1024}, "q7-045.sql_ON": {"speedup": 78.94142590555383, "opt": 1}, "q7-079.sql_ON": {"speedup": 86.99961647441182, "opt": 1024}, "q7-092.sql_ON": {"speedup": 85.8976365799381, "opt": 1024}, "q7-086.sql_ON": {"speedup": 62.69088206732788, "opt": 1024}, "q7-087.sql_ON": {"speedup": 82.6488759168503, "opt": 1024}, "q7-093.sql_ON": {"speedup": 78.57033583480519, "opt": 1}, "q7-078.sql_ON": {"speedup": 83.31715712429248, "opt": 1024}, "q7-044.sql_ON": {"speedup": 87.51699683356381, "opt": 1024}, "q7-050.sql_ON": {"speedup": 80.91782015398351, "opt": 1024}, "q7-046.sql_ON": {"speedup": 86.2890280912765, "opt": 1024}, "q7-052.sql_ON": {"speedup": 89.49987620152272, "opt": 1024}, "q7-085.sql_ON": {"speedup": 84.88124468898258, "opt": 1024}, "q7-091.sql_ON": {"speedup": 80.49873096698377, "opt": 1024}, "q7-090.sql_ON": {"speedup": 60.688362188440635, "opt": 1}, "q7-084.sql_ON": {"speedup": 76.56129269319784, "opt": 1024}, "q7-053.sql_ON": {"speedup": 80.97716952984712, "opt": 64}, "q7-047.sql_ON": {"speedup": 91.21593731827183, "opt": 1024}, "q7-043.sql_ON": {"speedup": 70.93669508232136, "opt": 1024}, "q7-057.sql_ON": {"speedup": 76.67372982311478, "opt": 1024}, "q7-080.sql_ON": {"speedup": 79.84244854764472, "opt": 64}, "q7-094.sql_ON": {"speedup": 72.46954650897995, "opt": 32}, "q7-095.sql_ON": {"speedup": 85.62780084588583, "opt": 1024}, "q7-081.sql_ON": {"speedup": 87.29832111728757, "opt": 1024}, "q7-056.sql_ON": {"speedup": 97.98251019817944, "opt": 1024}, "q7-042.sql_ON": {"speedup": 96.84055014560047, "opt": 1024}, "q7-068.sql_ON": {"speedup": 87.39784181456497, "opt": 1024}, "q7-054.sql_ON": {"speedup": 87.78339346755271, "opt": 1024}, "q7-040.sql_ON": {"speedup": 96.07538141040227, "opt": 1024}, "q7-097.sql_ON": {"speedup": 87.85403072545678, "opt": 1024}, "q7-083.sql_ON": {"speedup": 75.34680100203623, "opt": 2}, "q7-082.sql_ON": {"speedup": 86.25054082613558, "opt": 1024}, "q7-096.sql_ON": {"speedup": 93.82919060478605, "opt": 1024}, "q7-041.sql_ON": {"speedup": 57.188574040223536, "opt": 2}, "q7-055.sql_ON": {"speedup": 69.81878228822214, "opt": 1024}, "q7-069.sql_ON": {"speedup": 74.31592313802848, "opt": 1}, "q7-032.sql_ON": {"speedup": 68.30499928996612, "opt": 8}, "q7-026.sql_ON": {"speedup": 72.25071005207738, "opt": 4}, "q7-027.sql_ON": {"speedup": 72.63683303733073, "opt": 8}, "q7-033.sql_ON": {"speedup": 75.50617333141471, "opt": 1024}, "q7-025.sql_ON": {"speedup": 67.83353965303249, "opt": 2048}, "q7-031.sql_ON": {"speedup": 70.6144317872333, "opt": 1024}, "q7-019.sql_ON": {"speedup": 81.28231483936182, "opt": 1024}, "q7-018.sql_ON": {"speedup": 76.00458676362076, "opt": 1024}, "q7-030.sql_ON": {"speedup": 72.08109480623523, "opt": 4}, "q7-024.sql_ON": {"speedup": 77.40770529180072, "opt": 1024}, "q7-008.sql_ON": {"speedup": 81.66185072760874, "opt": 1024}, "q7-020.sql_ON": {"speedup": 78.51842930842707, "opt": 1024}, "q7-034.sql_ON": {"speedup": 82.34596344567554, "opt": 1024}, "q7-035.sql_ON": {"speedup": 78.04707158925926, "opt": 1024}, "q7-021.sql_ON": {"speedup": 73.7761634426381, "opt": 64}, "q7-009.sql_ON": {"speedup": 6.262015478638035, "opt": 4096}, "q7-037.sql_ON": {"speedup": 81.81529134132892, "opt": 1}, "q7-023.sql_ON": {"speedup": 74.42532165532347, "opt": 4}, "q7-022.sql_ON": {"speedup": 70.98162525986491, "opt": 1024}, "q7-036.sql_ON": {"speedup": 87.14463277626541, "opt": 1024}, "q7-013.sql_OFF": {"speedup": 66.9091144219263, "opt": 16382}, "q7-007.sql_OFF": {"speedup": 62.826223188885265, "opt": 12287}, "q7-006.sql_OFF": {"speedup": 70.92637894093544, "opt": 15359}, "q7-012.sql_OFF": {"speedup": 17.742965868812334, "opt": 15871}, "q7-004.sql_OFF": {"speedup": 16.372813829239142, "opt": 15871}, "q7-010.sql_OFF": {"speedup": 58.90005588125126, "opt": 16255}, "q7-038.sql_OFF": {"speedup": 13.54648761708554, "opt": 15871}, "q7-039.sql_OFF": {"speedup": 67.83907658418399, "opt": 15359}, "q7-011.sql_OFF": {"speedup": 64.65611779201025, "opt": 16382}, "q7-005.sql_OFF": {"speedup": 64.95486371978865, "opt": 16375}, "q7-029.sql_OFF": {"speedup": 21.404010142404427, "opt": 15871}, "q7-001.sql_OFF": {"speedup": 62.822183120829976, "opt": 15359}, "q7-015.sql_OFF": {"speedup": 63.57251326188082, "opt": 16382}, "q7-014.sql_OFF": {"speedup": 65.55096064112132, "opt": 12287}, "q7-028.sql_OFF": {"speedup": 60.16836165421451, "opt": 12287}, "q7-016.sql_OFF": {"speedup": 56.450103062646996, "opt": 16319}, "q7-002.sql_OFF": {"speedup": 57.0491668600736, "opt": 12287}, "q7-003.sql_OFF": {"speedup": 45.81995831275918, "opt": 16127}, "q7-017.sql_OFF": {"speedup": 55.93847302860293, "opt": 15359}, "q7-070.sql_OFF": {"speedup": 56.739951134669425, "opt": 16319}, "q7-064.sql_OFF": {"speedup": 56.785368759082765, "opt": 16382}, "q7-058.sql_OFF": {"speedup": 57.7849389619065, "opt": 15359}, "q7-059.sql_OFF": {"speedup": 56.41479687572016, "opt": 15359}, "q7-065.sql_OFF": {"speedup": 60.76515371498959, "opt": 12287}, "q7-071.sql_OFF": {"speedup": 59.301042104222866, "opt": 15359}, "q7-067.sql_OFF": {"speedup": 58.81989808375184, "opt": 8191}, "q7-073.sql_OFF": {"speedup": 61.29173565059248, "opt": 16367}, "q7-098.sql_OFF": {"speedup": 59.3198959134326, "opt": 12287}, "q7-099.sql_OFF": {"speedup": 54.383501668512885, "opt": 16319},