{
  "q9-093.sql_ON": { "speedup": 1.0773629860696146, "opt": 512 },
  "q9-087.sql_ON": { "speedup": 2.9044816922837557, "opt": 512 },
  "q9-050.sql_ON": { "speedup": 3.121454942079402, "opt": 512 },
  "q9-044.sql_ON": { "speedup": 3.8639954181318568, "opt": 512 },
  "q9-078.sql_ON": { "speedup": 1.4808055085537208, "opt": 512 },
  "q9-079.sql_ON": { "speedup": 1.9389260389040894, "opt": 512 },
  "q9-045.sql_ON": { "speedup": 3.224118788979204, "opt": 512 },
  "q9-051.sql_ON": { "speedup": 2.1892006528355417, "opt": 512 },
  "q9-086.sql_ON": { "speedup": 1.6814814603357664, "opt": 512 },
  "q9-092.sql_ON": { "speedup": 2.3944972777867433, "opt": 512 },
  "q9-084.sql_ON": { "speedup": 2.782959677413119, "opt": 512 },
  "q9-090.sql_ON": { "speedup": 2.6468802779166736, "opt": 512 },
  "q9-047.sql_ON": { "speedup": 4.055901346120651, "opt": 512 },
  "q9-053.sql_ON": { "speedup": 2.5133811552128518, "opt": 512 },
  "q9-052.sql_ON": { "speedup": 0.9355065830901019, "opt": 512 },
  "q9-046.sql_ON": { "speedup": 0.48025171923918863, "opt": 2048 },
  "q9-091.sql_ON": { "speedup": 2.196002540879019, "opt": 512 },
  "q9-085.sql_ON": { "speedup": 0.01456370325080026, "opt": 512 },
  "q9-081.sql_ON": { "speedup": 1.7895741861826517, "opt": 512 },
  "q9-095.sql_ON": { "speedup": 2.116392053118763, "opt": 512 },
  "q9-042.sql_ON": { "speedup": 0.9076600494434137, "opt": 512 },
  "q9-056.sql_ON": { "speedup": 0.8682017638711501, "opt": 512 },
  "q9-057.sql_ON": { "speedup": 1.8408762657034978, "opt": 512 },
  "q9-043.sql_ON": { "speedup": 1.738870944291467, "opt": 512 },
  "q9-094.sql_ON": { "speedup": 1.6817542083106383, "opt": 512 },
  "q9-080.sql_ON": { "speedup": 1.628384654927054, "opt": 512 },
  "q9-096.sql_ON": { "speedup": 0.7796374859487907, "opt": 512 },
  "q9-082.sql_ON": { "speedup": 2.0320892070785397, "opt": 512 },
  "q9-069.sql_ON": { "speedup": 1.9202823230363462, "opt": 512 },
  "q9-055.sql_ON": { "speedup": 3.290911184929757, "opt": 512 },
  "q9-041.sql_ON": { "speedup": 2.8707840218681544, "opt": 512 },
  "q9-040.sql_ON": { "speedup": 2.8614435022119387, "opt": 512 },
  "q9-054.sql_ON": { "speedup": 2.536305510165466, "opt": 512 },
  "q9-068.sql_ON": { "speedup": 2.941910283783747, "opt": 512 },
  "q9-083.sql_ON": { "speedup": 1.5181947681386654, "opt": 512 },
  "q9-097.sql_ON": { "speedup": 0.5987579728059332, "opt": 512 },
  "q9-033.sql_ON": { "speedup": 3.147986285808529, "opt": 512 },
  "q9-027.sql_ON": { "speedup": 1.8552431587772873, "opt": 4096 },
  "q9-026.sql_ON": { "speedup": 2.5847149788648176, "opt": 512 },
  "q9-032.sql_ON": { "speedup": 2.105777594976627, "opt": 512 },
  "q9-024.sql_ON": { "speedup": 3.1102623296826186, "opt": 512 },
  "q9-030.sql_ON": { "speedup": 2.1747732239094444, "opt": 512 },
  "q9-018.sql_ON": { "speedup": 3.2089432244754246, "opt": 512 },
  "q9-019.sql_ON": { "speedup": 2.8024629952616196, "opt": 512 },
  "q9-031.sql_ON": { "speedup": 3.5803715412083594, "opt": 512 },
  "q9-025.sql_ON": { "speedup": 2.1971570227171804, "opt": 4096 },
  "q9-009.sql_ON": { "speedup": 3.1759881028276693, "opt": 512 },
  "q9-021.sql_ON": { "speedup": 4.145109399501711, "opt": 512 },
  "q9-035.sql_ON": { "speedup": 3.5142083338624888, "opt": 512 },
  "q9-034.sql_ON": { "speedup": 2.799860983579063, "opt": 512 },
  "q9-020.sql_ON": { "speedup": 4.713719484839085, "opt": 512 },
  "q9-008.sql_ON": { "speedup": 4.06459672584183, "opt": 512 },
  "q9-036.sql_ON": { "speedup": 2.7615609950438027, "opt": 512 },
  "q9-022.sql_ON": { "speedup": 2.38564432177217, "opt": 4096 },
  "q9-023.sql_ON": { "speedup": 3.864854459310915, "opt": 512 },
  "q9-037.sql_ON": { "speedup": 3.845360715418733, "opt": 512 },
  "q9-012.sql_ON": { "speedup": 4.666449152776769, "opt": 512 },
  "q9-006.sql_ON": { "speedup": 4.022811293953141, "opt": 512 },
  "q9-007.sql_ON": { "speedup": 4.346520166099224, "opt": 512 },
  "q9-013.sql_ON": { "speedup": 3.5194763854849747, "opt": 512 },
  "q9-005.sql_ON": { "speedup": 3.986944866786847, "opt": 512 },
  "q9-011.sql_ON": { "speedup": 2.9568013379056834, "opt": 512 },
  "q9-039.sql_ON": { "speedup": 1.6384693981393907, "opt": 4096 },
  "q9-038.sql_ON": { "speedup": 100, "opt": null },
  "q9-010.sql_ON": { "speedup": 1.8650920027801108, "opt": 512 },
  "q9-004.sql_ON": { "speedup": 2.269542605669357, "opt": 4096 },
  "q9-028.sql_ON": { "speedup": 1.7962505785625391, "opt": 512 },
  "q9-014.sql_ON": { "speedup": 2.317254029724745, "opt": 2048 },
  "q9-015.sql_ON": { "speedup": 2.2379270865043606, "opt": 512 },
  "q9-001.sql_ON": { "speedup": 4.231820284561848, "opt": 512 },
  "q9-029.sql_ON": { "speedup": 2.997478611424406, "opt": 512 },
  "q9-017.sql_ON": { "speedup": 2.7494858471394923, "opt": 512 },
  "q9-003.sql_ON": { "speedup": 1.946511383796216, "opt": 512 },
  "q9-002.sql_ON": { "speedup": 3.2872126280661953, "opt": 512 },
  "q9-016.sql_ON": { "speedup": 2.393710877387412, "opt": 512 },
  "q9-071.sql_ON": { "speedup": 1.3704524965888611, "opt": 512 },
  "q9-065.sql_ON": { "speedup": 0.7403941112637792, "opt": 512 },
  "q9-059.sql_ON": { "speedup": 2.2650399028325823, "opt": 512 },
  "q9-058.sql_ON": { "speedup": 1.4885557491391326, "opt": 512 },
  "q9-064.sql_ON": { "speedup": 1.3771631314839161, "opt": 512 },
  "q9-070.sql_ON": { "speedup": 1.8012238739711517, "opt": 512 },
  "q9-099.sql_ON": { "speedup": 3.08282098168816, "opt": 512 },
  "q9-066.sql_ON": { "speedup": 2.3899557861034593, "opt": 512 },
  "q9-072.sql_ON": { "speedup": 2.485118784047101, "opt": 512 },
  "q9-073.sql_ON": { "speedup": 1.9734378956019785, "opt": 512 },
  "q9-067.sql_ON": { "speedup": 1.3661660151487114, "opt": 512 },
  "q9-098.sql_ON": { "speedup": 2.727707248249431, "opt": 512 },
  "q9-088.sql_ON": { "speedup": 1.8625230245142588, "opt": 512 },
  "q9-063.sql_ON": { "speedup": 1.438433647224708, "opt": 512 },
  "q9-077.sql_ON": { "speedup": 3.6128678837876205, "opt": 512 },
  "q9-076.sql_ON": { "speedup": 2.69481347417944, "opt": 512 },
  "q9-062.sql_ON": { "speedup": 1.4743644785197934, "opt": 512 },
  "q9-089.sql_ON": { "speedup": 1.623728985084865, "opt": 512 },
  "q9-048.sql_ON": { "speedup": 1.7468853701786988, "opt": 512 },
  "q9-074.sql_ON": { "speedup": 2.8950370305793447, "opt": 512 },
  "q9-060.sql_ON": { "speedup": 2.3928889308541836, "opt": 512 },
  "q9-100.sql_ON": { "speedup": 0.657344679634704, "opt": 512 },
  "q9-061.sql_ON": { "speedup": 2.9465430622129882, "opt": 512 },
  "q9-075.sql_ON": { "speedup": 2.206609198135843, "opt": 512 },
  "q9-049.sql_ON": { "speedup": 3.1341562222359927, "opt": 512 },
  "q9-093.sql_OFF": { "speedup": 4.024882118080961, "opt": 12287 },
  "q9-087.sql_OFF": { "speedup": 4.174886187732035, "opt": 16255 },
  "q9-050.sql_OFF": { "speedup": 2.852961828715839, "opt": 12287 },
  "q9-044.sql_OFF": { "speedup": 4.094979718997448, "opt": 16255 },
  "q9-078.sql_OFF": { "speedup": 4.694563954118812, "opt": 16255 },
  "q9-079.sql_OFF": { "speedup": 10.221076741083788, "opt": 15871 },
  "q9-045.sql_OFF": { "speedup": 6.526778069548647, "opt": 14335 },
  "q9-051.sql_OFF": { "speedup": 3.5203291297922785, "opt": 16255 },
  "q9-086.sql_OFF": { "speedup": 4.356142011012035, "opt": 16255 },
  "q9-092.sql_OFF": { "speedup": 3.5972164747121664, "opt": 16255 },
  "q9-084.sql_OFF": { "speedup": 4.137857434623444, "opt": 16255 },
  "q9-090.sql_OFF": { "speedup": 3.829706247857329, "opt": 16255 },
  "q9-047.sql_OFF": { "speedup": 4.507813410881794, "opt": 12287 },
  "q9-053.sql_OFF": { "speedup": 3.134886883728469, "opt": 16255 },
  "q9-052.sql_OFF": { "speedup": 4.407385229308157, "opt": 16255 },
  "q9-046.sql_OFF": { "speedup": 3.3803691175812776, "opt": 16255 },
  "q9-091.sql_OFF": { "speedup": 3.459362823951513, "opt": 16255 },
  "q9-085.sql_OFF": { "speedup": 10.636304996392715, "opt": 16255 },
  "q9-081.sql_OFF": { "speedup": 4.778945534807275, "opt": 16255 },
  "q9-095.sql_OFF": { "speedup": 4.315092723937231, "opt": 16255 },
  "q9-042.sql_OFF": { "speedup": 2.5940515389918164, "opt": 16255 },