{"10c.sql": {"63": 53.35049819946289, "46": 51.15706419944763, "opt": 46}, "22d.sql": {"63": 88.000563621521, "59": 46.7961106300354, "51": 39.85527992248535, "35": 29.74307131767273, "50": 17.71173906326294, "opt": 50}, "11a.sql": {"63": 3.7679502964019775, "59": 0.49323105812072754, "46": 0.4556903839111328, "42": 0.4591090679168701, "47": 0.45911240577697754, "62": 0.45220375061035156, "43": 0.4479091167449951, "opt": 43}, "14b.sql": {"63": 60.49014735221863, "59": 5.37937068939209, "62": 5.388843774795532, "58": 5.292064189910889, "46": 5.279814720153809, "43": 5.281306743621826, "42": 5.2619709968566895, "opt": 42}, "15c.sql": {"63": 38.27382278442383, "55": 23.50405502319336, "opt": 55}, "11c.sql": {"63": 9.070758581161499, "59": 0.5447492599487305, "46": 0.49646449089050293, "42": 0.46951770782470703, "43": 0.4685690402984619, "62": 0.4702143669128418, "47": 0.472426176071167, "opt": 43}, "31b.sql": {"63": 52.09099817276001, "47": 49.524019956588745, "opt": 47}, "7c.sql": {"63": 161.827476978302, "51": 79.03991675376892, "55": 77.37697076797485, "57": 68.3889708518982, "54": 66.26002860069275, "34": 66.17271685600281, "39": 64.878821849823, "50": 64.52619433403015, "42": 55.29797577857971, "46": 52.21706295013428, "33": 49.681859731674194, "opt": 33}, "24b.sql": {"63": 92.27386093139648, "51": 87.45282196998596, "opt": 51}, "17b.sql": {"63": 80.78665065765381, "55": 57.666911602020264, "opt": 55}, "22a.sql": {"63": 112.28407001495361, "59": 40.55968499183655, "51": 19.595860958099365, "50": 16.92432975769043, "opt": 50}, "13d.sql": {"63": 144.25104331970215, "59": 51.19018316268921, "51": 24.06023335456848, "opt": 51}, "8c.sql": {"63": 86.62940382957458, "47": 73.76269793510437, "opt": 47}, "16b.sql": {"63": 135.72054839134216, "51": 73.89354372024536, "47": 70.57033729553223, "54": 70.71659564971924, "38": 66.66642189025879, "opt": 38}, "17e.sql": {"63": 247.47756814956665, "51": 79.09912896156311, "55": 70.96345639228821, "35": 65.2980387210846, "34": 61.59864115715027, "opt": 34}, "16d.sql": {"63": 152.30419945716858, "51": 66.84488296508789, "39": 61.00332069396973, "opt": 39}, "9c.sql": {"63": 86.09977173805237, "51": 64.29144406318665, "opt": 51}, "8d.sql": {"63": 56.913971185684204, "59": 56.42692279815674, "opt": 59}, "2a.sql": {"63": 50.83427691459656, "51": 9.050862312316895, "59": 1.3490545749664307, "42": 1.30430269241333, "43": 1.295137882232666, "62": 1.0398929119110107, "46": 1.0353529453277588, "47": 1.0413634777069092, "opt": 46}, "23b.sql": {"63": 5.657200813293457, "46": 2.800215005874634, "42": 2.598965883255005, "47": 2.5861175060272217, "43": 2.6011154651641846, "opt": 47}, "2b.sql": {"63": 26.96238899230957, "59": 1.692594289779663, "46": 1.038236141204834, "62": 1.0163869857788086, "47": 1.0116610527038574, "opt": 47}, "19c.sql": {"63": 110.13030171394348, "51": 93.36443161964417, "opt": 51}, "32a.sql": {"63": 0.06612849235534668, "59": 0.04008054733276367, "opt": 59}, "2d.sql": {"63": 73.72008490562439, "59": 1.8457045555114746, "46": 1.2168569564819336, "47": 1.2250785827636719, "62": 1.2300219535827637, "opt": 46}, "15b.sql": {"63": 20.440929412841797, "59": 13.168397426605225, "opt": 59}, "23c.sql": {"63": 4.905684471130371, "59": 2.992002487182617, "opt": 59}, "9d.sql": {"63": 292.49935603141785, "59": 148.00288081169128, "51": 76.84876370429993, "35": 75.65947699546814, "54": 75.80826330184937, "34": 75.63972520828247, "39": 75.4675076007843, "50": 72.12124037742615, "opt": 50}, "11b.sql": {"63": 53.99393105506897, "51": 10.233219861984253, "59": 0.46292924880981445, "46": 0.44879889488220215, "43": 0.44797301292419434, "opt": 43}, "1a.sql": {"63": 3.4792749881744385, "59": 0.1659080982208252, "46": 0.16309118270874023, "47": 0.15374517440795898, "62": 0.15525054931640625, "opt": 47}, "12c.sql": {"63": 75.46947503089905, "51": 33.63795256614685, "46": 29.572664737701416, "59": 6.093207836151123, "58": 5.905457019805908, "62": 4.427712917327881, "opt": 62}, "33c.sql": {"63": 1.8905715942382812, "59": 0.5702645778656006, "46": 0.47868800163269043, "42": 0.4598352909088135, "47": 0.4645967483520508, "43": 0.4556136131286621, "opt": 43}, "5c.sql": {"63": 23.651232719421387, "59": 14.689419269561768, "opt": 59}, "10a.sql": {"63": 115.69077277183533, "51": 61.87515163421631, "55": 44.067108154296875, "opt": 55}, "25a.sql": {"63": 106.84326577186584, "59": 100.2168140411377, "opt": 59}, "30c.sql": {"63": 73.0499906539917, "55": 54.50851821899414, "opt": 55}, "19b.sql": {"63": 74.85386729240417, "59": 72.34251976013184, "opt": 59}, "8b.sql": {"63": 66.1523163318634, "59": 45.04190945625305, "opt": 59}, "18a.sql": {"63": 110.19846892356873, "51": 76.51407384872437, "opt": 51}, "14c.sql": {"63": 25.04803967475891, "55": 9.978028297424316, "42": 7.594346523284912, "opt": 42}, "27c.sql": {"63": 24.721320152282715, "59": 3.3576834201812744, "46": 3.2010037899017334, "49": 2.405294895172119, "48": 2.3296566009521484, "41": 2.327850341796875, "40": 2.2757949829101562, "25": 1.0146763324737549, "24": 1.0125625133514404, "opt": 24}, "29c.sql": {"63": 100.03474640846252, "55": 97.64067220687866, "opt": 55}, "31c.sql": {"63": 102.15899729728699, "59": 88.73445415496826, "opt": 59}, "18c.sql": {"63": 113.42935919761658, "59": 112.18534779548645, "opt": 59}, "25b.sql": {"63": 86.72676205635071, "59": 82.47255492210388, "opt": 59}, "21c.sql": {"63": 5.614123821258545, "59": 1.443511724472046, "46": 1.4106173515319824, "47": 1.4093692302703857, "42": 1.4274694919586182, "43": 1.4045865535736084, "opt": 43}, "17c.sql": {"63": 175.3385112285614, "59": 76.85452032089233, "55": 52.981958866119385, "54": 51.05589985847473, "51": 48.62167167663574, "opt": 51}, "27b.sql": {"63": 1.8921711444854736, "59": 1.3108885288238525, "opt": 59}, "17a.sql": {"63": 132.116459608078, "51": 63.97206950187683, "34": 51.48725986480713, "opt": 34}, "10b.sql": {"63": 32.20696306228638, "59": 32.176154375076294, "opt": 59}, "6d.sql": {"63": 203.17674326896667, "59": 109.8907060623169, "60": 84.09377121925354, "56": 81.59373617172241, "55": 52.22671627998352, "39": 51.4699387550354, "35": 51.155006647109985, "opt": 35}, "17f.sql": {"63": 223.22058725357056, "59": 154.2575080394745, "opt": 59}, "13b.sql": {"63": 127.40567064285278, "59": 11.86346983909607, "42": 10.436449527740479, "35": 7.6982951164245605, "54": 4.807543039321899, "opt": 54}, "24a.sql": {"63": 68.81745076179504, "51": 67.65132737159729, "opt": 51}, "20c.sql": {"63": 112.99608445167542, "59": 106.24918103218079, "opt": 59}, "28b.sql": {"63": 28.76847767829895, "59": 5.306407928466797, "43": 4.399713754653931, "opt": 43}, "25c.sql": {"63": 99.63847923278809, "59": 96.39959168434143, "opt": 59}, "28c.sql": {"59": 50.89391875267029, "51": 37.18559527397156, "55": 31.270033597946167, "54": 23.606199264526367, "49": 20.602654695510864, "opt": 49}, "23a.sql": {"63": 94.52695894241333, "59": 55.4277458190918, "55": 15.428171396255493, "54": 14.589723110198975, "42": 4.3750386238098145, "47": 2.6480038166046143, "opt": 47}, "14a.sql": {"63": 111.35868835449219, "59": 33.242905139923096, "43": 18.04951024055481, "58": 8.172682523727417, "42": 6.80781364440918, "opt": 42}, "2c.sql": {"63": 18.4495849609375, "59": 1.641913652420044, "55": 1.6039323806762695, "46": 0.960895299911499, "34": 0.9053845405578613, "35": 0.9001801013946533, "54": 0.9122133255004883, "50": 0.9105024337768555, "39": 0.8929204940795898, "opt": 39}, "11d.sql": {"63": 0.49237704277038574, "59": 0.48302721977233887, "opt": 59}, "26a.sql": {"63": 186.09974360466003, "59": 183.73699235916138, "opt": 59}, "1c.sql": {"63": 3.271627426147461, "59": 0.1658306121826172, "46": 0.16376996040344238, "42": 0.15720796585083008, "58": 0.16158485412597656, "47": 0.15838241577148438, "43": 0.15688300132751465, "opt": 43}, "7b.sql": {"63": 39.86894941329956, "59": 37.70959663391113, "opt": 59}, "7a.sql": {"63": 50.97814226150513, "59": 39.44420385360718, "opt": 59}, "30b.sql": {"63": 70.43850708007812, "42": 58.279099464416504, "opt": 42},