{"12.sql": {"63": 1.0689728260040283, "58": 1.0605294704437256, "opt": 58}, "7.sql": {"63": 0.9813687801361084, "51": 0.965996503829956, "opt": 51}, "3.sql": {"63": 1.0216295719146729, "51": 1.0183916091918945, "opt": 51}, "19.sql": {"63": 0.1468367576599121, "31": 0.11034154891967773, "opt": 31}, "22.sql": {"63": 0.5003995895385742, "51": 0.48621249198913574, "opt": 51}, "14.sql": {"63": 0.7113246917724609, "51": 0.7261688709259033, "39": 0.7106547355651855, "opt": 39}, "6.sql": {"63": 0.6666369438171387, "51": 0.6658945083618164, "opt": 51}, "17.sql": {"63": 0.040018320083618164, "45": 0.03711366653442383, "opt": 45}, "11.sql": {"63": 0.33869147300720215, "51": 0.24375176429748535, "opt": 51}, "21.sql": {"51": 4.488160133361816, "39": 4.8676042556762695, "37": 4.468790531158447, "36": 4.489984750747681, "33": 4.836566925048828, "32": 4.499713659286499, "34": 4.479431867599487, "35": 4.4871344566345215, "38": 4.483248949050903, "50": 4.526809453964233, "55": 4.50817608833313, "54": 4.480157136917114, "opt": 37}, "20.sql": {"63": 7.16893744468689, "45": 7.167531490325928, "opt": 45}, "4.sql": {"63": 1.6222124099731445, "51": 1.6156485080718994, "opt": 51}, "9.sql": {"63": 3.373692274093628, "51": 2.370323419570923, "opt": 51}, "15.sql": {"63": 1.5735650062561035, "51": 1.5253846645355225, "opt": 51}, "2.sql": {"63": 165.49273991584778, "51": 140.76879620552063, "opt": 51}, "8.sql": {"63": 0.5896852016448975, "62": 0.6015541553497314, "59": 0.6052720546722412, "47": 0.5951285362243652, "46": 0.5897219181060791, "43": 0.603858232498169, "opt": 63}, "10.sql": {"63": 1.2212977409362793, "51": 1.2270853519439697, "34": 1.2324261665344238, "59": 1.2299723625183105, "35": 1.2291977405548096, "43": 1.2284729480743408, "62": 1.2253713607788086, "39": 1.2192654609680176, "opt": 39}, "1.sql": {"63": 4.271495580673218, "58": 4.27535080909729, "55": 4.28642463684082, "54": 4.273057222366333, "51": 4.270726680755615, "opt": 51}, "16.sql": {"63": 0.5817587375640869, "51": 0.5776686668395996, "opt": 51}, "13.sql": {"63": 0.9398982524871826, "51": 0.9631390571594238, "50": 0.9444897174835205, "42": 0.9559974670410156, "39": 0.9583783149719238, "38": 0.9484539031982422, "35": 0.9631741046905518, "34": 0.9254941940307617, "opt": 34}, "18.sql": {"63": 7.969666957855225, "51": 7.935185432434082, "opt": 51}, "5.sql": {"63": 0.9131271839141846, "51": 0.8984241485595703, "opt": 51}, "runtime": 1731.3951227664948}