{"26b.sql": {"speedup": 1.1269833020720865, "speedupAbs": 0.38681793212890625, "opt": 47}, "10a.sql": {"speedup": 1.0490490665585082, "speedupAbs": 0.10696768760681152, "opt": 14}, "26c.sql": {"speedup": 1.4838314519125904, "speedupAbs": 2.3604044914245605, "opt": 55}, "10b.sql": {"speedup": 1.0531418884009371, "speedupAbs": 0.11317300796508789, "opt": 58}, "27a.sql": {"speedup": 2.5916137186523525, "speedupAbs": 1.109368085861206, "opt": 61}, "10c.sql": {"speedup": 1.5762695075468427, "speedupAbs": 1.327401876449585, "opt": 15}, "27b.sql": {"speedup": 1.0884383858305167, "speedupAbs": 0.05319952964782715, "opt": 57}, "11a.sql": {"speedup": 1.1164867224070159, "speedupAbs": 0.031243562698364258, "opt": 62}, "28a.sql": {"speedup": 60.713870239806475, "speedupAbs": 269.87391901016235, "opt": 55}, "11b.sql": {"speedup": 1.0333972995278038, "speedupAbs": 0.599539041519165, "opt": 62}, "27c.sql": {"speedup": 1.0473339169245968, "speedupAbs": 0.08272647857666016, "opt": 62}, "11c.sql": {"speedup": 1.0026981574570235, "speedupAbs": 0.000698089599609375, "opt": 62}, "28b.sql": {"speedup": 1.088772837348481, "speedupAbs": 0.1926708221435547, "opt": 58}, "11d.sql": {"speedup": 1.0011523938735145, "speedupAbs": 0.0003025531768798828, "opt": 62}, "28c.sql": {"speedup": 35.415605185475734, "speedupAbs": 126.68547534942627, "opt": 59}, "12a.sql": {"speedup": 1.0240621148992073, "speedupAbs": 0.03298759460449219, "opt": 58}, "31a.sql": {"speedup": 1.0783348721350046, "speedupAbs": 0.3508007526397705, "opt": 62}, "12b.sql": {"speedup": 1.0271453826230914, "speedupAbs": 0.02881169319152832, "opt": 62}, "31b.sql": {"speedup": 1.0628681621040548, "speedupAbs": 0.2722444534301758, "opt": 62}, "12c.sql": {"speedup": 1.0063755574120128, "speedupAbs": 0.012138128280639648, "opt": 46}, "31c.sql": {"speedup": 1.0518866717661373, "speedupAbs": 0.28043270111083984, "opt": 46}, "13a.sql": {"speedup": 3.234611830481263, "speedupAbs": 5.550421953201294, "opt": 55}, "32a.sql": {"speedup": 1.0, "speedupAbs": 0.0, "opt": 63}, "13b.sql": {"speedup": 1.509575238480971, "speedupAbs": 1.2790558338165283, "opt": 55}, "32b.sql": {"speedup": 1.0041520809575413, "speedupAbs": 0.001046895980834961, "opt": 62}, "13c.sql": {"speedup": 1.0305814837600449, "speedupAbs": 0.11173605918884277, "opt": 62}, "33a.sql": {"speedup": 1.1409269861154168, "speedupAbs": 0.03175663948059082, "opt": 62}, "13d.sql": {"speedup": 2.165625439419358, "speedupAbs": 4.195849895477295, "opt": 55}, "33b.sql": {"speedup": 1.0898544164604356, "speedupAbs": 0.026125431060791016, "opt": 62}, "14a.sql": {"speedup": 1.0994218062986143, "speedupAbs": 0.3630950450897217, "opt": 59}, "33c.sql": {"speedup": 1.0454051430093392, "speedupAbs": 0.015119791030883789, "opt": 58}, "14b.sql": {"speedup": 1.0698364258661184, "speedupAbs": 0.2035658359527588, "opt": 62}, "3a.sql": {"speedup": 1.0, "speedupAbs": 0.0, "opt": 63}, "14c.sql": {"speedup": 1.0528575564702298, "speedupAbs": 0.23282384872436523, "opt": 62}, "3b.sql": {"speedup": 1.0162165672194163, "speedupAbs": 0.0176241397857666, "opt": 42}, "15a.sql": {"speedup": 1.1475938712211253, "speedupAbs": 0.2357325553894043, "opt": 62}, "3c.sql": {"speedup": 1.1125513744366118, "speedupAbs": 0.19189047813415527, "opt": 62}, "15b.sql": {"speedup": 1.0182264760815247, "speedupAbs": 0.026118993759155273, "opt": 62}, "4a.sql": {"speedup": 1.0844852043177147, "speedupAbs": 0.05310821533203125, "opt": 62}, "15c.sql": {"speedup": 1.0899886668597625, "speedupAbs": 0.1384437084197998, "opt": 62}, "4b.sql": {"speedup": 1.0, "speedupAbs": 0.0, "opt": 63}, "15d.sql": {"speedup": 1.1121284275949685, "speedupAbs": 0.21084952354431152, "opt": 62}, "4c.sql": {"speedup": 1.0, "speedupAbs": 0.0, "opt": 63}, "16a.sql": {"speedup": 1.071691937568293, "speedupAbs": 0.18919992446899414, "opt": 62}, "5a.sql": {"speedup": 1.0, "speedupAbs": 0.0, "opt": 63}, "16b.sql": {"speedup": 1.1044392083678234, "speedupAbs": 0.7604281902313232, "opt": 55}, "5b.sql": {"speedup": 1.1507096395148768, "speedupAbs": 0.04281115531921387, "opt": 62}, "16c.sql": {"speedup": 1.0063839430642287, "speedupAbs": 0.023789167404174805, "opt": 62}, "5c.sql": {"speedup": 1.1069578891181096, "speedupAbs": 0.17146062850952148, "opt": 62}, "16d.sql": {"speedup": 1.0, "speedupAbs": 0.0, "opt": 63}, "6a.sql": {"speedup": 1.076481726478641, "speedupAbs": 0.1840991973876953, "opt": 62}, "17a.sql": {"speedup": 1.2563585135348423, "speedupAbs": 1.1733627319335938, "opt": 55}, "6b.sql": {"speedup": 1.106477823610502, "speedupAbs": 0.33849453926086426, "opt": 55}, "17b.sql": {"speedup": 1.0493909536928208, "speedupAbs": 0.20844244956970215, "opt": 54}, "6c.sql": {"speedup": 1.0263690245275245, "speedupAbs": 0.06268429756164551, "opt": 46}, "17c.sql": {"speedup": 1.0307044240709788, "speedupAbs": 0.1299724578857422, "opt": 62}, "6d.sql": {"speedup": 1.4631318807672746, "speedupAbs": 1.4323112964630127, "opt": 55}, "17d.sql": {"speedup": 1.093485757440895, "speedupAbs": 0.3645455837249756, "opt": 54}, "6e.sql": {"speedup": 1.0, "speedupAbs": 0.0, "opt": 63}, "17e.sql": {"speedup": 1.0304328247510066, "speedupAbs": 0.1807866096496582, "opt": 62}, "6f.sql": {"speedup": 1.0, "speedupAbs": 0.0, "opt": 63}, "17f.sql": {"speedup": 1.292177312173586, "speedupAbs": 1.3550028800964355, "opt": 55}, "7a.sql": {"speedup": 1.0449966751604125, "speedupAbs": 0.11856269836425781, "opt": 47}, "18a.sql": {"speedup": 1.0042346495761836, "speedupAbs": 0.014650583267211914, "opt": 62}, "7b.sql": {"speedup": 1.0725672040215317, "speedupAbs": 0.17552566528320312, "opt": 62}, "18b.sql": {"speedup": 1.0143383370502188, "speedupAbs": 0.053258419036865234, "opt": 62}, "7c.sql": {"speedup": 1.1498320602959091, "speedupAbs": 0.5970499515533447, "opt": 55}, "18c.sql": {"speedup": 1.0159821173403876, "speedupAbs": 0.0736386775970459, "opt": 46}, "8a.sql": {"speedup": 1.089210491648758, "speedupAbs": 0.14676403999328613, "opt": 62}, "19a.sql": {"speedup": 1.086248590909296, "speedupAbs": 0.32340550422668457, "opt": 62}, "8b.sql": {"speedup": 1.0404796303580282, "speedupAbs": 0.06634688377380371, "opt": 30}, "19b.sql": {"speedup": 1.0085393095564195, "speedupAbs": 0.02533888816833496, "opt": 46}, "8c.sql": {"speedup": 1.0, "speedupAbs": 0.0, "opt": 63}, "19c.sql": {"speedup": 1.0860553276459977, "speedupAbs": 0.3235490322113037, "opt": 62}, "8d.sql": {"speedup": 1.0, "speedupAbs": 0.0, "opt": 63}, "19d.sql": {"speedup": 1.0294958840918258, "speedupAbs": 0.3895285129547119, "opt": 35}, "9a.sql": {"speedup": 1.0571665037045292, "speedupAbs": 0.14796662330627441, "opt": 62}, "1a.sql": {"speedup": 1.0086364967321748, "speedupAbs": 0.0007243156433105469, "opt": 62}, "9b.sql": {"speedup": 1.1170931704452165, "speedupAbs": 0.22678613662719727, "opt": 62}, "1b.sql": {"speedup": 1.0081302992927326, "speedupAbs": 0.0006506443023681641, "opt": 62}, "9c.sql": {"speedup": 1.0604941660844283, "speedupAbs": 0.17321491241455078, "opt": 62}, "1c.sql": {"speedup": 1.0957284496175455, "speedupAbs": 0.008945465087890625, "opt": 62}, "9d.sql": {"speedup": 1.0776476211642174, "speedupAbs": 0.43098974227905273, "opt": 55}, "1d.sql": {"speedup": 1.3433320707438594, "speedupAbs": 0.028094053268432617, "opt": 62}, "20a.sql": {"speedup": 1.0349515068980437, "speedupAbs": 0.12570405006408691, "opt": 46}, "20b.sql": {"speedup": 1.0942507821052312, "speedupAbs": 0.2950592041015625, "opt": 62}, "20c.sql": {"speedup": 1.017465599845535, "speedupAbs": 0.05762624740600586, "opt": 46}, "21a.sql": {"speedup": 1.1082809607899253, "speedupAbs": 0.2913649082183838, "opt": 62}, "21b.sql": {"speedup": 1.2099043390872604, "speedupAbs": 0.30809926986694336, "opt": 62}, "21c.sql": {"speedup": 1.0647598138915608, "speedupAbs": 0.050467491149902344, "opt": 62}, "22a.sql": {"speedup": 1.1314398142113002, "speedupAbs": 0.33150482177734375, "opt": 58}, "22b.sql": {"speedup": 1.039980263156603, "speedupAbs": 0.09709358215332031, "opt": 58}, "22c.sql": {"speedup": 1.6994333519132403, "speedupAbs": 2.4894142150878906, "opt": 59},