{"26b.sql": {"63": 3.4330289363861084, "47": 3.046211004257202, "opt": 47}, "10a.sql": {"63": 2.2877979278564453, "46": 2.268230676651001, "30": 2.2291908264160156, "14": 2.180830240249634, "opt": 14}, "26c.sql": {"63": 7.238972187042236, "55": 4.878567695617676, "opt": 55}, "10b.sql": {"63": 2.242811441421509, "62": 2.1817963123321533, "58": 2.129638433456421, "opt": 58}, "27a.sql": {"63": 1.8063764572143555, "62": 1.806936264038086, "61": 0.6970083713531494, "opt": 61}, "10c.sql": {"63": 3.6308412551879883, "62": 3.607909917831421, "46": 3.6093697547912598, "15": 2.3034393787384033, "opt": 15}, "27b.sql": {"63": 0.654742956161499, "57": 0.6015434265136719, "opt": 57}, "11a.sql": {"63": 0.29945921897888184, "62": 0.2682156562805176, "opt": 62}, "28a.sql": {"63": 274.3933701515198, "62": 271.4921522140503, "58": 270.99892711639404, "55": 4.519451141357422, "opt": 55}, "11b.sql": {"63": 18.55126118659973, "62": 17.951722145080566, "opt": 62}, "27c.sql": {"63": 1.8304474353790283, "62": 1.7477209568023682, "opt": 62}, "11c.sql": {"63": 0.2594263553619385, "62": 0.2587282657623291, "opt": 62}, "28b.sql": {"63": 2.363051176071167, "62": 2.3327910900115967, "59": 2.3137497901916504, "58": 2.1703803539276123, "opt": 58}, "11d.sql": {"63": 0.2628457546234131, "62": 0.2625432014465332, "opt": 62}, "28c.sql": {"63": 130.36652278900146, "62": 129.6678102016449, "59": 3.6810474395751953, "opt": 59}, "12a.sql": {"63": 1.4039225578308105, "58": 1.3709349632263184, "opt": 58}, "31a.sql": {"63": 4.829020261764526, "62": 4.478219509124756, "opt": 62}, "12b.sql": {"63": 1.0901963710784912, "62": 1.061384677886963, "opt": 62}, "31b.sql": {"63": 4.602647066116333, "62": 4.330402612686157, "opt": 62}, "12c.sql": {"63": 1.9159917831420898, "46": 1.9038536548614502, "opt": 46}, "31c.sql": {"63": 5.685148239135742, "62": 5.6114888191223145, "50": 5.598069429397583, "46": 5.404715538024902, "opt": 46}, "13a.sql": {"63": 8.034263610839844, "55": 2.48384165763855, "opt": 55}, "32a.sql": {"63": 0.028206586837768555, "46": 0.03188967704772949, "opt": 63}, "13b.sql": {"63": 3.7890989780426025, "62": 3.7464091777801514, "55": 2.510043144226074, "opt": 55}, "32b.sql": {"63": 0.25318455696105957, "62": 0.2521376609802246, "opt": 62}, "13c.sql": {"63": 3.7654521465301514, "62": 3.6537160873413086, "opt": 62}, "33a.sql": {"63": 0.2570977210998535, "62": 0.2253410816192627, "opt": 62}, "13d.sql": {"63": 7.7955052852630615, "55": 3.5996553897857666, "opt": 55}, "33b.sql": {"63": 0.3168783187866211, "62": 0.2907528877258301, "opt": 62}, "14a.sql": {"63": 4.015161514282227, "59": 3.652066469192505, "opt": 59}, "33c.sql": {"63": 0.3481171131134033, "58": 0.33299732208251953, "opt": 58}, "14b.sql": {"63": 3.1184606552124023, "62": 2.9148948192596436, "opt": 62}, "3a.sql": {"63": 2.349245309829712, "opt": 63}, "14c.sql": {"63": 4.6375648975372314, "62": 4.404741048812866, "opt": 62}, "3b.sql": {"63": 1.1044225692749023, "42": 1.0867984294891357, "opt": 42}, "15a.sql": {"63": 1.8329029083251953, "62": 1.597170352935791, "opt": 62}, "3c.sql": {"63": 1.8968050479888916, "62": 1.7049145698547363, "opt": 62}, "15b.sql": {"63": 1.459143877029419, "62": 1.4330248832702637, "opt": 62}, "4a.sql": {"63": 0.6817178726196289, "62": 0.6286096572875977, "opt": 62}, "15c.sql": {"63": 1.676900863647461, "62": 1.5384571552276611, "opt": 62}, "4b.sql": {"63": 0.45501255989074707, "opt": 63}, "15d.sql": {"63": 2.091278314590454, "62": 1.8804287910461426, "opt": 62}, "4c.sql": {"63": 0.5601458549499512, "opt": 63}, "16a.sql": {"63": 2.82826828956604, "62": 2.639068365097046, "opt": 62}, "5a.sql": {"63": 0.49314069747924805, "opt": 63}, "16b.sql": {"63": 8.041488647460938, "55": 7.281060457229614, "opt": 55}, "5b.sql": {"63": 0.3268749713897705, "62": 0.28406381607055664, "opt": 62}, "16c.sql": {"63": 3.7501957416534424, "62": 3.7264065742492676, "opt": 62}, "5c.sql": {"63": 1.7745273113250732, "62": 1.6030666828155518, "opt": 62}, "16d.sql": {"63": 3.425551414489746, "opt": 63}, "6a.sql": {"63": 2.5911996364593506, "62": 2.4071004390716553, "opt": 62}, "17a.sql": {"63": 5.750401020050049, "55": 4.577038288116455, "opt": 55}, "6b.sql": {"63": 3.5175089836120605, "62": 3.4502036571502686, "55": 3.1790144443511963, "opt": 55}, "17b.sql": {"63": 4.4286980628967285, "54": 4.220255613327026, "opt": 54}, "6c.sql": {"63": 2.4398787021636963, "62": 2.3882601261138916, "46": 2.377194404602051, "opt": 46}, "17c.sql": {"63": 4.362993001937866, "62": 4.233020544052124, "opt": 62}, "6d.sql": {"63": 4.524975299835205, "62": 4.442516803741455, "55": 3.0926640033721924, "opt": 55}, "17d.sql": {"63": 4.2640228271484375, "62": 4.254918813705444, "54": 3.899477243423462, "opt": 54}, "6e.sql": {"63": 2.3974246978759766, "opt": 63}, "17e.sql": {"63": 6.121300220489502, "62": 5.940513610839844, "opt": 62}, "6f.sql": {"63": 4.564080238342285, "opt": 63}, "17f.sql": {"63": 5.992607593536377, "55": 4.637604713439941, "opt": 55}, "7a.sql": {"63": 2.753484010696411, "62": 2.7420477867126465, "47": 2.6349213123321533, "opt": 47}, "18a.sql": {"63": 3.4743425846099854, "62": 3.4596920013427734, "opt": 62}, "7b.sql": {"63": 2.594327211380005, "62": 2.4188015460968018, "opt": 62}, "18b.sql": {"63": 3.767665386199951, "62": 3.714406967163086, "opt": 62}, "7c.sql": {"63": 4.581844329833984, "62": 4.4517436027526855, "58": 4.506866693496704, "55": 3.9847943782806396, "opt": 55}, "18c.sql": {"63": 4.681205749511719, "62": 4.64294695854187, "46": 4.607567071914673, "opt": 46}, "8a.sql": {"63": 1.7919073104858398, "62": 1.6451432704925537, "opt": 62}, "19a.sql": {"63": 4.073095798492432, "62": 3.749690294265747, "opt": 62}, "8b.sql": {"63": 1.7053658962249756, "62": 1.6727075576782227, "46": 1.6646008491516113, "30": 1.6390190124511719, "opt": 30}, "19b.sql": {"63": 2.992661714553833, "62": 2.993196725845337, "46": 2.967322826385498, "opt": 46}, "8c.sql": {"63": 6.894796371459961, "46": 6.954638242721558, "opt": 63}, "19c.sql": {"63": 4.0833282470703125, "62": 3.759779214859009, "opt": 62}, "8d.sql": {"63": 3.504429340362549, "opt": 63}, "19d.sql": {"63": 13.595727443695068, "55": 13.705945253372192, "51": 13.5810387134552, "50": 14.440031290054321, "47": 13.577508687973022, "38": 15.005541801452637, "35": 13.206198930740356, "opt": 35}, "9a.sql": {"63": 2.736311435699463, "62": 2.5883448123931885, "opt": 62}, "1a.sql": {"63": 0.08459115028381348, "62": 0.08386683464050293, "opt": 62}, "9b.sql": {"63": 2.1635868549346924, "62": 1.9368007183074951, "opt": 62}, "1b.sql": {"63": 0.08067774772644043, "62": 0.08002710342407227, "opt": 62}, "9c.sql": {"63": 3.0365474224090576, "62": 2.863332509994507, "opt": 62}, "1c.sql": {"63": 0.10239171981811523, "62": 0.09344625473022461, "opt": 62}, "9d.sql": {"63": 5.981575012207031, "62": 5.911230087280273, "55": 5.5505852699279785, "opt": 55}, "1d.sql": {"63": 0.10992169380187988, "62": 0.08182764053344727, "opt": 62}, "20a.sql": {"63": 3.722231388092041, "62": 3.7100470066070557, "47": 3.6905767917633057, "46": 3.596527338027954, "opt": 46}, "20b.sql": {"63": 3.4256348609924316, "62": 3.130575656890869, "opt": 62}, "20c.sql": {"63": 3.3570404052734375, "62": 3.328562021255493, "46": 3.2994141578674316, "opt": 46}, "21a.sql": {"63": 2.9821879863739014, "62": 2.6908230781555176, "opt": 62}, "21b.sql": {"63": 1.775907278060913, "62": 1.4678080081939697, "opt": 62}, "21c.sql": {"63": 0.8297700881958008, "62": 0.7793025970458984, "opt": 62}, "22a.sql": {"63": 2.8536083698272705, "59": 2.799093008041382, "58": 2.5221035480499268, "opt": 58}, "22b.sql": {"63": 2.5256314277648926, "62": 2.4973249435424805, "58": 2.4285378456115723, "opt": 58}, "22c.sql": {"63": 6.048601388931274, "59": 3.559187173843384, "opt": 59}, "22d.sql": {"63": 4.624284744262695, "59": 3.8294942378997803, "opt": 59}, "23a.sql": {"63": 29.856594562530518, "62": 29.671929121017456, "61": 3.1004528999328613, "opt": 61}, "23b.sql": {"63": 1.5966088771820068, "62": 1.434084177017212, "opt": 62}, "23c.sql": {"63": 1.495100498199463,