{
    "1.sql": {
        "speedup": 1.0124603516594948,
        "speedupAbs": 0.02712869644165039,
        "opt": 18
    },
    "10.sql": {
        "speedup": 1.2228423244632978,
        "speedupAbs": 0.1507093906402588,
        "opt": 62
    },
    "11.sql": {
        "speedup": 1.1207520824305455,
        "speedupAbs": 0.017937898635864258,
        "opt": 62
    },
    "12.sql": {
        "speedup": 1.1004810793367528,
        "speedupAbs": 0.06287932395935059,
        "opt": 62
    },
    "13.sql": {
        "speedup": 1.0113566190745709,
        "speedupAbs": 0.006094694137573242,
        "opt": 62
    },
    "14.sql": {
        "speedup": 1.1111493027821946,
        "speedupAbs": 0.053582191467285156,
        "opt": 62
    },
    "15.sql": {
        "speedup": 1.0446991376473953,
        "speedupAbs": 0.037702322006225586,
        "opt": 46
    },
    "16.sql": {
        "speedup": 1.0195790158621028,
        "speedupAbs": 0.006083488464355469,
        "opt": 35
    },
    "17.sql": {
        "speedup": 1.3854993891264509,
        "speedupAbs": 0.00722193717956543,
        "opt": 61
    },
    "18.sql": {
        "speedup": 1.0410788761930765,
        "speedupAbs": 0.1854567527770996,
        "opt": 52
    },
    "19.sql": {
        "speedup": 1.1603626376588487,
        "speedupAbs": 0.012765645980834961,
        "opt": 62
    },
    "2.sql": {
        "speedup": 1.4163985674920958,
        "speedupAbs": 24.2226881980896,
        "opt": 55
    },
    "20.sql": {
        "speedup": 1.0224760607297605,
        "speedupAbs": 0.10895705223083496,
        "opt": 31
    },
    "21.sql": {
        "speedup": 112.25205441519509,
        "speedupAbs": 297.32744312286377,
        "opt": 55
    },
    "22.sql": {
        "speedup": 1.0958176815390706,
        "speedupAbs": 0.030644655227661133,
        "opt": 62
    },
    "3.sql": {
        "speedup": 1.085318944777427,
        "speedupAbs": 0.05119609832763672,
        "opt": 62
    },
    "4.sql": {
        "speedup": 1.0155887314653915,
        "speedupAbs": 0.013478755950927734,
        "opt": 62
    },
    "5.sql": {
        "speedup": 1.099847039479576,
        "speedupAbs": 0.059808969497680664,
        "opt": 62
    },
    "6.sql": {
        "speedup": 1.0554867180225826,
        "speedupAbs": 0.024054288864135742,
        "opt": 62
    },
    "7.sql": {
        "speedup": 1.0530132508580943,
        "speedupAbs": 0.030895233154296875,
        "opt": 47
    },
    "8.sql": {
        "speedup": 1.0665087173167027,
        "speedupAbs": 0.019402503967285156,
        "opt": 62
    },
    "9.sql": {
        "speedup": 1.0895165530005688,
        "speedupAbs": 0.1215052604675293,
        "opt": 55
    },
    "avrgTOT": {
        "speedup": 6.158285795277777,
        "speedupAbs": 322.5776364803314,
        "speedupAvg": 14.662619840015065,
        "pg_def": 403.7324273586273,
        "runtime": 3785.7663967609406,
        "factor": 0.08520801409097119
    },
    "18": {
        "total_speedup": 1.0124603516594948,
        "count": 1,
        "average_speedup": 1.0124603516594948
    },
    "62": {
        "total_speedup": 13.145511878346962,
        "count": 12,
        "average_speedup": 1.0954593231955803
    },
    "46": {
        "total_speedup": 1.0446991376473953,
        "count": 1,
        "average_speedup": 1.0446991376473953
    },
    "35": {
        "total_speedup": 1.0195790158621028,
        "count": 1,
        "average_speedup": 1.0195790158621028
    },
    "61": {
        "total_speedup": 1.3854993891264509,
        "count": 1,
        "average_speedup": 1.3854993891264509
    },
    "52": {
        "total_speedup": 1.0410788761930765,
        "count": 1,
        "average_speedup": 1.0410788761930765
    },
    "55": {
        "total_speedup": 114.75796953568775,
        "count": 3,
        "average_speedup": 38.252656511895914
    },
    "31": {
        "total_speedup": 1.0224760607297605,
        "count": 1,
        "average_speedup": 1.0224760607297605
    },
    "47": {
        "total_speedup": 1.0530132508580943,
        "count": 1,
        "average_speedup": 1.0530132508580943
    }
}