{
    "1.sql": {
        "63": 2.2043302059173584,
        "62": 2.202683925628662,
        "54": 2.195214033126831,
        "22": 2.195429801940918,
        "18": 2.177201509475708,
        "opt": 18
    },
    "10.sql": {
        "63": 0.8270144462585449,
        "62": 0.6763050556182861,
        "opt": 62
    },
    "11.sql": {
        "63": 0.1664893627166748,
        "62": 0.14855146408081055,
        "opt": 62
    },
    "12.sql": {
        "63": 0.688662052154541,
        "62": 0.6257827281951904,
        "opt": 62
    },
    "13.sql": {
        "63": 0.5427591800689697,
        "62": 0.5366644859313965,
        "opt": 62
    },
    "14.sql": {
        "63": 0.535656213760376,
        "62": 0.4820740222930908,
        "opt": 62
    },
    "15.sql": {
        "63": 0.8811709880828857,
        "62": 0.8762266635894775,
        "59": 0.8749852180480957,
        "58": 0.8599865436553955,
        "50": 0.861992359161377,
        "47": 0.861213207244873,
        "46": 0.8434686660766602,
        "opt": 46
    },
    "16.sql": {
        "63": 0.31679821014404297,
        "55": 0.31502437591552734,
        "39": 0.3144543170928955,
        "35": 0.3107147216796875,
        "opt": 35
    },
    "17.sql": {
        "63": 0.025955915451049805,
        "61": 0.018733978271484375,
        "opt": 61
    },
    "18.sql": {
        "63": 4.700106859207153,
        "60": 4.597859144210815,
        "52": 4.514650106430054,
        "opt": 52
    },
    "19.sql": {
        "63": 0.09237051010131836,
        "62": 0.0796048641204834,
        "opt": 62
    },
    "2.sql": {
        "63": 82.39456987380981,
        "62": 81.90745759010315,
        "61": 80.22161078453064,
        "55": 58.171881675720215,
        "opt": 55
    },
    "20.sql": {
        "63": 4.956650495529175,
        "62": 4.903771877288818,
        "47": 4.8879382610321045,
        "46": 4.875922918319702,
        "31": 4.84769344329834,
        "opt": 31
    },
    "21.sql": {
        "55": 2.6725568771362305,
        "opt": 55
    },
    "22.sql": {
        "63": 0.3504672050476074,
        "62": 0.3198225498199463,
        "opt": 62
    },
    "3.sql": {
        "63": 0.6512515544891357,
        "62": 0.600055456161499,
        "opt": 62
    },
    "4.sql": {
        "63": 0.8781261444091797,
        "62": 0.864647388458252,
        "55": 0.8994114398956299,
        "54": 0.8946034908294678,
        "47": 0.9064955711364746,
        "46": 0.8920400142669678,
        "42": 0.899132251739502,
        "35": 0.8928918838500977,
        "34": 0.8982079029083252,
        "opt": 62
    },
    "5.sql": {
        "63": 0.6588149070739746,
        "62": 0.599005937576294,
        "opt": 62
    },
    "6.sql": {
        "63": 0.4575686454772949,
        "62": 0.4335143566131592,
        "opt": 62
    },
    "7.sql": {
        "63": 0.6136784553527832,
        "59": 0.6168715953826904,
        "55": 0.6155846118927002,
        "51": 0.6028304100036621,
        "47": 0.5827832221984863,
        "opt": 47
    },
    "8.sql": {
        "63": 0.31113123893737793,
        "62": 0.2917287349700928,
        "opt": 62
    },
    "9.sql": {
        "63": 1.4788548946380615,
        "55": 1.3573496341705322,
        "opt": 55
    },
    "runtime": 3785.7663967609406
}