{"26b.sql": {"speedup": 1.2067263195736595, "speedupAbs": 0.6238083839416504, "opt": 47}, "10a.sql": {"speedup": 1.0883796524467553, "speedupAbs": 0.19602751731872559, "opt": 14}, "26c.sql": {"speedup": 1.5143071145157692, "speedupAbs": 2.5085337162017822, "opt": 55}, "10b.sql": {"speedup": 1.0117349023325326, "speedupAbs": 0.024980783462524414, "opt": 42}, "27a.sql": {"speedup": 2.861859637474903, "speedupAbs": 1.3064384460449219, "opt": 61}, "10c.sql": {"speedup": 1.6005220737394217, "speedupAbs": 1.3830127716064453, "opt": 15}, "27b.sql": {"speedup": 1.0435540385291822, "speedupAbs": 0.027513980865478516, "opt": 57}, "11a.sql": {"speedup": 1.361550259096107, "speedupAbs": 0.09942626953125, "opt": 46}, "28a.sql": {"speedup": 33.975625995067, "speedupAbs": 268.0505361557007, "opt": 55}, "11b.sql": {"speedup": 7.106861675963267, "speedupAbs": 15.468887329101562, "opt": 61}, "27c.sql": {"speedup": 1.5295646903096096, "speedupAbs": 0.6573858261108398, "opt": 49}, "11c.sql": {"speedup": 1.1766199712445808, "speedupAbs": 0.05350923538208008, "opt": 62}, "28b.sql": {"speedup": 1.1344088459470478, "speedupAbs": 0.29186201095581055, "opt": 58}, "11d.sql": {"speedup": 1.2485081666341984, "speedupAbs": 0.06934332847595215, "opt": 58}, "28c.sql": {"speedup": 35.90346981663447, "speedupAbs": 128.20768785476685, "opt": 59}, "12a.sql": {"speedup": 1.0108889080011, "speedupAbs": 0.015243768692016602, "opt": 42}, "31a.sql": {"speedup": 1.0885739715391365, "speedupAbs": 0.39592742919921875, "opt": 46}, "12b.sql": {"speedup": 1.1461111200074519, "speedupAbs": 0.15445351600646973, "opt": 58}, "31b.sql": {"speedup": 1.0547764444831969, "speedupAbs": 0.23410558700561523, "opt": 62}, "12c.sql": {"speedup": 1.152793260678842, "speedupAbs": 0.2896604537963867, "opt": 62}, "31c.sql": {"speedup": 1.0488301087704481, "speedupAbs": 0.264707088470459, "opt": 46}, "13a.sql": {"speedup": 3.374354660377512, "speedupAbs": 5.775796890258789, "opt": 55}, "32a.sql": {"speedup": 1.0468279934766975, "speedupAbs": 0.0011022090911865234, "opt": 62}, "13b.sql": {"speedup": 1.6165232809533059, "speedupAbs": 1.4635257720947266, "opt": 55}, "32b.sql": {"speedup": 1.0055866557221043, "speedupAbs": 0.0014052391052246094, "opt": 62}, "13c.sql": {"speedup": 1.7796649391228156, "speedupAbs": 1.669224739074707, "opt": 55}, "33a.sql": {"speedup": 1.0, "speedupAbs": 0.0, "opt": 63}, "13d.sql": {"speedup": 2.2309019405778945, "speedupAbs": 4.406060695648193, "opt": 55}, "33b.sql": {"speedup": 1.6124224612208677, "speedupAbs": 0.131134033203125, "opt": 59}, "14a.sql": {"speedup": 1.3050736460849375, "speedupAbs": 0.9342899322509766, "opt": 42}, "33c.sql": {"speedup": 1.5204357874843448, "speedupAbs": 0.17109966278076172, "opt": 46}, "14b.sql": {"speedup": 1.0662684616290072, "speedupAbs": 0.19422483444213867, "opt": 58}, "3a.sql": {"speedup": 1.1992033921465266, "speedupAbs": 0.4765191078186035, "opt": 58}, "14c.sql": {"speedup": 1.4996388135286256, "speedupAbs": 1.5581908226013184, "opt": 58}, "3b.sql": {"speedup": 1.2771522466985303, "speedupAbs": 0.3079977035522461, "opt": 58}, "15a.sql": {"speedup": 1.170761871128409, "speedupAbs": 0.26734399795532227, "opt": 46}, "3c.sql": {"speedup": 1.2641187430432062, "speedupAbs": 0.43923377990722656, "opt": 62}, "15b.sql": {"speedup": 1.1279627525901073, "speedupAbs": 0.1835334300994873, "opt": 58}, "4a.sql": {"speedup": 1.0718573993751086, "speedupAbs": 0.05028128623962402, "opt": 62}, "15c.sql": {"speedup": 1.4526601001005723, "speedupAbs": 0.6770081520080566, "opt": 46}, "4b.sql": {"speedup": 1.149747994975799, "speedupAbs": 0.07859396934509277, "opt": 58}, "15d.sql": {"speedup": 1.1298232728234616, "speedupAbs": 0.24104738235473633, "opt": 46}, "4c.sql": {"speedup": 1.1857170424953627, "speedupAbs": 0.14386630058288574, "opt": 47}, "16a.sql": {"speedup": 1.1042252974435656, "speedupAbs": 0.26888227462768555, "opt": 42}, "5a.sql": {"speedup": 1.1616046485340108, "speedupAbs": 0.08589577674865723, "opt": 58}, "16b.sql": {"speedup": 1.1561724565182487, "speedupAbs": 1.1059772968292236, "opt": 54}, "5b.sql": {"speedup": 1.1331703067815382, "speedupAbs": 0.04217100143432617, "opt": 62}, "16c.sql": {"speedup": 1.0750439211385556, "speedupAbs": 0.27264833450317383, "opt": 46}, "5c.sql": {"speedup": 1.1235723414349565, "speedupAbs": 0.19468259811401367, "opt": 46}, "16d.sql": {"speedup": 1.0914825511021702, "speedupAbs": 0.31984400749206543, "opt": 46}, "6a.sql": {"speedup": 1.0842021573217677, "speedupAbs": 0.20235586166381836, "opt": 42}, "17a.sql": {"speedup": 1.3920549150957444, "speedupAbs": 1.6853227615356445, "opt": 34}, "6b.sql": {"speedup": 1.3268627268214321, "speedupAbs": 0.9288675785064697, "opt": 54}, "17b.sql": {"speedup": 1.0608529934209998, "speedupAbs": 0.26160478591918945, "opt": 54}, "6c.sql": {"speedup": 1.0961419621371167, "speedupAbs": 0.22800779342651367, "opt": 58}, "17c.sql": {"speedup": 1.3008787754400368, "speedupAbs": 1.022343397140503, "opt": 34}, "6d.sql": {"speedup": 1.5202095640722144, "speedupAbs": 1.6112861633300781, "opt": 55}, "17d.sql": {"speedup": 1.1380161876088273, "speedupAbs": 0.5175747871398926, "opt": 54}, "6e.sql": {"speedup": 1.0783960711843683, "speedupAbs": 0.19194912910461426, "opt": 42}, "17e.sql": {"speedup": 1.0100238920133666, "speedupAbs": 0.05880475044250488, "opt": 62}, "6f.sql": {"speedup": 1.0482461184949934, "speedupAbs": 0.21982073783874512, "opt": 62}, "17f.sql": {"speedup": 1.3214159883478078, "speedupAbs": 1.4557385444641113, "opt": 54}, "7a.sql": {"speedup": 1.1840761494079906, "speedupAbs": 0.4520454406738281, "opt": 46}, "18a.sql": {"speedup": 1.02994895594505, "speedupAbs": 0.10667204856872559, "opt": 62}, "7b.sql": {"speedup": 1.069649796253506, "speedupAbs": 0.1686689853668213, "opt": 58}, "18b.sql": {"speedup": 1.0632888333183674, "speedupAbs": 0.23996281623840332, "opt": 62}, "7c.sql": {"speedup": 1.4812376737374688, "speedupAbs": 1.4859466552734375, "opt": 46}, "18c.sql": {"speedup": 1.040851539491962, "speedupAbs": 0.18869495391845703, "opt": 62}, "8a.sql": {"speedup": 1.1161476327072994, "speedupAbs": 0.18478012084960938, "opt": 14}, "19a.sql": {"speedup": 1.1264140058213334, "speedupAbs": 0.47357797622680664, "opt": 46}, "8b.sql": {"speedup": 1.1403650476024356, "speedupAbs": 0.22754764556884766, "opt": 14}, "19b.sql": {"speedup": 1.0531122381257616, "speedupAbs": 0.1585550308227539, "opt": 62}, "8c.sql": {"speedup": 1.0, "speedupAbs": 0.0, "opt": 63}, "19c.sql": {"speedup": 1.0815167062406326, "speedupAbs": 0.30655789375305176, "opt": 46}, "8d.sql": {"speedup": 1.043023045943545, "speedupAbs": 0.15316176414489746, "opt": 62}, "19d.sql": {"speedup": 1.0085762666528042, "speedupAbs": 0.11784505844116211, "opt": 47}, "9a.sql": {"speedup": 1.0628322265577652, "speedupAbs": 0.1612870693206787, "opt": 30}, "1a.sql": {"speedup": 1.3402445443233555, "speedupAbs": 0.03344416618347168, "opt": 62}, "9b.sql": {"speedup": 1.124258152613346, "speedupAbs": 0.2392587661743164, "opt": 14}, "1b.sql": {"speedup": 1.1993178100468807, "speedupAbs": 0.020800352096557617, "opt": 42}, "9c.sql": {"speedup": 1.0578308810566885, "speedupAbs": 0.16228914260864258, "opt": 30}, "1c.sql": {"speedup": 1.2977994855037196, "speedupAbs": 0.028593778610229492, "opt": 62}, "9d.sql": {"speedup": 1.1109532925015657, "speedupAbs": 0.6008007526397705, "opt": 54}, "1d.sql": {"speedup": 1.3285516886627364, "speedupAbs": 0.031065702438354492, "opt": 62}, "20a.sql": {"speedup": 1.2203614049731786, "speedupAbs": 0.7536649703979492, "opt": 35}, "20b.sql": {"speedup": 1.114572632947828, "speedupAbs": 0.3641502857208252, "opt": 34}, "20c.sql": {"speedup": 1.057865870689131, "speedupAbs": 0.19130945205688477, "opt": 46}, "21a.sql": {"speedup": 1.6382006394128197, "speedupAbs": 1.1456663608551025, "opt": 55}, "21b.sql": {"speedup": 3.9588298351639817, "speedupAbs": 1.3168046474456787, "opt": 47}, "21c.sql": {"speedup": 1.2360836800594552, "speedupAbs": 0.1846456527709961, "opt": 62}, "22a.sql": {"speedup": 1.2511215039473775,