{"26b.sql": {"63": 3.6413650512695312, "62": 3.4087564945220947, "47": 3.017556667327881, "opt": 47}, "10a.sql": {"63": 2.41404390335083, "62": 2.2773330211639404, "46": 2.2302393913269043, "30": 2.2201600074768066, "14": 2.2180163860321045, "opt": 14}, "26c.sql": {"63": 7.386035203933716, "62": 7.311370849609375, "55": 4.877501487731934, "opt": 55}, "10b.sql": {"63": 2.153740167617798, "62": 2.133448362350464, "58": 2.1367456912994385, "46": 2.1309409141540527, "42": 2.1287593841552734, "opt": 42}, "27a.sql": {"63": 2.0081231594085693, "62": 1.8259556293487549, "61": 0.7016847133636475, "opt": 61}, "10c.sql": {"63": 3.686030149459839, "62": 3.4831435680389404, "15": 2.3030173778533936, "opt": 15}, "27b.sql": {"63": 0.6592345237731934, "62": 0.6459395885467529, "57": 0.6317205429077148, "opt": 57}, "11a.sql": {"63": 0.37442612648010254, "62": 0.34078145027160645, "58": 0.3114345073699951, "47": 0.3121967315673828, "46": 0.27499985694885254, "opt": 46}, "28a.sql": {"63": 276.179283618927, "62": 272.1991844177246, "55": 8.128747463226318, "opt": 55}, "11b.sql": {"63": 18.0019211769104, "61": 2.533033847808838, "opt": 61}, "27c.sql": {"63": 1.8987560272216797, "62": 1.747912883758545, "58": 1.747063159942627, "54": 1.6598057746887207, "49": 1.2413702011108398, "opt": 49}, "11c.sql": {"63": 0.3564717769622803, "62": 0.3029625415802002, "opt": 62}, "28b.sql": {"63": 2.4633114337921143, "62": 2.2372922897338867, "58": 2.1714494228363037, "opt": 58}, "11d.sql": {"63": 0.34838175773620605, "62": 0.3026914596557617, "59": 0.3051128387451172, "58": 0.2790384292602539, "42": 0.2797386646270752, "opt": 58}, "28c.sql": {"63": 131.88089537620544, "62": 130.43264412879944, "59": 3.6732075214385986, "opt": 59}, "12a.sql": {"63": 1.4151792526245117, "62": 1.4223978519439697, "42": 1.3999354839324951, "opt": 42}, "31a.sql": {"63": 4.865947484970093, "62": 4.56847071647644, "46": 4.470020055770874, "opt": 46}, "12b.sql": {"63": 1.2115497589111328, "62": 1.065610647201538, "58": 1.057096242904663, "opt": 58}, "31b.sql": {"63": 4.50794243812561, "62": 4.273836851119995, "46": 4.27696418762207, "opt": 62}, "12c.sql": {"63": 2.185427665710449, "62": 1.8957672119140625, "opt": 62}, "31c.sql": {"63": 5.685688018798828, "62": 5.451413631439209, "46": 5.420980930328369, "opt": 46}, "13a.sql": {"63": 8.208372354507446, "62": 8.041697025299072, "55": 2.4325754642486572, "opt": 55}, "32a.sql": {"63": 0.024639606475830078, "62": 0.023537397384643555, "opt": 62}, "13b.sql": {"63": 3.837362766265869, "62": 3.620108127593994, "55": 2.3738369941711426, "opt": 55}, "32b.sql": {"63": 0.25294017791748047, "62": 0.25153493881225586, "opt": 62}, "13c.sql": {"63": 3.810176134109497, "62": 3.56304931640625, "55": 2.14095139503479, "opt": 55}, "33a.sql": {"63": 0.2045423984527588, "opt": 63}, "13d.sql": {"63": 7.985599040985107, "62": 7.798315525054932, "55": 3.579538345336914, "opt": 55}, "33b.sql": {"63": 0.3452575206756592, "62": 0.277803897857666, "59": 0.21412348747253418, "opt": 59}, "14a.sql": {"63": 3.996796131134033, "59": 3.2789723873138428, "58": 3.114412307739258, "42": 3.0625061988830566, "opt": 42}, "33c.sql": {"63": 0.4998619556427002, "62": 0.4239354133605957, "47": 0.39086198806762695, "46": 0.3287622928619385, "opt": 46}, "14b.sql": {"63": 3.125103712081909, "62": 3.0710644721984863, "58": 2.9308788776397705, "opt": 58}, "3a.sql": {"63": 2.868642568588257, "62": 2.6487557888031006, "58": 2.3921234607696533, "opt": 58}, "14c.sql": {"63": 4.676825284957886, "62": 4.376264810562134, "59": 3.4757628440856934, "58": 3.1186344623565674, "opt": 58}, "3b.sql": {"63": 1.4192919731140137, "62": 1.1765599250793457, "58": 1.1112942695617676, "opt": 58}, "15a.sql": {"63": 1.8329393863677979, "62": 1.6415209770202637, "58": 1.5705742835998535, "46": 1.5655953884124756, "opt": 46}, "3c.sql": {"63": 2.102250099182129, "62": 1.6630163192749023, "opt": 62}, "15b.sql": {"63": 1.6178057193756104, "62": 1.450298547744751, "58": 1.434272289276123, "opt": 58}, "4a.sql": {"63": 0.7500183582305908, "62": 0.6997370719909668, "opt": 62}, "15c.sql": {"63": 2.1726295948028564, "62": 1.9926860332489014, "59": 1.7578315734863281, "58": 1.6070284843444824, "46": 1.4956214427947998, "opt": 46}, "4b.sql": {"63": 0.6034355163574219, "62": 0.5625288486480713, "59": 0.5452761650085449, "58": 0.5248415470123291, "opt": 58}, "15d.sql": {"63": 2.0977821350097656, "62": 1.876826524734497, "46": 1.8567347526550293, "opt": 46}, "4c.sql": {"63": 0.9185194969177246, "62": 0.8361217975616455, "47": 0.7746531963348389, "opt": 47}, "16a.sql": {"63": 2.8487000465393066, "62": 2.617175817489624, "46": 2.585801124572754, "42": 2.579817771911621, "opt": 42}, "5a.sql": {"63": 0.6174137592315674, "62": 0.5849158763885498, "58": 0.5315179824829102, "opt": 58}, "16b.sql": {"63": 8.187746524810791, "55": 7.37341046333313, "54": 7.081769227981567, "50": 7.155919790267944, "39": 7.228544235229492, "38": 7.224803686141968, "35": 7.144320726394653, "34": 7.110419511795044, "opt": 54}, "5b.sql": {"63": 0.3588407039642334, "62": 0.3166697025299072, "opt": 62}, "16c.sql": {"63": 3.905831813812256, "62": 3.738773822784424, "46": 3.633183479309082, "opt": 46}, "5c.sql": {"63": 1.770137071609497, "62": 1.581244945526123, "46": 1.5754544734954834, "opt": 46}, "16d.sql": {"63": 3.8160736560821533, "62": 3.4977171421051025, "46": 3.496229648590088, "opt": 46}, "6a.sql": {"63": 2.6055705547332764, "62": 2.464324951171875, "58": 2.429898262023926, "46": 2.4125053882598877, "42": 2.403214693069458, "opt": 42}, "17a.sql": {"63": 5.984013319015503, "55": 4.580894470214844, "54": 4.336023569107056, "38": 4.3099164962768555, "34": 4.298690557479858, "opt": 34}, "6b.sql": {"63": 3.770634174346924, "62": 3.4940030574798584, "55": 3.1553821563720703, "54": 2.841766595840454, "opt": 54}, "17b.sql": {"63": 4.56056809425354, "54": 4.298963308334351, "opt": 54}, "6c.sql": {"63": 2.5995819568634033, "62": 2.432176113128662, "58": 2.3715741634368896, "opt": 58}, "17c.sql": {"63": 4.420201539993286, "62": 4.310517072677612, "55": 3.8770294189453125, "54": 3.480846643447876, "50": 3.472221612930298, "34": 3.397858142852783, "opt": 34}, "6d.sql": {"63": 4.708665132522583, "62": 4.496745586395264, "55": 3.097378969192505, "opt": 55}, "17d.sql": {"63": 4.267676830291748, "55": 4.198322534561157, "54": 3.7501020431518555, "opt": 54}, "6e.sql": {"63": 2.6404025554656982, "62": 2.4640941619873047, "42": 2.448453426361084, "opt": 42}, "17e.sql": {"63": 5.9252636432647705, "62": 5.866458892822266, "50": 6.008785247802734, "34": 6.0183234214782715, "opt": 62}, "6f.sql": {"63": 4.776057481765747, "62": 4.556236743927002, "opt": 62}, "17f.sql": {"63": 5.984880208969116, "55": 4.602356672286987, "54": 4.529141664505005, "opt": 54}, "7a.sql": {"63": 2.9077978134155273, "62": 2.771040201187134, "47": 2.5984106063842773, "46": 2.455752372741699, "opt": 46}, "18a.sql": {"63": 3.6684672832489014, "62": 3.561795234680176, "opt": 62}, "7b.sql": {"63": 2.590341329574585, "59": 2.5943212509155273, "58": 2.4216723442077637, "opt": 58}, "18b.sql": {"63": 4.031513452529907, "62": 3.791550636291504, "opt": 62}, "7c.sql": {"63": 4.573707103729248, "62": 4.422776460647583, "55": 4.00829553604126, "54": 3.734680414199829, "47": 3.2464303970336914, "46": 3.0877604484558105, "opt": 46}, "18c.sql": {"63": 4.807736396789551, "62": 4.619041442871094, "opt": 62}, "8a.sql": {"63": 1.7756874561309814, "62": 1.6297287940979004, "30": 1.5939207077026367, "14": 1.590907335281372, "opt": 14}, "19a.sql": {"63": 4.2198240756988525, "62": 3.7601327896118164, "46": 3.746246099472046, "opt": 46}, "8b.sql": {"63": 1.848660945892334, "62": 1.6515617370605469, "46": 1.6498181819915771, "30": 1.6424174308776855, "26": 1.64420747756958, "14": 1.6211133003234863, "opt": 14}, "19b.sql": {"63": 3.1438374519348145, "62": 2.9852824211120605, "46": 2.9925458431243896, "opt": 62}, "8c.sql": {"63": 6.940227270126343, "62": 7.1220703125, "opt": 63}, "19c.sql": {"63": 4.067233562469482, "62": 3.7735393047332764,