{"1.sql": {"speedup": 1.084575739515521, "speedupAbs": 0.18452858924865723, "opt": 50}, "10.sql": {"speedup": 1.153715681752174, "speedupAbs": 0.10725784301757812, "opt": 42}, "11.sql": {"speedup": 1.8703079288352458, "speedupAbs": 0.12646126747131348, "opt": 58}, "12.sql": {"speedup": 1.2146728335050532, "speedupAbs": 0.12677288055419922, "opt": 38}, "13.sql": {"speedup": 1.0816867991445618, "speedupAbs": 0.04435896873474121, "opt": 62}, "14.sql": {"speedup": 1.3469736555943803, "speedupAbs": 0.1426405906677246, "opt": 51}, "15.sql": {"speedup": 1.2616992414110608, "speedupAbs": 0.2282273769378662, "opt": 35}, "16.sql": {"speedup": 1.0703189600376504, "speedupAbs": 0.026824235916137695, "opt": 51}, "17.sql": {"speedup": 1.3321270555740263, "speedupAbs": 0.006192445755004883, "opt": 61}, "18.sql": {"speedup": 1.1095253155764628, "speedupAbs": 0.49530649185180664, "opt": 60}, "19.sql": {"speedup": 2.0909961970093316, "speedupAbs": 0.06135225296020508, "opt": 62}, "2.sql": {"speedup": 1.432868146217275, "speedupAbs": 24.77576756477356, "opt": 55}, "20.sql": {"speedup": 1.01801833918179, "speedupAbs": 0.0870046615600586, "opt": 28}, "21.sql": {"speedup": 110.25298606481182, "speedupAbs": 297.2789852619171, "opt": 55}, "22.sql": {"speedup": 1.06435286968233, "speedupAbs": 0.019617319107055664, "opt": 34}, "3.sql": {"speedup": 1.1895188287321705, "speedupAbs": 0.12478494644165039, "opt": 42}, "4.sql": {"speedup": 1.2822927715089505, "speedupAbs": 0.24024200439453125, "opt": 42}, "5.sql": {"speedup": 1.3107644419190396, "speedupAbs": 0.1549081802368164, "opt": 38}, "6.sql": {"speedup": 1.3291549977577877, "speedupAbs": 0.13212370872497559, "opt": 22}, "7.sql": {"speedup": 1.3127809021538748, "speedupAbs": 0.17576169967651367, "opt": 59}, "8.sql": {"speedup": 1.2148643176810723, "speedupAbs": 0.07223963737487793, "opt": 46}, "9.sql": {"speedup": 1.2871243875866982, "speedupAbs": 0.3702864646911621, "opt": 39}, "avrgTOT": {"speedup": 6.2414238852358315, "speedupAbs": 324.98164439201355, "speedupAvg": 14.771892926909707, "pg_def": 405.0898997783661, "runtime": 7601.365877628326, "factor": 0.04275305907172171}, "50": {"total_speedup": 1.084575739515521, "count": 1, "average_speedup": 1.084575739515521}, "42": {"total_speedup": 3.625527281993295, "count": 3, "average_speedup": 1.208509093997765}, "58": {"total_speedup": 1.8703079288352458, "count": 1, "average_speedup": 1.8703079288352458}, "38": {"total_speedup": 2.5254372754240926, "count": 2, "average_speedup": 1.2627186377120463}, "62": {"total_speedup": 3.1726829961538936, "count": 2, "average_speedup": 1.5863414980769468}, "51": {"total_speedup": 2.4172926156320305, "count": 2, "average_speedup": 1.2086463078160152}, "35": {"total_speedup": 1.2616992414110608, "count": 1, "average_speedup": 1.2616992414110608}, "61": {"total_speedup": 1.3321270555740263, "count": 1, "average_speedup": 1.3321270555740263}, "60": {"total_speedup": 1.1095253155764628, "count": 1, "average_speedup": 1.1095253155764628}, "55": {"total_speedup": 111.6858542110291, "count": 2, "average_speedup": 55.84292710551455}, "28": {"total_speedup": 1.01801833918179, "count": 1, "average_speedup": 1.01801833918179}, "34": {"total_speedup": 1.06435286968233, "count": 1, "average_speedup": 1.06435286968233}, "22": {"total_speedup": 1.3291549977577877, "count": 1, "average_speedup": 1.3291549977577877}, "59": {"total_speedup": 1.3127809021538748, "count": 1, "average_speedup": 1.3127809021538748}, "46": {"total_speedup": 1.2148643176810723, "count": 1, "average_speedup": 1.2148643176810723}, "39": {"total_speedup": 1.2871243875866982, "count": 1, "average_speedup": 1.2871243875866982}}