{"1.sql": {"63": 2.3663432598114014, "62": 2.1946253776550293, "50": 2.181814670562744, "opt": 50}, "10.sql": {"63": 0.805025577545166, "62": 0.7193567752838135, "42": 0.6977677345275879, "opt": 42}, "11.sql": {"63": 0.27176761627197266, "62": 0.19414734840393066, "58": 0.14530634880065918, "opt": 58}, "12.sql": {"63": 0.7173128128051758, "62": 0.6940605640411377, "59": 0.6207900047302246, "58": 0.595956563949585, "55": 0.5922164916992188, "54": 0.5919928550720215, "42": 0.5913197994232178, "38": 0.5905399322509766, "34": 0.5939531326293945, "opt": 38}, "13.sql": {"63": 0.5873961448669434, "62": 0.5430371761322021, "opt": 62}, "14.sql": {"63": 0.5537397861480713, "62": 0.49975061416625977, "59": 0.44642019271850586, "58": 0.42635536193847656, "51": 0.4110991954803467, "50": 0.412980318069458, "opt": 51}, "15.sql": {"63": 1.100325345993042, "62": 0.907325267791748, "58": 0.9038510322570801, "55": 0.9043655395507812, "54": 0.8909046649932861, "50": 0.8929703235626221, "46": 0.8966128826141357, "42": 0.8800029754638672, "35": 0.8720979690551758, "31": 0.8798677921295166, "opt": 35}, "16.sql": {"63": 0.40828943252563477, "58": 0.39868974685668945, "55": 0.38361120223999023, "54": 0.38576531410217285, "51": 0.38146519660949707, "opt": 51}, "17.sql": {"63": 0.024837255477905273, "61": 0.01864480972290039, "opt": 61}, "18.sql": {"63": 5.017607927322388, "62": 5.030049085617065, "61": 4.769777059555054, "60": 4.522301435470581, "53": 4.533983469009399, "49": 4.528390884399414, "45": 4.5226523876190186, "44": 4.538057565689087, "41": 4.53914475440979, "40": 4.5253260135650635, "opt": 60}, "19.sql": {"63": 0.11758732795715332, "62": 0.05623507499694824, "opt": 62}, "2.sql": {"63": 82.01205945014954, "61": 80.12151145935059, "55": 57.23629188537598, "opt": 55}, "20.sql": {"63": 4.915677309036255, "62": 4.886268854141235, "61": 4.872085809707642, "30": 4.855605840682983, "28": 4.828672647476196, "opt": 28}, "21.sql": {"55": 2.7210147380828857, "opt": 55}, "22.sql": {"63": 0.32445716857910156, "62": 0.31653332710266113, "55": 0.30741167068481445, "54": 0.3213975429534912, "50": 0.3145105838775635, "47": 0.32091760635375977, "46": 0.31886911392211914, "34": 0.3048398494720459, "opt": 34}, "3.sql": {"63": 0.7832152843475342, "62": 0.6896810531616211, "50": 0.6662614345550537, "46": 0.6706998348236084, "42": 0.6584303379058838, "opt": 42}, "4.sql": {"63": 1.091280460357666, "62": 0.8754141330718994, "46": 0.8985939025878906, "42": 0.8510384559631348, "38": 0.8885354995727539, "opt": 42}, "5.sql": {"63": 0.6533827781677246, "62": 0.5575411319732666, "59": 0.5377717018127441, "58": 0.5225543975830078, "55": 0.5097496509552002, "54": 0.5077157020568848, "50": 0.5114128589630127, "46": 0.5027961730957031, "39": 0.5076534748077393, "38": 0.4984745979309082, "opt": 38}, "6.sql": {"63": 0.5335264205932617, "62": 0.44893646240234375, "58": 0.4470024108886719, "55": 0.446469783782959, "54": 0.40285491943359375, "22": 0.40140271186828613, "opt": 22}, "7.sql": {"63": 0.7376940250396729, "62": 0.6287338733673096, "59": 0.5619323253631592, "54": 0.5627694129943848, "opt": 59}, "8.sql": {"63": 0.4084501266479492, "62": 0.3556344509124756, "58": 0.35001325607299805, "47": 0.3508760929107666, "46": 0.3362104892730713, "opt": 46}, "9.sql": {"63": 1.6599242687225342, "62": 1.5174212455749512, "55": 1.3897273540496826, "54": 1.313603401184082, "51": 1.2959668636322021, "39": 1.289637804031372, "35": 1.3069813251495361, "opt": 39}, "runtime": 7601.365877628326}