{"10c.sql": {"63": 63.63038349151611, "62": 57.003477811813354, "opt": 62}, "22d.sql": {"63": 166.01234364509583, "62": 76.32113766670227, "48": 42.22933602333069, "51": 23.71292519569397, "43": 8.384479761123657, "opt": 43}, "11a.sql": {"63": 0.7589645385742188, "62": 0.4609191417694092, "47": 0.45302343368530273, "42": 0.45944786071777344, "46": 0.45635390281677246, "43": 0.45618510246276855, "opt": 47}, "14b.sql": {"63": 46.892555475234985, "39": 18.346307039260864, "55": 6.549616575241089, "51": 5.649789333343506, "43": 5.287873268127441, "47": 5.216940641403198, "opt": 47}, "15c.sql": {"63": 75.00971961021423, "62": 54.18159627914429, "opt": 62}, "11c.sql": {"63": 4.512696981430054, "62": 0.49526524543762207, "59": 0.48119068145751953, "42": 0.47442054748535156, "46": 0.4771592617034912, "43": 0.46796560287475586, "47": 0.470503568649292, "58": 0.4716184139251709, "opt": 43}, "31b.sql": {"63": 104.55391430854797, "62": 80.17130756378174, "opt": 62}, "7c.sql": {"63": 159.23584628105164, "62": 152.7670180797577, "opt": 62}, "24b.sql": {"63": 75.60930037498474, "62": 74.65365529060364, "opt": 62}, "17b.sql": {"63": 186.81693744659424, "62": 107.33517074584961, "51": 67.0062165260315, "39": 43.520320415496826, "opt": 39}, "22a.sql": {"63": 76.58129858970642, "62": 52.31178641319275, "39": 44.49450612068176, "55": 36.99114274978638, "49": 34.168760776519775, "59": 14.108433961868286, "opt": 59}, "13d.sql": {"63": 105.58828330039978, "62": 42.744266986846924, "51": 16.081432819366455, "opt": 51}, "8c.sql": {"63": 72.399409532547, "opt": 63}, "16b.sql": {"63": 114.91980075836182, "51": 84.9466438293457, "opt": 51}, "17e.sql": {"63": 179.73631191253662, "62": 102.61477899551392, "39": 69.71688914299011, "55": 69.80241060256958, "51": 67.40196561813354, "54": 64.72197818756104, "opt": 54}, "16d.sql": {"63": 151.9269471168518, "51": 61.57374548912048, "39": 56.037941694259644, "opt": 39}, "9c.sql": {"63": 97.82344102859497, "62": 82.70731663703918, "opt": 62}, "8d.sql": {"63": 55.15026116371155, "39": 54.57108449935913, "opt": 39}, "2a.sql": {"63": 13.031239986419678, "62": 1.3631694316864014, "59": 1.3069558143615723, "42": 1.2990384101867676, "58": 1.2974908351898193, "46": 1.0421690940856934, "47": 1.027611494064331, "opt": 47}, "23b.sql": {"63": 22.004757165908813, "62": 14.3983473777771, "49": 10.153884887695312, "48": 7.425290107727051, "57": 5.879175186157227, "56": 5.403778076171875, "60": 5.34247612953186, "42": 2.624957323074341, "46": 2.6058247089385986, "43": 2.6011674404144287, "opt": 43}, "2b.sql": {"63": 40.35358214378357, "62": 1.6810264587402344, "47": 1.0062932968139648, "46": 1.009941577911377, "opt": 47}, "19c.sql": {"63": 98.61896896362305, "62": 95.6854350566864, "opt": 62}, "32a.sql": {"63": 0.23780608177185059, "62": 0.05033397674560547, "47": 0.08406257629394531, "59": 0.0486302375793457, "42": 0.04055929183959961, "58": 0.04438376426696777, "46": 0.047247886657714844, "43": 0.04501652717590332, "opt": 42}, "2d.sql": {"63": 38.12578868865967, "62": 1.7771272659301758, "59": 1.5570635795593262, "42": 1.5598976612091064, "46": 1.2352235317230225, "47": 1.2306334972381592, "opt": 47}, "15b.sql": {"63": 37.98141956329346, "55": 21.265583992004395, "51": 19.69218683242798, "49": 6.37793755531311, "56": 5.891003847122192, "60": 5.860374212265015, "58": 4.711227893829346, "opt": 58}, "23c.sql": {"63": 37.70267462730408, "62": 32.879281520843506, "opt": 62}, "9d.sql": {"63": 296.75414395332336, "62": 121.06884431838989, "55": 76.07157397270203, "opt": 55}, "11b.sql": {"63": 33.03119778633118, "62": 27.465900421142578, "opt": 62}, "1a.sql": {"63": 4.386651277542114, "62": 0.16556692123413086, "46": 0.1579117774963379, "47": 0.15697050094604492, "opt": 47}, "12c.sql": {"63": 78.92509150505066, "62": 4.201011896133423, "43": 3.930184841156006, "47": 3.578547239303589, "46": 3.5721514225006104, "opt": 46}, "33c.sql": {"63": 3.105093002319336, "62": 0.5808911323547363, "47": 0.4845545291900635, "46": 0.4687817096710205, "43": 0.4630930423736572, "42": 0.46029114723205566, "opt": 42}, "5c.sql": {"63": 27.54732322692871, "62": 2.961700439453125, "58": 2.894098997116089, "opt": 58}, "10a.sql": {"63": 134.52918934822083, "62": 109.18021392822266, "opt": 62}, "25a.sql": {"63": 106.24331665039062, "62": 101.07239747047424, "opt": 62}, "30c.sql": {"63": 92.0266330242157, "62": 72.51244473457336, "opt": 62}, "19b.sql": {"63": 56.187856912612915, "48": 40.436891317367554, "opt": 48}, "8b.sql": {"63": 70.44879746437073, "62": 50.31728982925415, "39": 50.21708416938782, "42": 31.990598917007446, "opt": 42}, "18a.sql": {"63": 152.9658350944519, "62": 134.64152836799622, "opt": 62}, "14c.sql": {"63": 124.21018648147583, "62": 59.40242838859558, "51": 9.850813865661621, "35": 8.856223821640015, "43": 7.823353052139282, "59": 5.871858358383179, "58": 5.521890163421631, "opt": 58}, "27c.sql": {"63": 26.30065393447876, "62": 3.235447883605957, "49": 2.530644178390503, "41": 2.4203414916992188, "25": 1.0835068225860596, "24": 1.0078983306884766, "opt": 24}, "29c.sql": {"63": 98.39756917953491, "39": 91.70388674736023, "opt": 39}, "31c.sql": {"63": 149.43607711791992, "62": 96.23456859588623, "51": 74.59565925598145, "39": 51.87446308135986, "opt": 39}, "18c.sql": {"63": 183.27276277542114, "62": 153.37714004516602, "opt": 62}, "25b.sql": {"63": 59.029772996902466, "59": 39.57469296455383, "opt": 59}, "21c.sql": {"63": 6.003532648086548, "62": 1.5273945331573486, "42": 1.4324321746826172, "46": 1.4282722473144531, "43": 1.4324851036071777, "47": 1.4123330116271973, "opt": 47}, "17c.sql": {"63": 198.44815516471863, "62": 79.76085162162781, "39": 53.83447456359863, "54": 52.92539715766907, "38": 51.894028186798096, "35": 51.08088183403015, "opt": 35}, "27b.sql": {"63": 4.064185619354248, "62": 1.2579257488250732, "47": 1.1933071613311768, "57": 1.16404390335083, "56": 1.1434991359710693, "opt": 56}, "17a.sql": {"63": 178.3210151195526, "62": 141.7659547328949, "opt": 62}, "10b.sql": {"63": 36.04085659980774, "51": 34.58502984046936, "opt": 51}, "6d.sql": {"63": 157.7453474998474, "62": 90.73769402503967, "51": 49.996642112731934, "38": 44.90361547470093, "50": 43.02375411987305, "opt": 50}, "17f.sql": {"63": 221.62521314620972, "62": 152.45275378227234, "39": 62.45107293128967, "55": 57.97578406333923, "51": 56.88033175468445, "opt": 51}, "13b.sql": {"63": 120.45733404159546, "62": 9.219173431396484, "51": 7.705622434616089, "38": 5.185827970504761, "opt": 38}, "24a.sql": {"63": 66.94080948829651, "47": 65.80899906158447, "opt": 47}, "20c.sql": {"63": 111.82595920562744, "62": 104.18327212333679, "opt": 62}, "28b.sql": {"63": 27.640396118164062, "62": 24.054462909698486, "opt": 62}, "25c.sql": {"63": 129.0717384815216, "62": 109.92601561546326, "opt": 62}, "28c.sql": {"63": 261.64619398117065, "39": 52.86756992340088, "49": 33.79657816886902, "51": 32.303510427474976, "48": 23.522571802139282, "50": 18.488785982131958, "opt": 50}, "23a.sql": {"63": 60.2949333190918, "55": 28.458513736724854, "46": 20.13863444328308, "43": 2.5781757831573486, "42": 2.5257203578948975, "opt": 42}, "14a.sql": {"63": 146.17294049263, "62": 17.144168853759766, "51": 13.22257137298584, "38": 11.917714595794678, "42": 11.734916687011719, "opt": 42}, "2c.sql": {"63": 19.65880584716797, "62": 0.9935388565063477, "46": 0.9677445888519287, "35": 0.9250750541687012, "50": 0.915224552154541, "34": 0.8839242458343506, "opt": 34}, "11d.sql": {"63": 0.5376629829406738, "62": 0.47681379318237305, "opt": 62}, "26a.sql": {"63": 154.66258001327515, "39": 60.887399435043335, "51": 59.58582925796509, "opt": 51}, "1c.sql": {"63": 4.414959669113159, "62": 0.16835308074951172, "46": 0.15706825256347656, "43": 0.15220284461975098, "59": 0.15467166900634766, "47": 0.15433239936828613, "58": 0.14968657493591309, "opt": 58}, "7b.sql": {"63": 73.26603817939758, "55": 65.99186372756958, "opt": 55}, "7a.sql": {"63": 52.482210636138916, "62": 38.65065407752991, "opt": 62}, "30b.sql": {"63": 76.28541994094849,