{"10c.sql": {"63": 43.978166341781616, "57": 36.039815187454224, "56": 30.85990071296692, "opt": 56}, "22d.sql": {"63": 163.44383144378662, "62": 75.94916152954102, "opt": 62}, "11a.sql": {"63": 0.7438011169433594, "62": 0.4570760726928711, "46": 0.456418514251709, "43": 0.45218420028686523, "42": 0.4522266387939453, "opt": 43}, "14b.sql": {"63": 23.295206308364868, "59": 6.921783924102783, "opt": 59}, "15c.sql": {"63": 21.20529818534851, "62": 7.6621434688568115, "opt": 62}, "11c.sql": {"63": 0.5258398056030273, "62": 0.4732234477996826, "59": 0.47344040870666504, "58": 0.4796757698059082, "43": 0.47614097595214844, "42": 0.4744112491607666, "opt": 62}, "31b.sql": {"63": 72.6398012638092, "54": 70.80262899398804, "51": 51.8069269657135, "opt": 51}, "7c.sql": {"63": 104.5952479839325, "57": 69.11766076087952, "opt": 57}, "24b.sql": {"63": 92.5519528388977, "62": 70.35525274276733, "opt": 62}, "17b.sql": {"63": 177.17503261566162, "62": 107.72991919517517, "opt": 62}, "22a.sql": {"63": 120.29348707199097, "62": 116.90214157104492, "61": 50.91362380981445, "opt": 61}, "13d.sql": {"63": 80.59728622436523, "61": 70.40975141525269, "opt": 61}, "8c.sql": {"63": 64.70770049095154, "opt": 63}, "16b.sql": {"63": 89.40384292602539, "55": 76.99347257614136, "opt": 55}, "17e.sql": {"63": 134.16667103767395, "61": 107.64226245880127, "opt": 61}, "16d.sql": {"63": 121.32750105857849, "60": 68.72417068481445, "opt": 60}, "9c.sql": {"63": 95.20936512947083, "62": 82.28610825538635, "opt": 62}, "8d.sql": {"63": 50.39157819747925, "opt": 63}, "2a.sql": {"63": 26.652732372283936, "62": 2.2535603046417236, "opt": 62}, "23b.sql": {"63": 37.29355835914612, "62": 19.59728717803955, "opt": 62}, "2b.sql": {"63": 8.737519979476929, "62": 1.1377484798431396, "47": 1.0077929496765137, "46": 1.0183711051940918, "opt": 47}, "19c.sql": {"63": 85.80110621452332, "62": 75.51576805114746, "opt": 62}, "32a.sql": {"63": 0.16874361038208008, "62": 0.05096888542175293, "59": 0.04600238800048828, "58": 0.04631328582763672, "47": 0.04712629318237305, "46": 0.04085707664489746, "43": 0.04509401321411133, "42": 0.04404950141906738, "opt": 46}, "2d.sql": {"63": 74.02102661132812, "62": 1.2392022609710693, "opt": 62}, "15b.sql": {"63": 30.23146963119507, "62": 12.28780746459961, "opt": 62}, "23c.sql": {"63": 6.051517724990845, "62": 3.7535696029663086, "59": 2.745800495147705, "58": 2.681901216506958, "47": 2.58223295211792, "46": 2.5583293437957764, "opt": 46}, "9d.sql": {"63": 294.5619571208954, "62": 124.5026159286499, "opt": 62}, "11b.sql": {"63": 38.055392026901245, "62": 28.124239921569824, "61": 4.371397972106934, "opt": 61}, "1a.sql": {"63": 1.6887919902801514, "62": 0.16819000244140625, "59": 0.16546964645385742, "58": 0.16163086891174316, "47": 0.15853142738342285, "46": 0.1568436622619629, "42": 0.16148829460144043, "opt": 46}, "12c.sql": {"63": 33.312424182891846, "61": 19.482390880584717, "opt": 61}, "33c.sql": {"63": 3.2895891666412354, "62": 0.6107449531555176, "58": 0.580291748046875, "47": 0.49993038177490234, "46": 0.4623677730560303, "43": 0.4699592590332031, "42": 0.459017276763916, "opt": 42}, "5c.sql": {"63": 5.7040605545043945, "62": 2.8810102939605713, "46": 2.8618693351745605, "opt": 46}, "10a.sql": {"63": 80.3105320930481, "62": 77.74612712860107, "59": 72.2280662059784, "55": 54.865694761276245, "opt": 55}, "25a.sql": {"63": 95.81208062171936, "62": 88.55816221237183, "55": 57.7928900718689, "opt": 55}, "30c.sql": {"63": 88.99862360954285, "62": 80.35785603523254, "59": 68.17979145050049, "opt": 59}, "19b.sql": {"63": 80.26454162597656, "62": 76.65845227241516, "61": 54.9091157913208, "opt": 61}, "8b.sql": {"63": 85.01432824134827, "62": 56.469438314437866, "opt": 62}, "18a.sql": {"63": 126.205730676651, "62": 122.97340106964111, "59": 115.40637278556824, "opt": 59}, "14c.sql": {"63": 94.14970922470093, "62": 34.215638637542725, "opt": 62}, "27c.sql": {"63": 6.9287660121917725, "62": 3.2053442001342773, "55": 3.0803017616271973, "54": 2.729492425918579, "49": 2.607492446899414, "48": 2.305074453353882, "41": 2.2977585792541504, "40": 2.248328447341919, "25": 1.0036120414733887, "opt": 25}, "29c.sql": {"63": 97.60215330123901, "49": 82.37107634544373, "opt": 49}, "31c.sql": {"63": 112.02169060707092, "55": 99.8153486251831, "opt": 55}, "18c.sql": {"63": 188.79163813591003, "62": 159.19965887069702, "opt": 62}, "25b.sql": {"63": 93.79927134513855, "62": 77.25092697143555, "opt": 62}, "21c.sql": {"63": 1.8425652980804443, "62": 1.4441609382629395, "59": 1.4485149383544922, "58": 1.4485578536987305, "47": 1.4158966541290283, "46": 1.399902105331421, "43": 1.4129984378814697, "42": 1.410783052444458, "opt": 46}, "17c.sql": {"63": 141.62960815429688, "62": 94.25893020629883, "opt": 62}, "27b.sql": {"63": 4.078656196594238, "62": 1.321542501449585, "59": 1.319732666015625, "58": 1.2588739395141602, "57": 1.1790978908538818, "56": 1.146087646484375, "opt": 56}, "17a.sql": {"63": 115.31823134422302, "61": 61.37505269050598, "opt": 61}, "10b.sql": {"63": 32.83110690116882, "62": 32.783934116363525, "56": 31.282158613204956, "32": 26.101465940475464, "opt": 32}, "6d.sql": {"63": 219.14478659629822, "62": 156.4619059562683, "opt": 62}, "17f.sql": {"63": 177.11050271987915, "61": 171.13867926597595, "59": 114.92067122459412, "opt": 59}, "13b.sql": {"63": 128.70234417915344, "62": 34.79645490646362, "opt": 62}, "24a.sql": {"63": 68.61709666252136, "55": 64.1707992553711, "51": 58.92070412635803, "16": 51.435694217681885, "opt": 16}, "20c.sql": {"63": 92.97609424591064, "59": 87.68004512786865, "58": 85.68477177619934, "55": 69.96175622940063, "opt": 55}, "28b.sql": {"63": 37.13905048370361, "62": 4.280991315841675, "opt": 62}, "25c.sql": {"63": 93.93241429328918, "59": 87.88879919052124, "55": 57.54712176322937, "opt": 55}, "28c.sql": {"59": 36.6201286315918, "opt": 59}, "23a.sql": {"63": 73.5705988407135, "61": 5.5490944385528564, "opt": 61}, "14a.sql": {"63": 103.97252368927002, "62": 30.66149353981018, "opt": 62}, "2c.sql": {"63": 19.963675260543823, "62": 1.0017263889312744, "opt": 62}, "11d.sql": {"63": 0.5397658348083496, "62": 0.4793248176574707, "58": 0.4830954074859619, "47": 0.4733414649963379, "46": 0.4732391834259033, "43": 0.4784965515136719, "42": 0.4753274917602539, "opt": 46}, "26a.sql": {"63": 184.90914011001587, "59": 162.27116513252258, "opt": 59}, "1c.sql": {"63": 4.21755576133728, "62": 0.1621265411376953, "59": 0.15070891380310059, "58": 0.15538239479064941, "46": 0.15413165092468262, "42": 0.14887762069702148, "opt": 42}, "7b.sql": {"63": 40.03343892097473, "62": 37.65218257904053, "58": 37.54385280609131, "41": 37.55589008331299, "40": 29.528141498565674, "opt": 40}, "7a.sql": {"63": 81.02178168296814, "62": 63.67094087600708, "opt": 62}, "30b.sql": {"63": 101.69986367225647, "62": 78.82004380226135, "opt": 62}, "3a.sql": {"63": 47.635382890701294, "62": 44.88101935386658, "61": 14.97738528251648, "opt": 61}, "6b.sql": {"63": 190.88251900672913, "62": 148.18532633781433, "opt": 62}, "1d.sql": {"63": 1.5789966583251953, "62": 0.1526482105255127, "59": 0.15263915061950684, "58": 0.1486353874206543, "47": 0.14892315864562988, "46": 0.14463543891906738, "43": 0.1468355655670166, "opt": 46}, "17d.sql": {"63": 117.16738796234131, "62": 99.35458850860596, "opt": 62}, "32b.sql": {"63": 5.419196367263794, "62": 0.4825770854949951, "59": 0.4705464839935303, "58": 0.46994996070861816, "47": 0.4793550968170166, "46": 0.4679281711578369, "43": 0.46566295623779297, "42": 0.46947550773620605, "opt": 43}, "4c.sql": {"63": 16.506495475769043, "62": 0.9226295948028564, "opt": 62}, "29a.sql": {"63": 60.15006613731384, "62": 51.174991846084595, "opt": 62}, "15a.sql": {"63": 77.63188815116882, "62": 8.783942699432373, "opt": 62}, "31a.sql": {"63": 141.8130271434784, "58": 124.87182235717773, "opt": 58}, "20a.sql": {"63": 141.2273404598236, "62": 124.93123602867126, "opt": 62}, "26b.sql": {"63": 79.98686957359314, "62": 65.56841969490051, "opt": 62},