{"10c.sql": {"speedup": 1.4250909862228616, "speedupAbs": 13.118265628814697, "opt": 56}, "22d.sql": {"speedup": 2.1520162718348623, "speedupAbs": 87.4946699142456, "opt": 62}, "11a.sql": {"speedup": 1.6449073551696247, "speedupAbs": 0.29161691665649414, "opt": 43}, "14b.sql": {"speedup": 3.3654916945972775, "speedupAbs": 16.373422384262085, "opt": 59}, "15c.sql": {"speedup": 2.767541259379777, "speedupAbs": 13.5431547164917, "opt": 62}, "11c.sql": {"speedup": 1.1111871316774173, "speedupAbs": 0.05261635780334473, "opt": 62}, "31b.sql": {"speedup": 1.4021252662193835, "speedupAbs": 20.832874298095703, "opt": 51}, "7c.sql": {"speedup": 1.5132926495558316, "speedupAbs": 35.47758722305298, "opt": 57}, "24b.sql": {"speedup": 1.315494568362733, "speedupAbs": 22.19670009613037, "opt": 62}, "17b.sql": {"speedup": 1.6446223476198119, "speedupAbs": 69.44511342048645, "opt": 62}, "22a.sql": {"speedup": 2.3626974092699013, "speedupAbs": 69.37986326217651, "opt": 61}, "13d.sql": {"speedup": 1.1446892597167393, "speedupAbs": 10.187534809112549, "opt": 61}, "8c.sql": {"speedup": 1.0, "speedupAbs": 0.0, "opt": 63}, "16b.sql": {"speedup": 1.1611873050356445, "speedupAbs": 12.410370349884033, "opt": 55}, "17e.sql": {"speedup": 1.2464125890054063, "speedupAbs": 26.52440857887268, "opt": 61}, "16d.sql": {"speedup": 1.7654269211194347, "speedupAbs": 52.60333037376404, "opt": 60}, "9c.sql": {"speedup": 1.1570527170148253, "speedupAbs": 12.923256874084473, "opt": 62}, "8d.sql": {"speedup": 1.0, "speedupAbs": 0.0, "opt": 63}, "2a.sql": {"speedup": 11.826944376587806, "speedupAbs": 24.399172067642212, "opt": 62}, "23b.sql": {"speedup": 1.902995961652119, "speedupAbs": 17.696271181106567, "opt": 62}, "2b.sql": {"speedup": 8.669955452934595, "speedupAbs": 7.729727029800415, "opt": 47}, "19c.sql": {"speedup": 1.1362011991510106, "speedupAbs": 10.285338163375854, "opt": 62}, "32a.sql": {"speedup": 4.130095059142075, "speedupAbs": 0.12788653373718262, "opt": 46}, "2d.sql": {"speedup": 59.73280467816725, "speedupAbs": 72.78182435035706, "opt": 62}, "15b.sql": {"speedup": 2.4602818459102656, "speedupAbs": 17.94366216659546, "opt": 62}, "23c.sql": {"speedup": 2.365417783158539, "speedupAbs": 3.4931883811950684, "opt": 46}, "9d.sql": {"speedup": 2.3659097836924428, "speedupAbs": 170.05934119224548, "opt": 62}, "11b.sql": {"speedup": 8.705542773667721, "speedupAbs": 33.68399405479431, "opt": 61}, "1a.sql": {"speedup": 10.767358820399787, "speedupAbs": 1.5319483280181885, "opt": 46}, "12c.sql": {"speedup": 1.7098735153748261, "speedupAbs": 13.830033302307129, "opt": 61}, "33c.sql": {"speedup": 7.166591178948484, "speedupAbs": 2.8305718898773193, "opt": 42}, "5c.sql": {"speedup": 1.9931240341399004, "speedupAbs": 2.842191219329834, "opt": 46}, "10a.sql": {"speedup": 1.4637658821688813, "speedupAbs": 25.44483733177185, "opt": 55}, "25a.sql": {"speedup": 1.657852384654433, "speedupAbs": 38.019190549850464, "opt": 55}, "30c.sql": {"speedup": 1.3053519483725193, "speedupAbs": 20.81883215904236, "opt": 59}, "19b.sql": {"speedup": 1.4617707910471136, "speedupAbs": 25.35542583465576, "opt": 61}, "8b.sql": {"speedup": 1.5054927192291934, "speedupAbs": 28.5448899269104, "opt": 62}, "18a.sql": {"speedup": 1.0935767898290036, "speedupAbs": 10.799357891082764, "opt": 59}, "14c.sql": {"speedup": 2.7516572238226824, "speedupAbs": 59.9340705871582, "opt": 62}, "27c.sql": {"speedup": 6.903829095174814, "speedupAbs": 5.925153970718384, "opt": 25}, "29c.sql": {"speedup": 1.1849080724879684, "speedupAbs": 15.231076955795288, "opt": 49}, "31c.sql": {"speedup": 1.1222892285606685, "speedupAbs": 12.206341981887817, "opt": 55}, "18c.sql": {"speedup": 1.18587966503903, "speedupAbs": 29.591979265213013, "opt": 62}, "25b.sql": {"speedup": 1.2142154796384768, "speedupAbs": 16.548344373703003, "opt": 62}, "21c.sql": {"speedup": 1.3162101057375186, "speedupAbs": 0.44266319274902344, "opt": 46}, "17c.sql": {"speedup": 1.5025590450084751, "speedupAbs": 47.37067794799805, "opt": 62}, "27b.sql": {"speedup": 3.558764645187059, "speedupAbs": 2.9325685501098633, "opt": 56}, "17a.sql": {"speedup": 1.8789105066147085, "speedupAbs": 53.94317865371704, "opt": 61}, "10b.sql": {"speedup": 1.2578261686926069, "speedupAbs": 6.729640960693359, "opt": 32}, "6d.sql": {"speedup": 1.4006271063676676, "speedupAbs": 62.68288064002991, "opt": 62}, "17f.sql": {"speedup": 1.5411544401245703, "speedupAbs": 62.189831495285034, "opt": 59}, "13b.sql": {"speedup": 3.6987200140105743, "speedupAbs": 93.90588927268982, "opt": 62}, "24a.sql": {"speedup": 1.3340365616944094, "speedupAbs": 17.181402444839478, "opt": 16}, "20c.sql": {"speedup": 1.3289559790501442, "speedupAbs": 23.01433801651001, "opt": 55}, "28b.sql": {"speedup": 8.67533889785567, "speedupAbs": 32.85805916786194, "opt": 62}, "25c.sql": {"speedup": 1.632269545638836, "speedupAbs": 36.385292530059814, "opt": 55}, "28c.sql": {"speedup": 8.192215899023171, "speedupAbs": 263.3798713684082, "opt": 59}, "23a.sql": {"speedup": 13.258127007097741, "speedupAbs": 68.02150440216064, "opt": 61}, "14a.sql": {"speedup": 3.3909804019910013, "speedupAbs": 73.31103014945984, "opt": 62}, "2c.sql": {"speedup": 19.929269590115066, "speedupAbs": 18.96194887161255, "opt": 62}, "11d.sql": {"speedup": 1.1405772254546682, "speedupAbs": 0.06652665138244629, "opt": 46}, "26a.sql": {"speedup": 1.1395070711361779, "speedupAbs": 22.637974977493286, "opt": 59}, "1c.sql": {"speedup": 28.32901104673322, "speedupAbs": 4.068678140640259, "opt": 42}, "7b.sql": {"speedup": 1.355772388279816, "speedupAbs": 10.505297422409058, "opt": 40}, "7a.sql": {"speedup": 1.272508000796629, "speedupAbs": 17.35084080696106, "opt": 62}, "30b.sql": {"speedup": 1.2902792077532275, "speedupAbs": 22.879819869995117, "opt": 62}, "3a.sql": {"speedup": 3.180487247417439, "speedupAbs": 32.657997608184814, "opt": 61}, "6b.sql": {"speedup": 1.2881337425513988, "speedupAbs": 42.697192668914795, "opt": 62}, "1d.sql": {"speedup": 10.917080005604596, "speedupAbs": 1.434361219406128, "opt": 46}, "17d.sql": {"speedup": 1.1792851213126652, "speedupAbs": 17.81279945373535, "opt": 62}, "32b.sql": {"speedup": 11.637593874863553, "speedupAbs": 4.953533411026001, "opt": 43}, "4c.sql": {"speedup": 17.890706702613503, "speedupAbs": 15.583865880966187, "opt": 62}, "29a.sql": {"speedup": 1.1753800824868315, "speedupAbs": 8.975074291229248, "opt": 62}, "15a.sql": {"speedup": 8.837931986531, "speedupAbs": 68.84794545173645, "opt": 62}, "31a.sql": {"speedup": 1.1356687559010936, "speedupAbs": 16.94120478630066, "opt": 58}, "20a.sql": {"speedup": 1.130440592354441, "speedupAbs": 16.296104431152344, "opt": 62}, "26b.sql": {"speedup": 1.219899304356942, "speedupAbs": 14.418449878692627, "opt": 62}, "28a.sql": {"speedup": 7.864595801544016, "speedupAbs": 261.85436511039734, "opt": 55}, "33a.sql": {"speedup": 2.582486611364698, "speedupAbs": 0.5800890922546387, "opt": 62}, "33b.sql": {"speedup": 3.3093488597276517, "speedupAbs": 0.5652115345001221, "opt": 46}, "16c.sql": {"speedup": 1.552861527075672, "speedupAbs": 38.960906982421875, "opt": 60}, "19a.sql": {"speedup": 1.333910141382898, "speedupAbs": 25.208084106445312, "opt": 62}, "6e.sql": {"speedup": 1.2640000818937958, "speedupAbs": 11.57184910774231, "opt": 58}, "18b.sql": {"speedup": 1.1901519911091165, "speedupAbs": 10.065722703933716, "opt": 58}, "4b.sql": {"speedup": 6.397893854290776, "speedupAbs": 4.083029270172119, "opt": 42}, "22b.sql": {"speedup": 2.513575608406185, "speedupAbs": 54.922770500183105, "opt": 61}, "13c.sql": {"speedup": 2.516553455670713, "speedupAbs": 24.117424726486206, "opt": 59}, "29b.sql": {"speedup": 1.0966017364722829, "speedupAbs": 6.022408723831177, "opt": 32}, "6c.sql": {"speedup": 1.7428078655996082, "speedupAbs": 24.56576895713806, "opt": 62}, "26c.sql": {"speedup": 1.0509994246790726, "speedupAbs": 11.431587934494019, "opt": 59}, "3b.sql": {"speedup": 2.968042122021483, "speedupAbs": 15.700709104537964, "opt": 62}, "27a.sql": {"speedup": 3.6024722493807286,