{"12.sql": {"63": 1.0618455410003662, "62": 1.059661626815796, "59": 1.0576910972595215, "58": 1.0500009059906006, "55": 1.0492315292358398, "54": 1.0567469596862793, "51": 1.0604968070983887, "50": 1.0501539707183838, "47": 1.057020664215088, "46": 1.0573232173919678, "43": 1.0577623844146729, "42": 1.0576589107513428, "39": 1.0580883026123047, "38": 1.0490617752075195, "35": 1.048388957977295, "34": 1.0510642528533936, "opt": 35}, "7.sql": {"63": 0.9762136936187744, "62": 0.9719264507293701, "59": 0.9686293601989746, "58": 0.9704666137695312, "55": 0.9687824249267578, "54": 0.959805965423584, "51": 0.9692337512969971, "50": 0.9596168994903564, "47": 0.9691781997680664, "46": 0.9600074291229248, "43": 0.9677362442016602, "42": 0.9726948738098145, "38": 0.977459192276001, "35": 0.9588358402252197, "34": 0.96466064453125, "opt": 35}, "3.sql": {"63": 1.0252938270568848, "62": 1.0201518535614014, "59": 1.0179762840270996, "58": 1.0148332118988037, "55": 1.027782678604126, "54": 1.006288766860962, "51": 1.0196640491485596, "50": 1.010284662246704, "47": 1.0206263065338135, "46": 1.003300428390503, "43": 1.0177204608917236, "39": 1.0100140571594238, "38": 1.0082213878631592, "34": 1.00545334815979, "opt": 46}, "19.sql": {"63": 0.14886116981506348, "62": 0.14269304275512695, "61": 0.1259469985961914, "59": 0.12302541732788086, "58": 0.07920336723327637, "47": 0.0805051326751709, "30": 0.08032417297363281, "10": 0.08424568176269531, "opt": 58}, "22.sql": {"63": 0.4935750961303711, "62": 0.4751896858215332, "59": 0.47296786308288574, "58": 0.46880388259887695, "55": 0.4706299304962158, "54": 0.47060537338256836, "50": 0.49639058113098145, "47": 0.47883057594299316, "46": 0.4667625427246094, "43": 0.4835970401763916, "42": 0.4658167362213135, "39": 0.4738430976867676, "38": 0.4675326347351074, "35": 0.4702773094177246, "34": 0.47208070755004883, "opt": 42}, "14.sql": {"63": 0.7128951549530029, "62": 0.7265198230743408, "59": 0.7286994457244873, "58": 0.7160489559173584, "55": 0.7177622318267822, "54": 0.7286863327026367, "51": 0.7290925979614258, "50": 0.7187745571136475, "47": 0.7203271389007568, "46": 0.72637939453125, "43": 0.727741003036499, "42": 0.727217435836792, "39": 0.7255449295043945, "38": 0.7261016368865967, "35": 0.7187235355377197, "34": 0.7265348434448242, "opt": 63}, "6.sql": {"63": 0.6750926971435547, "62": 0.6676971912384033, "59": 0.6630723476409912, "58": 0.6691381931304932, "55": 0.6680183410644531, "54": 0.6579604148864746, "51": 0.6571686267852783, "50": 0.6635324954986572, "47": 0.65771484375, "46": 0.6633059978485107, "43": 0.6627368927001953, "42": 0.6641805171966553, "39": 0.6648993492126465, "38": 0.6633040904998779, "35": 0.6637430191040039, "34": 0.6578202247619629, "31": 0.6619031429290771, "30": 0.6574997901916504, "27": 0.6663479804992676, "26": 0.6635987758636475, "23": 0.6577794551849365, "22": 0.6637101173400879, "19": 0.6630911827087402, "18": 0.6656792163848877, "15": 0.6660983562469482, "14": 0.6585845947265625, "11": 0.658369779586792, "10": 0.6631429195404053, "7": 0.664099931716919, "6": 0.6624257564544678, "3": 0.6581330299377441, "2": 0.662545919418335, "opt": 51}, "17.sql": {"63": 0.053467512130737305, "61": 0.03694868087768555, "47": 0.03566598892211914, "45": 0.025722265243530273, "29": 0.02586221694946289, "13": 0.02578878402709961, "opt": 45}, "11.sql": {"63": 0.42014646530151367, "62": 0.16389250755310059, "opt": 62}, "21.sql": {"55": 4.512186527252197, "opt": 55}, "20.sql": {"63": 7.572906970977783, "62": 7.2011559009552, "61": 7.182848215103149, "46": 7.181224346160889, "30": 7.1569414138793945, "28": 7.118429183959961, "15": 7.1139421463012695, "12": 7.111383676528931, "opt": 12}, "4.sql": {"63": 1.616767168045044, "62": 1.6314232349395752, "59": 1.6259253025054932, "58": 1.6174654960632324, "55": 1.6093721389770508, "54": 1.6288509368896484, "51": 1.6093471050262451, "50": 1.6172804832458496, "47": 1.6185193061828613, "46": 1.6142938137054443, "43": 1.6173856258392334, "42": 1.6156153678894043, "39": 1.6195826530456543, "38": 1.6240339279174805, "35": 1.6262578964233398, "34": 1.6116931438446045, "opt": 51}, "9.sql": {"63": 3.380657434463501, "62": 3.3982298374176025, "55": 2.3634376525878906, "54": 2.343970775604248, "51": 2.3469321727752686, "50": 2.349884510040283, "39": 2.350120782852173, "38": 2.3690977096557617, "35": 2.3534135818481445, "34": 2.3588857650756836, "opt": 54}, "15.sql": {"63": 1.667905569076538, "62": 1.5259120464324951, "59": 1.5251684188842773, "58": 1.5177571773529053, "55": 1.5243480205535889, "54": 1.517374038696289, "51": 1.5112090110778809, "47": 1.5367426872253418, "46": 1.5169227123260498, "43": 1.5172524452209473, "42": 1.5292725563049316, "39": 1.516435146331787, "38": 1.5252838134765625, "35": 1.5190606117248535, "34": 1.5114965438842773, "31": 1.5193884372711182, "30": 1.5182912349700928, "27": 1.5169715881347656, "26": 1.517364501953125, "23": 1.5130884647369385, "22": 1.520932912826538, "19": 1.5180981159210205, "18": 1.5091726779937744, "15": 1.4953703880310059, "11": 1.5151183605194092, "10": 1.5017225742340088, "opt": 15}, "2.sql": {"63": 166.43583798408508, "62": 166.3273468017578, "61": 160.44445252418518, "55": 80.02376294136047, "opt": 55}, "8.sql": {"63": 0.6207609176635742, "62": 0.6011927127838135, "59": 0.595646858215332, "47": 0.5860195159912109, "46": 0.6047947406768799, "43": 0.6031463146209717, "opt": 47}, "10.sql": {"63": 1.253544569015503, "62": 1.2208471298217773, "59": 1.233543872833252, "58": 1.224762201309204, "55": 1.215331792831421, "54": 1.224555253982544, "51": 1.2199461460113525, "50": 1.2322936058044434, "47": 1.2221713066101074, "46": 1.2257130146026611, "43": 1.2234244346618652, "42": 1.226921796798706, "39": 1.2300009727478027, "38": 1.2381436824798584, "35": 1.216660499572754, "34": 1.231830358505249, "opt": 55}, "1.sql": {"63": 4.319108247756958, "62": 4.32469630241394, "59": 4.3176429271698, "58": 4.32449197769165, "54": 4.325528383255005, "51": 4.329771280288696, "50": 4.3267292976379395, "47": 4.331421136856079, "46": 4.311952829360962, "42": 4.324807643890381, "39": 4.312812566757202, "38": 4.319634675979614, "35": 4.3171303272247314, "34": 4.323109149932861, "31": 4.330078125, "30": 4.316887617111206, "27": 4.3283021450042725, "26": 4.325744152069092, "23": 4.3217997550964355, "22": 4.312789678573608, "19": 4.320193767547607, "18": 4.325626611709595, "15": 4.3111793994903564, "14": 4.319695949554443, "11": 4.321281671524048, "10": 4.325271844863892, "7": 4.3273234367370605, "6": 4.310322999954224, "3": 4.315678119659424, "2": 4.321065902709961, "opt": 6}, "16.sql": {"63": 0.588508129119873, "62": 0.5815680027008057, "59": 0.5813083648681641, "55": 0.5811307430267334, "51": 0.5836560726165771, "47": 0.5817060470581055, "42": 0.5799417495727539, "39": 0.5810859203338623, "opt": 42}, "13.sql": {"63": 0.955841064453125, "62": 0.918452262878418, "59": 0.9277248382568359, "58": 0.9415829181671143, "55": 0.9257912635803223, "51": 0.9316461086273193, "50": 0.9531488418579102, "47": 0.9548709392547607, "46": 0.9258384704589844, "43": 0.9419281482696533, "42": 0.9259827136993408, "39": 0.9282643795013428, "34": 0.9508144855499268, "opt": 62}, "18.sql": {"63": 8.16937255859375, "62": 8.018184900283813, "59": 8.00487732887268, "58": 7.990216016769409, "55": 7.9548020362854, "54": 7.962569713592529, "47": 7.949322700500488, "46": 7.943193197250366, "43": 7.953348398208618, "42": 7.929222822189331, "39": 7.941220045089722, "38": 7.933096170425415, "35": 7.948563814163208, "opt": 42}, "5.sql": {"63": 0.9006891250610352, "62": 0.911412239074707, "59": 0.9084117412567139, "58": 0.9092364311218262, "55": 0.9089994430541992, "54": 0.908116340637207, "51": 0.9120283126831055, "50": 0.9096245765686035, "47": 0.9057350158691406, "46": 0.907402515411377, "43": 0.8975429534912109, "42": 0.9076900482177734, "39": 0.9065825939178467, "38": 0.9057331085205078, "35": 0.9080405235290527, "34": 0.8999900817871094, "opt": 43}, "runtime": 6071.358927965164}