{"12.sql": {"speedup": 1.0128354871736094, "speedupAbs": 0.013456583023071289, "opt": 35}, "7.sql": {"speedup": 1.0181239088741956, "speedupAbs": 0.017377853393554688, "opt": 35}, "3.sql": {"speedup": 1.0219210498112352, "speedupAbs": 0.021993398666381836, "opt": 46}, "19.sql": {"speedup": 1.8794803177575157, "speedupAbs": 0.06965780258178711, "opt": 58}, "22.sql": {"speedup": 1.0595907311837534, "speedupAbs": 0.027758359909057617, "opt": 42}, "14.sql": {"speedup": 1.0, "speedupAbs": 0.0, "opt": 63}, "6.sql": {"speedup": 1.0272746896728118, "speedupAbs": 0.017924070358276367, "opt": 51}, "17.sql": {"speedup": 2.078647102987385, "speedupAbs": 0.02774524688720703, "opt": 45}, "11.sql": {"speedup": 2.5635489478699185, "speedupAbs": 0.2562539577484131, "opt": 62}, "21.sql": {"speedup": 66.48661312826802, "speedupAbs": 295.4878134727478, "opt": 55}, "20.sql": {"speedup": 1.0648992257262264, "speedupAbs": 0.46152329444885254, "opt": 12}, "4.sql": {"speedup": 1.0046106045088874, "speedupAbs": 0.007420063018798828, "opt": 51}, "9.sql": {"speedup": 1.4422779795929868, "speedupAbs": 1.036686658859253, "opt": 54}, "15.sql": {"speedup": 1.115379562432498, "speedupAbs": 0.17253518104553223, "opt": 15}, "2.sql": {"speedup": 2.0798301887658712, "speedupAbs": 86.41207504272461, "opt": 55}, "8.sql": {"speedup": 1.0592836940141843, "speedupAbs": 0.03474140167236328, "opt": 47}, "10.sql": {"speedup": 1.031442258327708, "speedupAbs": 0.03821277618408203, "opt": 55}, "1.sql": {"speedup": 1.0020381878116391, "speedupAbs": 0.008785247802734375, "opt": 6}, "16.sql": {"speedup": 1.0147711033969016, "speedupAbs": 0.00856637954711914, "opt": 42}, "13.sql": {"speedup": 1.040708486533128, "speedupAbs": 0.03738880157470703, "opt": 62}, "18.sql": {"speedup": 1.0302866676583207, "speedupAbs": 0.24014973640441895, "opt": 42}, "5.sql": {"speedup": 1.0035053158821943, "speedupAbs": 0.0031461715698242188, "opt": 43}, "avrgTOT": {"speedup": 4.228957665374953, "speedupAbs": 384.40121150016785, "speedupAvg": 17.47278234091672, "pg_def": 503.04929089546204, "runtime": 6071.358927965164, "factor": 0.06331386697129454}, "35": {"total_speedup": 2.030959396047805, "count": 2, "average_speedup": 1.0154796980239025}, "46": {"total_speedup": 1.0219210498112352, "count": 1, "average_speedup": 1.0219210498112352}, "58": {"total_speedup": 1.8794803177575157, "count": 1, "average_speedup": 1.8794803177575157}, "42": {"total_speedup": 3.104648502238976, "count": 3, "average_speedup": 1.0348828340796585}, "63": {"total_speedup": 1.0, "count": 1, "average_speedup": 1.0}, "51": {"total_speedup": 2.0318852941816994, "count": 2, "average_speedup": 1.0159426470908497}, "45": {"total_speedup": 2.078647102987385, "count": 1, "average_speedup": 2.078647102987385}, "62": {"total_speedup": 3.6042574344030465, "count": 2, "average_speedup": 1.8021287172015232}, "55": {"total_speedup": 69.5978855753616, "count": 3, "average_speedup": 23.1992951917872}, "12": {"total_speedup": 1.0648992257262264, "count": 1, "average_speedup": 1.0648992257262264}, "54": {"total_speedup": 1.4422779795929868, "count": 1, "average_speedup": 1.4422779795929868}, "15": {"total_speedup": 1.115379562432498, "count": 1, "average_speedup": 1.115379562432498}, "47": {"total_speedup": 1.0592836940141843, "count": 1, "average_speedup": 1.0592836940141843}, "6": {"total_speedup": 1.0020381878116391, "count": 1, "average_speedup": 1.0020381878116391}, "43": {"total_speedup": 1.0035053158821943, "count": 1, "average_speedup": 1.0035053158821943}}