{"10c.sql": {"speedup": 25.170909535097653, "speedupAbs": 2.0611231327056885, "opt": 62}, "22d.sql": {"speedup": 1.2480014496789893, "speedupAbs": 95.7911548614502, "opt": 39}, "11a.sql": {"speedup": 1.6299683394700284, "speedupAbs": 0.7226989269256592, "opt": 42}, "14b.sql": {"speedup": 9.385408041763343, "speedupAbs": 1.3277299404144287, "opt": 62}, "15c.sql": {"speedup": 3.6555138468383865, "speedupAbs": 7.876712083816528, "opt": 62}, "11c.sql": {"speedup": 3.797163806711136, "speedupAbs": 0.1685628890991211, "opt": 62}, "31b.sql": {"speedup": 2.6390200988275905, "speedupAbs": 25.9191415309906, "opt": 46}, "7c.sql": {"speedup": 14.81505116882659, "speedupAbs": 9.787943124771118, "opt": 62}, "24b.sql": {"speedup": 18.032959284239986, "speedupAbs": 4.051330327987671, "opt": 61}, "17b.sql": {"speedup": 1.3640938152318804, "speedupAbs": 138.36127734184265, "opt": 51}, "22a.sql": {"speedup": 1.1119185985730513, "speedupAbs": 106.2174460887909, "opt": 50}, "13d.sql": {"speedup": 3.729184091460084, "speedupAbs": 22.084766149520874, "opt": 62}, "8c.sql": {"speedup": 0, "speedupAbs": 0.0, "opt": 63}, "16b.sql": {"speedup": 3.637997691097419, "speedupAbs": 28.47905659675598, "opt": 55}, "17e.sql": {"speedup": 3.761665471276339, "speedupAbs": 35.571938276290894, "opt": 61}, "16d.sql": {"speedup": 1.5820343848638603, "speedupAbs": 85.11321115493774, "opt": 51}, "9c.sql": {"speedup": 9.443610763726609, "speedupAbs": 11.95615816116333, "opt": 62}, "8d.sql": {"speedup": 0, "speedupAbs": 0.0, "opt": 63}, "2a.sql": {"speedup": 1.1067725759199474, "speedupAbs": 9.652850151062012, "opt": 47}, "23b.sql": {"speedup": 4.245015583745783, "speedupAbs": 7.965978622436523, "opt": 62}, "2b.sql": {"speedup": 1.1140805348163982, "speedupAbs": 9.38388180732727, "opt": 46}, "19c.sql": {"speedup": 7.517643408948492, "speedupAbs": 11.38300371170044, "opt": 62}, "32a.sql": {"speedup": 1.4543799972385745, "speedupAbs": 0.09497284889221191, "opt": 46}, "2d.sql": {"speedup": 1.0190994743605186, "speedupAbs": 63.11707663536072, "opt": 47}, "15b.sql": {"speedup": 1.0826755161861252, "speedupAbs": 31.798916578292847, "opt": 46}, "23c.sql": {"speedup": 1.1269317999124429, "speedupAbs": 20.30488872528076, "opt": 43}, "9d.sql": {"speedup": 1.3374321073264184, "speedupAbs": 215.28777432441711, "opt": 51}, "11b.sql": {"speedup": 1.007951328463904, "speedupAbs": 56.7830765247345, "opt": 46}, "1a.sql": {"speedup": 1.0950972085558475, "speedupAbs": 1.56962251663208, "opt": 47}, "12c.sql": {"speedup": 4.166999508507091, "speedupAbs": 7.1803107261657715, "opt": 61}, "33c.sql": {"speedup": 1.2155536128236608, "speedupAbs": 2.1449315547943115, "opt": 42}, "5c.sql": {"speedup": 2.8309843753517696, "speedupAbs": 1.5567519664764404, "opt": 46}, "10a.sql": {"speedup": 363.44506968557806, "speedupAbs": 0.2077784538269043, "opt": 58}, "25a.sql": {"speedup": 18.900238850301562, "speedupAbs": 5.347916126251221, "opt": 62}, "30c.sql": {"speedup": 14.830953861791913, "speedupAbs": 4.618849515914917, "opt": 62}, "19b.sql": {"speedup": 6.0153684251826895, "speedupAbs": 11.995203733444214, "opt": 62}, "8b.sql": {"speedup": 3.9954534487871136, "speedupAbs": 15.791349411010742, "opt": 62}, "18a.sql": {"speedup": 44.05784779553188, "speedupAbs": 2.7861416339874268, "opt": 62}, "14c.sql": {"speedup": 1.041928207471681, "speedupAbs": 137.74482226371765, "opt": 58}, "27c.sql": {"speedup": 1.0936691556517117, "speedupAbs": 10.80617070198059, "opt": 25}, "29c.sql": {"speedup": 5.079305443852607, "speedupAbs": 18.150092601776123, "opt": 49}, "31c.sql": {"speedup": 4.741484967009511, "speedupAbs": 25.52641797065735, "opt": 55}, "18c.sql": {"speedup": 3.631199122013952, "speedupAbs": 51.41016244888306, "opt": 62}, "25b.sql": {"speedup": 8.607682291457825, "speedupAbs": 9.513595581054688, "opt": 62}, "21c.sql": {"speedup": 3.5870792068430766, "speedupAbs": 0.5585405826568604, "opt": 62}, "17c.sql": {"speedup": 1.3428859529502124, "speedupAbs": 139.5394992828369, "opt": 51}, "27b.sql": {"speedup": 1.4075699877640468, "speedupAbs": 2.7785730361938477, "opt": 56}, "17a.sql": {"speedup": 4.546311342584452, "speedupAbs": 18.94951891899109, "opt": 61}, "10b.sql": {"speedup": 14.830338191273093, "speedupAbs": 2.4125170707702637, "opt": 57}, "6d.sql": {"speedup": 1.203617121206618, "speedupAbs": 230.13859272003174, "opt": 35}, "17f.sql": {"speedup": 33.738175645160545, "speedupAbs": 3.6162056922912598, "opt": 58}, "13b.sql": {"speedup": 1.0605906126350988, "speedupAbs": 122.22749376296997, "opt": 54}, "24a.sql": {"speedup": 12.93950104136358, "speedupAbs": 6.120936870574951, "opt": 61}, "20c.sql": {"speedup": 43.7033601559807, "speedupAbs": 2.476926326751709, "opt": 59}, "28b.sql": {"speedup": 1.1389294231955847, "speedupAbs": 29.106399297714233, "opt": 58}, "25c.sql": {"speedup": 9.402977414012627, "speedupAbs": 10.791196584701538, "opt": 59}, "28c.sql": {"speedup": 6.58712196661187, "speedupAbs": 45.543410539627075, "opt": 62}, "23a.sql": {"speedup": 3.7446552548335905, "speedupAbs": 22.337395429611206, "opt": 62}, "14a.sql": {"speedup": 1.0923330815549182, "speedupAbs": 73.31131792068481, "opt": 58}, "2c.sql": {"speedup": 1.033337304196971, "speedupAbs": 27.068933248519897, "opt": 38}, "11d.sql": {"speedup": 6.987917260337274, "speedupAbs": 0.08048748970031738, "opt": 62}, "26a.sql": {"speedup": 35.31352177372437, "speedupAbs": 5.177331447601318, "opt": 62}, "1c.sql": {"speedup": 1.038573017538711, "speedupAbs": 3.86690616607666, "opt": 42}, "7b.sql": {"speedup": 17.890100539104697, "speedupAbs": 2.2238054275512695, "opt": 62}, "7a.sql": {"speedup": 7.887702706562718, "speedupAbs": 5.62573766708374, "opt": 62}, "30b.sql": {"speedup": 6.957676254113666, "speedupAbs": 9.782464742660522, "opt": 62}, "3a.sql": {"speedup": 1.1200892463326784, "speedupAbs": 34.521650552749634, "opt": 58}, "6b.sql": {"speedup": 11.68278463482823, "speedupAbs": 13.100775241851807, "opt": 62}, "1d.sql": {"speedup": 1.0982404982547613, "speedupAbs": 1.504427194595337, "opt": 42}, "17d.sql": {"speedup": 4.75023875769638, "speedupAbs": 25.153223037719727, "opt": 62}, "32b.sql": {"speedup": 1.0425318650494033, "speedupAbs": 10.942097663879395, "opt": 43}, "4c.sql": {"speedup": 1.046820645880909, "speedupAbs": 19.458934545516968, "opt": 46}, "29a.sql": {"speedup": 5.206424442984474, "speedupAbs": 12.829130172729492, "opt": 62}, "15a.sql": {"speedup": 1.0314748863514047, "speedupAbs": 85.622802734375, "opt": 46}, "31a.sql": {"speedup": 36.33351247023376, "speedupAbs": 4.260748863220215, "opt": 62}, "20a.sql": {"speedup": 9.835013438556004, "speedupAbs": 13.87260890007019, "opt": 62}, "26b.sql": {"speedup": 14.763428431124723, "speedupAbs": 6.2534308433532715, "opt": 62}, "28a.sql": {"speedup": 1.0531499143299279, "speedupAbs": 284.8597297668457, "opt": 48}, "33a.sql": {"speedup": 1.9162915802205691, "speedupAbs": 0.3946242332458496, "opt": 62}, "33b.sql": {"speedup": 1.4528268891104, "speedupAbs": 0.5453395843505859, "opt": 46}, "16c.sql": {"speedup": 17.414639742982022, "speedupAbs": 5.651293754577637, "opt": 56}, "19a.sql": {"speedup": 1.5622076508466802, "speedupAbs": 93.72941637039185, "opt": 59}, "6e.sql": {"speedup": 4.158360436059886, "speedupAbs": 14.589060068130493, "opt": 62}, "18b.sql": {"speedup": 7.481264260239298, "speedupAbs": 12.347902297973633, "opt": 62}, "4b.sql": {"speedup": 1.152699010737873, "speedupAbs": 4.8036205768585205, "opt": 46}, "22b.sql": {"speedup": 12.552710533102275, "speedupAbs": 11.216153144836426, "opt": 62}, "13c.sql": {"speedup": 1.0753732709122164, "speedupAbs": 60.773674726486206, "opt": 34}, "29b.sql": {"speedup": 58.77371317366935, "speedupAbs": 1.0945250988006592, "opt": 32}, "6c.sql": {"speedup": 3.3782526976520026, "speedupAbs": 14.916097402572632, "opt": 62}, "26c.sql": {"speedup": 10.25904840731383, "speedupAbs": 24.16507124900818, "opt": 59}, "3b.sql": {"speedup": 1.1034147086134156, "speedupAbs": 18.897628784179688, "opt": 43}, "27a.sql": {"speedup": 1.1086114093046084, "speedupAbs": 9.523891925811768,