{"10c.sql": {"63": 51.88034391403198, "62": 49.819220781326294, "opt": 62}, "22d.sql": {"63": 119.5475001335144, "62": 66.35734415054321, "59": 30.8356192111969, "54": 28.087992429733276, "39": 23.75634527206421, "opt": 39}, "11a.sql": {"63": 1.177976369857788, "62": 0.46941590309143066, "59": 0.47533321380615234, "58": 0.46766042709350586, "47": 0.46323132514953613, "46": 0.456409215927124, "43": 0.4593229293823242, "42": 0.4552774429321289, "opt": 42}, "14b.sql": {"63": 12.461287260055542, "62": 11.133557319641113, "opt": 62}, "15c.sql": {"63": 28.79343008995056, "62": 20.916718006134033, "opt": 62}, "11c.sql": {"63": 0.6400609016418457, "62": 0.4714980125427246, "opt": 62}, "31b.sql": {"63": 68.40113544464111, "46": 42.48199391365051, "opt": 46}, "7c.sql": {"63": 145.00887823104858, "62": 135.22093510627747, "opt": 62}, "24b.sql": {"63": 73.05747485160828, "61": 69.0061445236206, "opt": 61}, "17b.sql": {"63": 188.73776268959045, "62": 105.9894118309021, "55": 59.05587840080261, "54": 58.676812171936035, "51": 50.3764853477478, "opt": 51}, "22a.sql": {"63": 118.105153799057, "61": 62.81387424468994, "60": 13.457795143127441, "50": 11.887707710266113, "opt": 50}, "13d.sql": {"63": 82.35815858840942, "62": 60.27339243888855, "opt": 62}, "8c.sql": {"63": 64.00435423851013, "opt": 63}, "16b.sql": {"63": 103.60674214363098, "55": 75.127685546875, "opt": 55}, "17e.sql": {"63": 133.80973196029663, "61": 98.23779368400574, "opt": 61}, "16d.sql": {"63": 134.6520266532898, "60": 80.68791580200195, "57": 77.72114610671997, "55": 59.018075942993164, "51": 49.53881549835205, "opt": 51}, "9c.sql": {"63": 112.90930390357971, "62": 100.95314574241638, "opt": 62}, "8d.sql": {"63": 64.48141098022461, "opt": 63}, "2a.sql": {"63": 10.683509826660156, "62": 1.709989070892334, "59": 1.3139629364013672, "58": 1.310314416885376, "47": 1.0306596755981445, "opt": 47}, "23b.sql": {"63": 33.81570339202881, "62": 25.849724769592285, "opt": 62}, "2b.sql": {"63": 10.454400062561035, "62": 1.7105414867401123, "59": 1.4585039615631104, "58": 1.2918791770935059, "46": 1.0705182552337646, "opt": 46}, "19c.sql": {"63": 85.57336282730103, "62": 74.19035911560059, "opt": 62}, "32a.sql": {"63": 0.13812661170959473, "62": 0.04897451400756836, "59": 0.0477755069732666, "58": 0.04433608055114746, "47": 0.04434633255004883, "46": 0.04315376281738281, "43": 0.04459047317504883, "42": 0.044799089431762695, "opt": 46}, "2d.sql": {"63": 64.32257962226868, "62": 1.2461729049682617, "47": 1.205502986907959, "opt": 47}, "15b.sql": {"63": 34.427908420562744, "62": 9.660739183425903, "61": 6.6566572189331055, "60": 5.572827577590942, "59": 2.6612985134124756, "58": 2.6515018939971924, "46": 2.6289918422698975, "43": 2.6426916122436523, "42": 2.641671895980835, "opt": 46}, "23c.sql": {"63": 22.882224798202515, "62": 13.172681331634521, "61": 6.231351613998413, "60": 5.289381265640259, "58": 4.327963829040527, "47": 3.818507194519043, "46": 3.5621395111083984, "43": 2.577336072921753, "opt": 43}, "9d.sql": {"63": 287.9327816963196, "62": 110.83192110061646, "55": 76.37755179405212, "54": 75.07616209983826, "51": 72.64500737190247, "opt": 51}, "11b.sql": {"63": 57.23457741737366, "62": 27.483657360076904, "61": 4.466196537017822, "60": 4.278422594070435, "59": 0.5958130359649658, "58": 0.46105194091796875, "47": 0.4525277614593506, "46": 0.45150089263916016, "43": 0.4517827033996582, "42": 0.4540128707885742, "opt": 46}, "1a.sql": {"63": 1.7188892364501953, "62": 0.16492581367492676, "59": 0.16591811180114746, "58": 0.16389751434326172, "47": 0.14926671981811523, "opt": 47}, "12c.sql": {"63": 29.920351266860962, "61": 22.74004054069519, "opt": 61}, "33c.sql": {"63": 2.6072793006896973, "62": 0.5898873805999756, "58": 0.5639336109161377, "47": 0.4777200222015381, "46": 0.46471405029296875, "43": 0.4626479148864746, "42": 0.46234774589538574, "opt": 42}, "5c.sql": {"63": 4.407140493392944, "62": 2.878408432006836, "46": 2.850388526916504, "opt": 46}, "10a.sql": {"63": 75.51605463027954, "58": 75.30827617645264, "opt": 58}, "25a.sql": {"63": 101.07689213752747, "62": 95.72897601127625, "opt": 62}, "30c.sql": {"63": 68.501944065094, "62": 63.88309454917908, "opt": 62}, "19b.sql": {"63": 72.15556979179382, "62": 60.16036605834961, "opt": 62}, "8b.sql": {"63": 63.09360146522522, "62": 47.30225205421448, "opt": 62}, "18a.sql": {"63": 122.75140404701233, "62": 119.9652624130249, "opt": 62}, "14c.sql": {"63": 143.5202157497406, "62": 58.31036591529846, "61": 27.782315492630005, "60": 21.676764249801636, "59": 7.777114152908325, "58": 5.775393486022949, "opt": 58}, "27c.sql": {"63": 11.818375587463379, "62": 3.2235350608825684, "55": 3.1274404525756836, "54": 2.746565818786621, "49": 2.353970527648926, "48": 2.2940807342529297, "41": 2.287883758544922, "40": 2.276127576828003, "25": 1.012204885482788, "opt": 25}, "29c.sql": {"63": 92.18986415863037, "49": 74.03977155685425, "opt": 49}, "31c.sql": {"63": 121.03312706947327, "55": 95.50670909881592, "opt": 55}, "18c.sql": {"63": 186.68053674697876, "62": 135.2703742980957, "opt": 62}, "25b.sql": {"63": 81.89000821113586, "62": 72.37641263008118, "opt": 62}, "21c.sql": {"63": 2.0035293102264404, "62": 1.44498872756958, "opt": 62}, "17c.sql": {"63": 187.38563346862793, "62": 86.56783318519592, "55": 58.87403988838196, "54": 58.024415254592896, "51": 47.846134185791016, "opt": 51}, "27b.sql": {"63": 3.9110360145568848, "62": 1.2807419300079346, "57": 1.1650428771972656, "56": 1.132462978363037, "opt": 56}, "17a.sql": {"63": 86.15041279792786, "61": 67.20089387893677, "opt": 61}, "10b.sql": {"63": 35.778444051742554, "57": 33.36592698097229, "opt": 57}, "6d.sql": {"63": 276.99875044822693, "62": 126.68249702453613, "60": 84.3888144493103, "57": 57.09193158149719, "55": 47.07087779045105, "35": 46.86015772819519, "opt": 35}, "17f.sql": {"63": 122.00418281555176, "62": 122.04283452033997, "58": 118.3879771232605, "opt": 58}, "13b.sql": {"63": 129.63333249092102, "62": 34.65235948562622, "61": 21.85697102546692, "60": 17.40659761428833, "59": 10.12235689163208, "58": 10.14739990234375, "55": 7.423281192779541, "54": 7.40583872795105, "opt": 54}, "24a.sql": {"63": 79.2018690109253, "61": 73.08093214035034, "opt": 61}, "20c.sql": {"63": 108.25000333786011, "59": 105.7730770111084, "opt": 59}, "28b.sql": {"63": 33.150134563446045, "62": 6.865193843841553, "59": 5.421345472335815, "58": 4.0437352657318115, "opt": 58}, "25c.sql": {"63": 101.46937775611877, "59": 90.67818117141724, "opt": 59}, "28c.sql": {"62": 254.45658946037292, "opt": 62}, "23a.sql": {"63": 83.64584517478943, "62": 61.30844974517822, "opt": 62}, "14a.sql": {"63": 80.08037781715393, "62": 45.06896495819092, "61": 20.165140867233276, "60": 17.53174614906311, "59": 7.604180812835693, "58": 6.769059896469116, "opt": 58}, "2c.sql": {"63": 27.971338510513306, "62": 6.245877981185913, "59": 1.2666590213775635, "58": 1.236189603805542, "50": 1.0824964046478271, "46": 1.012101650238037, "39": 0.9314785003662109, "38": 0.9024052619934082, "opt": 38}, "11d.sql": {"63": 0.5624399185180664, "62": 0.481952428817749, "opt": 62}, "26a.sql": {"63": 182.82980680465698, "62": 177.65247535705566, "opt": 62}, "1c.sql": {"63": 4.016064405441284, "62": 0.15845775604248047, "58": 0.15060639381408691, "46": 0.1507582664489746, "42": 0.14915823936462402, "opt": 42}, "7b.sql": {"63": 39.78410267829895, "62": 37.56029725074768, "opt": 62}, "7a.sql": {"63": 44.37414622306824, "62": 38.7484085559845, "opt": 62}, "30b.sql": {"63": 68.06322264671326, "62": 58.280757904052734, "opt": 62}, "3a.sql": {"63": 38.66732954978943, "62": 5.457085609436035, "59": 4.1913957595825195, "58": 4.145678997039795, "opt": 58}, "6b.sql": {"63": 153.05353569984436, "62": 139.95276045799255, "opt": 62}, "1d.sql": {"63": 1.6522228717803955, "62": 0.1707441806793213, "59": 0.15906238555908203, "58": 0.1486828327178955, "46": 0.1488509178161621, "43": 0.15219950675964355, "42": 0.1477956771850586, "opt": 42}, "17d.sql": {"63": 119.48381495475769,