{"10c.sql": {"speedup": 1.04137204677995, "speedupAbs": 2.0611231327056885, "opt": 62}, "22d.sql": {"speedup": 5.032234494170863, "speedupAbs": 95.7911548614502, "opt": 39}, "11a.sql": {"speedup": 2.587381360849447, "speedupAbs": 0.7226989269256592, "opt": 42}, "14b.sql": {"speedup": 1.1192547810457787, "speedupAbs": 1.3277299404144287, "opt": 62}, "15c.sql": {"speedup": 1.3765749522227437, "speedupAbs": 7.876712083816528, "opt": 62}, "11c.sql": {"speedup": 1.3575049832979875, "speedupAbs": 0.1685628890991211, "opt": 62}, "31b.sql": {"speedup": 1.610120645082578, "speedupAbs": 25.9191415309906, "opt": 46}, "7c.sql": {"speedup": 1.0723848205684885, "speedupAbs": 9.787943124771118, "opt": 62}, "24b.sql": {"speedup": 1.0587097041278826, "speedupAbs": 4.051330327987671, "opt": 61}, "17b.sql": {"speedup": 3.7465448688358807, "speedupAbs": 138.36127734184265, "opt": 51}, "22a.sql": {"speedup": 9.935065420313329, "speedupAbs": 106.2174460887909, "opt": 50}, "13d.sql": {"speedup": 1.3664098743390414, "speedupAbs": 22.084766149520874, "opt": 62}, "8c.sql": {"speedup": 1.0, "speedupAbs": 0.0, "opt": 63}, "16b.sql": {"speedup": 1.379075388645998, "speedupAbs": 28.47905659675598, "opt": 55}, "17e.sql": {"speedup": 1.3621003377856034, "speedupAbs": 35.571938276290894, "opt": 61}, "16d.sql": {"speedup": 2.718111551491761, "speedupAbs": 85.11321115493774, "opt": 51}, "9c.sql": {"speedup": 1.1184327449455578, "speedupAbs": 11.95615816116333, "opt": 62}, "8d.sql": {"speedup": 1.0, "speedupAbs": 0.0, "opt": 63}, "2a.sql": {"speedup": 10.36570080270189, "speedupAbs": 9.652850151062012, "opt": 47}, "23b.sql": {"speedup": 1.3081649299340747, "speedupAbs": 7.965978622436523, "opt": 62}, "2b.sql": {"speedup": 9.765737306626454, "speedupAbs": 9.38388180732727, "opt": 46}, "19c.sql": {"speedup": 1.1534296888085402, "speedupAbs": 11.38300371170044, "opt": 62}, "32a.sql": {"speedup": 3.200801104972376, "speedupAbs": 0.09497284889221191, "opt": 46}, "2d.sql": {"speedup": 53.357461840266474, "speedupAbs": 63.11707663536072, "opt": 47}, "15b.sql": {"speedup": 13.09547936475807, "speedupAbs": 31.798916578292847, "opt": 46}, "23c.sql": {"speedup": 8.878246433831375, "speedupAbs": 20.30488872528076, "opt": 43}, "9d.sql": {"speedup": 3.9635591228212306, "speedupAbs": 215.28777432441711, "opt": 51}, "11b.sql": {"speedup": 126.765147866752, "speedupAbs": 56.7830765247345, "opt": 46}, "1a.sql": {"speedup": 11.515555768524287, "speedupAbs": 1.56962251663208, "opt": 47}, "12c.sql": {"speedup": 1.3157562851884987, "speedupAbs": 7.1803107261657715, "opt": 61}, "33c.sql": {"speedup": 5.639217069481809, "speedupAbs": 2.1449315547943115, "opt": 42}, "5c.sql": {"speedup": 1.5461543055537432, "speedupAbs": 1.5567519664764404, "opt": 46}, "10a.sql": {"speedup": 1.0027590387720475, "speedupAbs": 0.2077784538269043, "opt": 58}, "25a.sql": {"speedup": 1.0558651763455744, "speedupAbs": 5.347916126251221, "opt": 62}, "30c.sql": {"speedup": 1.0723015932229016, "speedupAbs": 4.618849515914917, "opt": 62}, "19b.sql": {"speedup": 1.1993871467106774, "speedupAbs": 11.995203733444214, "opt": 62}, "8b.sql": {"speedup": 1.3338392724496884, "speedupAbs": 15.791349411010742, "opt": 62}, "18a.sql": {"speedup": 1.0232245699958968, "speedupAbs": 2.7861416339874268, "opt": 62}, "14c.sql": {"speedup": 24.85029220901994, "speedupAbs": 137.74482226371765, "opt": 58}, "27c.sql": {"speedup": 11.675872895857845, "speedupAbs": 10.80617070198059, "opt": 25}, "29c.sql": {"speedup": 1.2451397704251272, "speedupAbs": 18.150092601776123, "opt": 49}, "31c.sql": {"speedup": 1.267273558177431, "speedupAbs": 25.52641797065735, "opt": 55}, "18c.sql": {"speedup": 1.3800548546985634, "speedupAbs": 51.41016244888306, "opt": 62}, "25b.sql": {"speedup": 1.1314460780154865, "speedupAbs": 9.513595581054688, "opt": 62}, "21c.sql": {"speedup": 1.3865362905607617, "speedupAbs": 0.5585405826568604, "opt": 62}, "17c.sql": {"speedup": 3.9164216013981816, "speedupAbs": 139.5394992828369, "opt": 51}, "27b.sql": {"speedup": 3.4535663322170977, "speedupAbs": 2.7785730361938477, "opt": 56}, "17a.sql": {"speedup": 1.28198313780065, "speedupAbs": 18.94951891899109, "opt": 61}, "10b.sql": {"speedup": 1.0723048117963592, "speedupAbs": 2.4125170707702637, "opt": 57}, "6d.sql": {"speedup": 5.911178362969106, "speedupAbs": 230.13859272003174, "opt": 35}, "17f.sql": {"speedup": 1.0305453795238533, "speedupAbs": 3.6162056922912598, "opt": 58}, "13b.sql": {"speedup": 17.504206782367547, "speedupAbs": 122.22749376296997, "opt": 54}, "24a.sql": {"speedup": 1.0837555938506618, "speedupAbs": 6.120936870574951, "opt": 61}, "20c.sql": {"speedup": 1.0234173609839448, "speedupAbs": 2.476926326751709, "opt": 59}, "28b.sql": {"speedup": 8.19789931461963, "speedupAbs": 29.106399297714233, "opt": 58}, "25c.sql": {"speedup": 1.1190054370885754, "speedupAbs": 10.791196584701538, "opt": 59}, "28c.sql": {"speedup": 1.1789830266774037, "speedupAbs": 45.543410539627075, "opt": 62}, "23a.sql": {"speedup": 1.3643444830599063, "speedupAbs": 22.337395429611206, "opt": 62}, "14a.sql": {"speedup": 11.830354442413125, "speedupAbs": 73.31131792068481, "opt": 58}, "2c.sql": {"speedup": 30.996426648404924, "speedupAbs": 27.068933248519897, "opt": 38}, "11d.sql": {"speedup": 1.1670029755794713, "speedupAbs": 0.08048748970031738, "opt": 62}, "26a.sql": {"speedup": 1.029143030161531, "speedupAbs": 5.177331447601318, "opt": 62}, "1c.sql": {"speedup": 26.92485793978725, "speedupAbs": 3.86690616607666, "opt": 42}, "7b.sql": {"speedup": 1.0592062787124774, "speedupAbs": 2.2238054275512695, "opt": 62}, "7a.sql": {"speedup": 1.1451862896241418, "speedupAbs": 5.62573766708374, "opt": 62}, "30b.sql": {"speedup": 1.167850678242128, "speedupAbs": 9.782464742660522, "opt": 62}, "3a.sql": {"speedup": 9.327140277237982, "speedupAbs": 34.521650552749634, "opt": 58}, "6b.sql": {"speedup": 1.0936085519069418, "speedupAbs": 13.100775241851807, "opt": 62}, "1d.sql": {"speedup": 11.179101467978706, "speedupAbs": 1.504427194595337, "opt": 42}, "17d.sql": {"speedup": 1.2666496894225103, "speedupAbs": 25.153223037719727, "opt": 62}, "32b.sql": {"speedup": 24.5117834319854, "speedupAbs": 10.942097663879395, "opt": 43}, "4c.sql": {"speedup": 22.35809921425592, "speedupAbs": 19.458934545516968, "opt": 46}, "29a.sql": {"speedup": 1.2377315968833844, "speedupAbs": 12.829130172729492, "opt": 62}, "15a.sql": {"speedup": 32.771361740131276, "speedupAbs": 85.622802734375, "opt": 46}, "31a.sql": {"speedup": 1.0283017433050972, "speedupAbs": 4.260748863220215, "opt": 62}, "20a.sql": {"speedup": 1.1131860191220535, "speedupAbs": 13.87260890007019, "opt": 62}, "26b.sql": {"speedup": 1.0726563156123652, "speedupAbs": 6.2534308433532715, "opt": 62}, "28a.sql": {"speedup": 19.814705773418584, "speedupAbs": 284.8597297668457, "opt": 48}, "33a.sql": {"speedup": 2.0913556575072763, "speedupAbs": 0.3946242332458496, "opt": 62}, "33b.sql": {"speedup": 3.208349424577122, "speedupAbs": 0.5453395843505859, "opt": 46}, "16c.sql": {"speedup": 1.0609212273712887, "speedupAbs": 5.651293754577637, "opt": 56}, "19a.sql": {"speedup": 2.778702225937353, "speedupAbs": 93.72941637039185, "opt": 59}, "6e.sql": {"speedup": 1.3166199742697888, "speedupAbs": 14.589060068130493, "opt": 62}, "18b.sql": {"speedup": 1.1542908852111946, "speedupAbs": 12.347902297973633, "opt": 62}, "4b.sql": {"speedup": 7.548830900526433, "speedupAbs": 4.8036205768585205, "opt": 46}, "22b.sql": {"speedup": 1.0865597728891998, "speedupAbs": 11.216153144836426, "opt": 62}, "13c.sql": {"speedup": 14.26730269095862, "speedupAbs": 60.773674726486206, "opt": 34}, "29b.sql": {"speedup": 1.0173089099707677, "speedupAbs": 1.0945250988006592, "opt": 32}, "6c.sql": {"speedup": 1.4204767647219652, "speedupAbs": 14.916097402572632, "opt": 62}, "26c.sql": {"speedup": 1.1080024594330977, "speedupAbs": 24.16507124900818, "opt": 59}, "3b.sql": {"speedup": 10.669804357697265, "speedupAbs": 18.897628784179688, "opt": 43}, "27a.sql": {"speedup": 10.207135846984812,