{"12.sql": {"speedup": 12.89661635421975, "speedupAbs": 12.478838920593262, "opt": 34}, "7.sql": {"speedup": 1.3731771616175874, "speedupAbs": 0.3649325370788574, "opt": 62}, "3.sql": {"speedup": 1.0130242538343939, "speedupAbs": 0.01326751708984375, "opt": 62}, "19.sql": {"speedup": 26.789338331078184, "speedupAbs": 2.194830894470215, "opt": 10}, "22.sql": {"speedup": 1.0226518726561695, "speedupAbs": 0.011437416076660156, "opt": 62}, "14.sql": {"speedup": 1.0371650725370638, "speedupAbs": 0.026403427124023438, "opt": 62}, "6.sql": {"speedup": 1.0095129933745037, "speedupAbs": 0.006250858306884766, "opt": 55}, "17.sql": {"speedup": 6.8990927256034995, "speedupAbs": 0.15625977516174316, "opt": 29}, "11.sql": {"speedup": 145.0342520965824, "speedupAbs": 23.85637354850769, "opt": 47}, "21.sql": {"speedup": 66.35633013124755, "speedupAbs": 295.47895431518555, "opt": 55}, "20.sql": {"speedup": 2.235574698287567, "speedupAbs": 8.77278733253479, "opt": 14}, "4.sql": {"speedup": 1.0072012765448786, "speedupAbs": 0.011605501174926758, "opt": 62}, "9.sql": {"speedup": 1.0013714192978207, "speedupAbs": 0.004642009735107422, "opt": 62}, "15.sql": {"speedup": 1.1882530431855078, "speedupAbs": 0.290895938873291, "opt": 62}, "2.sql": {"speedup": 1.0015258699668785, "speedupAbs": 0.2541084289550781, "opt": 62}, "8.sql": {"speedup": 1.0588979343057323, "speedupAbs": 0.034903764724731445, "opt": 62}, "10.sql": {"speedup": 1.0111854094398118, "speedupAbs": 0.013773441314697266, "opt": 62}, "1.sql": {"speedup": 1.0004590513938385, "speedupAbs": 0.0019617080688476562, "opt": 62}, "16.sql": {"speedup": 1.0026447417833046, "speedupAbs": 0.0015347003936767578, "opt": 59}, "13.sql": {"speedup": 1.002246125905762, "speedupAbs": 0.002094745635986328, "opt": 59}, "18.sql": {"speedup": 1.002876600468458, "speedupAbs": 0.022824764251708984, "opt": 62}, "5.sql": {"speedup": 1.024173743333232, "speedupAbs": 0.021823406219482422, "opt": 62}, "avrgTOT": {"speedup": 12.589435041211992, "speedupAbs": 344.02050495147705, "speedupAvg": 15.637295679612594, "pg_def": 550.3597152233124, "runtime": 3686.4212713241577, "factor": 0.09332099606399714}, "34": {"total_speedup": 12.89661635421975, "count": 1, "average_speedup": 12.89661635421975}, "62": {"total_speedup": 13.74196270858137, "count": 13, "average_speedup": 1.0570740545062594}, "10": {"total_speedup": 26.789338331078184, "count": 1, "average_speedup": 26.789338331078184}, "55": {"total_speedup": 67.36584312462205, "count": 2, "average_speedup": 33.68292156231102}, "29": {"total_speedup": 6.8990927256034995, "count": 1, "average_speedup": 6.8990927256034995}, "47": {"total_speedup": 145.0342520965824, "count": 1, "average_speedup": 145.0342520965824}, "14": {"total_speedup": 2.235574698287567, "count": 1, "average_speedup": 2.235574698287567}, "59": {"total_speedup": 2.004890867689067, "count": 2, "average_speedup": 1.0024454338445334}}