{"12.sql": {"speedup": 1.0840575143574582, "speedupAbs": 12.478838920593262, "opt": 34}, "7.sql": {"speedup": 3.679692389709389, "speedupAbs": 0.3649325370788574, "opt": 62}, "3.sql": {"speedup": 77.77983036227747, "speedupAbs": 0.01326751708984375, "opt": 62}, "19.sql": {"speedup": 1.038775713714024, "speedupAbs": 2.194830894470215, "opt": 10}, "22.sql": {"speedup": 45.14646043525396, "speedupAbs": 0.011437416076660156, "opt": 62}, "14.sql": {"speedup": 27.906983674059095, "speedupAbs": 0.026403427124023438, "opt": 62}, "6.sql": {"speedup": 106.11938362956803, "speedupAbs": 0.006250858306884766, "opt": 55}, "17.sql": {"speedup": 1.1695175930460893, "speedupAbs": 0.15625977516174316, "opt": 29}, "11.sql": {"speedup": 1.006942793019326, "speedupAbs": 23.85637354850769, "opt": 47}, "21.sql": {"speedup": 1.0153007367150484, "speedupAbs": 295.47895431518555, "opt": 55}, "20.sql": {"speedup": 1.809339978704598, "speedupAbs": 8.77278733253479, "opt": 14}, "4.sql": {"speedup": 139.864268545719, "speedupAbs": 0.011605501174926758, "opt": 62}, "9.sql": {"speedup": 730.1715973292459, "speedupAbs": 0.004642009735107422, "opt": 62}, "15.sql": {"speedup": 6.3119991213878155, "speedupAbs": 0.290895938873291, "opt": 62}, "2.sql": {"speedup": 656.3638394532474, "speedupAbs": 0.2541084289550781, "opt": 62}, "8.sql": {"speedup": 17.978524150085057, "speedupAbs": 0.034903764724731445, "opt": 62}, "10.sql": {"speedup": 90.40218106283575, "speedupAbs": 0.013773441314697266, "opt": 62}, "1.sql": {"speedup": 2179.40532328658, "speedupAbs": 0.0019617080688476562, "opt": 62}, "16.sql": {"speedup": 379.1087463103979, "speedupAbs": 0.0015347003936767578, "opt": 59}, "13.sql": {"speedup": 446.2110175278805, "speedupAbs": 0.002094745635986328, "opt": 59}, "18.sql": {"speedup": 348.6325652328382, "speedupAbs": 0.022824764251708984, "opt": 62}, "5.sql": {"speedup": 42.3671968885878, "speedupAbs": 0.021823406219482422, "opt": 62}, "avrgTOT": {"speedup": 241.1169792604195, "speedupAbs": 344.02050495147705, "speedupAvg": 15.637295679612594, "pg_def": 550.3597152233124, "runtime": 3686.4212713241577, "factor": 0.09332099606399714}, "34": {"total_speedup": 1.0840575143574582, "count": 1, "average_speedup": 1.0840575143574582}, "62": {"total_speedup": 4366.010461931826, "count": 13, "average_speedup": 335.84695861014046}, "10": {"total_speedup": 1.038775713714024, "count": 1, "average_speedup": 1.038775713714024}, "55": {"total_speedup": 107.13468436628308, "count": 2, "average_speedup": 53.56734218314154}, "29": {"total_speedup": 1.1695175930460893, "count": 1, "average_speedup": 1.1695175930460893}, "47": {"total_speedup": 1.006942793019326, "count": 1, "average_speedup": 1.006942793019326}, "14": {"total_speedup": 1.809339978704598, "count": 1, "average_speedup": 1.809339978704598}, "59": {"total_speedup": 825.3197638382784, "count": 2, "average_speedup": 412.6598819191392}}