{"12.sql": {"63": 13.52777910232544, "62": 1.1015427112579346, "59": 1.0621845722198486, "58": 1.0491538047790527, "55": 1.0518622398376465, "54": 1.054222822189331, "39": 1.0616216659545898, "35": 1.0537986755371094, "34": 1.0489401817321777, "opt": 34}, "7.sql": {"63": 1.3428394794464111, "62": 0.9779069423675537, "opt": 62}, "3.sql": {"63": 1.0319452285766602, "62": 1.0186777114868164, "opt": 62}, "19.sql": {"63": 2.2799370288848877, "62": 0.12206578254699707, "60": 0.12416505813598633, "59": 0.09658551216125488, "58": 0.10679507255554199, "42": 0.08763432502746582, "30": 0.0894768238067627, "11": 0.10053372383117676, "10": 0.08510613441467285, "opt": 10}, "22.sql": {"63": 0.5163588523864746, "62": 0.5049214363098145, "opt": 62}, "14.sql": {"63": 0.736840009689331, "62": 0.7104365825653076, "opt": 62}, "6.sql": {"63": 0.663337230682373, "62": 0.6708893775939941, "59": 0.6647250652313232, "58": 0.6682860851287842, "55": 0.6570863723754883, "opt": 55}, "17.sql": {"63": 0.18274855613708496, "62": 0.10800671577453613, "61": 0.04118704795837402, "60": 0.040975093841552734, "47": 0.0413815975189209, "45": 0.02669239044189453, "29": 0.026488780975341797, "13": 0.026543140411376953, "opt": 29}, "11.sql": {"63": 24.022003412246704, "62": 0.18289661407470703, "47": 0.16562986373901367, "46": 0.16643714904785156, "14": 0.16623663902282715, "opt": 47}, "21.sql": {"55": 4.521045684814453, "54": 5.379908084869385, "51": 5.278582334518433, "50": 5.32725191116333, "39": 5.352673292160034, "38": 5.438803195953369, "37": 5.461111545562744, "36": 5.412842512130737, "35": 5.052816867828369, "34": 5.35077977180481, "33": 5.408715724945068, "32": 5.308703899383545, "opt": 55}, "20.sql": {"63": 15.872954845428467, "62": 7.203259468078613, "61": 7.192311525344849, "47": 7.191113710403442, "44": 7.1901469230651855, "31": 7.131801605224609, "28": 7.131466388702393, "14": 7.100167512893677, "opt": 14}, "4.sql": {"63": 1.623194932937622, "62": 1.6115894317626953, "opt": 62}, "9.sql": {"63": 3.3894636631011963, "62": 3.384821653366089, "opt": 62}, "15.sql": {"63": 1.836134910583496, "62": 1.545238971710205, "opt": 62}, "2.sql": {"63": 166.787584066391, "62": 166.5334756374359, "opt": 62}, "8.sql": {"63": 0.6275181770324707, "62": 0.5926144123077393, "opt": 62}, "10.sql": {"63": 1.2451491355895996, "62": 1.2313756942749023, "opt": 62}, "1.sql": {"63": 4.275357007980347, "62": 4.273395299911499, "opt": 62}, "16.sql": {"63": 0.5818183422088623, "62": 0.5834221839904785, "59": 0.5802836418151855, "opt": 59}, "13.sql": {"63": 0.9346985816955566, "62": 0.9403901100158691, "59": 0.9326038360595703, "opt": 59}, "18.sql": {"63": 7.957456111907959, "62": 7.93463134765625, "opt": 62}, "5.sql": {"63": 0.9245965480804443, "62": 0.9027731418609619, "opt": 62}, "runtime": 3686.4212713241577}