{"26b.sql": {"speedup": 1.1872701790580262, "speedupAbs": 0.5671887397766113, "opt": 47}, "10a.sql": {"speedup": 1.122348536923718, "speedupAbs": 0.2669219970703125, "opt": 14}, "26c.sql": {"speedup": 1.51244489292652, "speedupAbs": 2.5208115577697754, "opt": 55}, "10b.sql": {"speedup": 1.0292631462296389, "speedupAbs": 0.06207633018493652, "opt": 62}, "27a.sql": {"speedup": 2.7325953220408397, "speedupAbs": 1.246730089187622, "opt": 61}, "10c.sql": {"speedup": 1.583028540786852, "speedupAbs": 1.339421272277832, "opt": 15}, "27b.sql": {"speedup": 1.0490037124775138, "speedupAbs": 0.030661821365356445, "opt": 57}, "11a.sql": {"speedup": 1.2446930484828833, "speedupAbs": 0.07250714302062988, "opt": 58}, "28a.sql": {"speedup": 57.095603787672594, "speedupAbs": 271.73086857795715, "opt": 55}, "11b.sql": {"speedup": 5.178932216455129, "speedupAbs": 11.41803789138794, "opt": 61}, "27c.sql": {"speedup": 1.5397261672513989, "speedupAbs": 0.6604602336883545, "opt": 49}, "11c.sql": {"speedup": 1.1900205012786367, "speedupAbs": 0.054671287536621094, "opt": 42}, "28b.sql": {"speedup": 1.0574908277297932, "speedupAbs": 0.12610721588134766, "opt": 58}, "11d.sql": {"speedup": 1.293803831650584, "speedupAbs": 0.07649707794189453, "opt": 58}, "28c.sql": {"speedup": 36.07949388858115, "speedupAbs": 129.10692524909973, "opt": 59}, "12a.sql": {"speedup": 1.0581149364794045, "speedupAbs": 0.07940220832824707, "opt": 58}, "31a.sql": {"speedup": 1.0754535259921336, "speedupAbs": 0.33550024032592773, "opt": 62}, "12b.sql": {"speedup": 1.1618967099311277, "speedupAbs": 0.17335128784179688, "opt": 46}, "31b.sql": {"speedup": 1.0716151122911084, "speedupAbs": 0.30514001846313477, "opt": 46}, "12c.sql": {"speedup": 1.0976247285746605, "speedupAbs": 0.18590188026428223, "opt": 46}, "31c.sql": {"speedup": 1.0479469512751836, "speedupAbs": 0.2596769332885742, "opt": 62}, "13a.sql": {"speedup": 3.2181541606909403, "speedupAbs": 5.654015779495239, "opt": 55}, "32a.sql": {"speedup": 1.043314307965037, "speedupAbs": 0.0010077953338623047, "opt": 62}, "13b.sql": {"speedup": 1.682381036194055, "speedupAbs": 1.5963501930236816, "opt": 55}, "32b.sql": {"speedup": 1.0, "speedupAbs": 0.0, "opt": 63}, "13c.sql": {"speedup": 1.7719407183947014, "speedupAbs": 1.6245319843292236, "opt": 55}, "33a.sql": {"speedup": 1.0058876513602857, "speedupAbs": 0.0012373924255371094, "opt": 42}, "13d.sql": {"speedup": 2.1578384855585493, "speedupAbs": 4.237451553344727, "opt": 55}, "33b.sql": {"speedup": 1.7670123422210577, "speedupAbs": 0.16191601753234863, "opt": 59}, "14a.sql": {"speedup": 1.2995223852367739, "speedupAbs": 0.9318370819091797, "opt": 58}, "33c.sql": {"speedup": 1.377238930603529, "speedupAbs": 0.13975095748901367, "opt": 47}, "14b.sql": {"speedup": 1.0580526045271925, "speedupAbs": 0.17053842544555664, "opt": 62}, "3a.sql": {"speedup": 1.1508244963033918, "speedupAbs": 0.3570830821990967, "opt": 42}, "14c.sql": {"speedup": 1.4958741629169552, "speedupAbs": 1.527723789215088, "opt": 58}, "3b.sql": {"speedup": 1.0, "speedupAbs": 0.0, "opt": 63}, "15a.sql": {"speedup": 1.080786050945035, "speedupAbs": 0.12576794624328613, "opt": 46}, "3c.sql": {"speedup": 1.3025792497351019, "speedupAbs": 0.5032033920288086, "opt": 58}, "15b.sql": {"speedup": 1.0147553245948402, "speedupAbs": 0.0209805965423584, "opt": 46}, "4a.sql": {"speedup": 1.1541011313982554, "speedupAbs": 0.09073448181152344, "opt": 46}, "15c.sql": {"speedup": 1.2153252796325942, "speedupAbs": 0.3592061996459961, "opt": 46}, "4b.sql": {"speedup": 1.1819190668607684, "speedupAbs": 0.09563851356506348, "opt": 62}, "15d.sql": {"speedup": 1.1145208723266082, "speedupAbs": 0.2140049934387207, "opt": 62}, "4c.sql": {"speedup": 1.2019891594501628, "speedupAbs": 0.12653708457946777, "opt": 42}, "16a.sql": {"speedup": 1.0660896410576328, "speedupAbs": 0.16943073272705078, "opt": 46}, "5a.sql": {"speedup": 1.1399757678164435, "speedupAbs": 0.07552623748779297, "opt": 42}, "16b.sql": {"speedup": 1.1386721257194692, "speedupAbs": 0.9748485088348389, "opt": 50}, "5b.sql": {"speedup": 1.1066597437923873, "speedupAbs": 0.03320646286010742, "opt": 58}, "16c.sql": {"speedup": 1.0360974645395384, "speedupAbs": 0.1329512596130371, "opt": 62}, "5c.sql": {"speedup": 1.1062332477244778, "speedupAbs": 0.16719865798950195, "opt": 62}, "16d.sql": {"speedup": 1.1091579616778597, "speedupAbs": 0.42925333976745605, "opt": 46}, "6a.sql": {"speedup": 1.094639324264097, "speedupAbs": 0.22726726531982422, "opt": 46}, "17a.sql": {"speedup": 1.3321716480626429, "speedupAbs": 1.5072202682495117, "opt": 55}, "6b.sql": {"speedup": 1.2047409699814038, "speedupAbs": 0.583418607711792, "opt": 54}, "17b.sql": {"speedup": 1.1213217227846835, "speedupAbs": 0.4932706356048584, "opt": 50}, "6c.sql": {"speedup": 1.085665348652267, "speedupAbs": 0.20592379570007324, "opt": 46}, "17c.sql": {"speedup": 1.3202460103249964, "speedupAbs": 1.0775444507598877, "opt": 50}, "6d.sql": {"speedup": 1.4316546126356984, "speedupAbs": 1.3499059677124023, "opt": 55}, "17d.sql": {"speedup": 1.1382769079416009, "speedupAbs": 0.5168704986572266, "opt": 34}, "6e.sql": {"speedup": 1.0757007842821926, "speedupAbs": 0.18405580520629883, "opt": 42}, "17e.sql": {"speedup": 1.0394030940889143, "speedupAbs": 0.23120927810668945, "opt": 46}, "6f.sql": {"speedup": 1.0461447652616633, "speedupAbs": 0.20953869819641113, "opt": 62}, "17f.sql": {"speedup": 1.3618365430783823, "speedupAbs": 1.6134307384490967, "opt": 54}, "7a.sql": {"speedup": 1.1185594647579702, "speedupAbs": 0.2921769618988037, "opt": 46}, "18a.sql": {"speedup": 1.075021823850085, "speedupAbs": 0.2623710632324219, "opt": 62}, "7b.sql": {"speedup": 1.0666471210902282, "speedupAbs": 0.16237664222717285, "opt": 62}, "18b.sql": {"speedup": 1.0554637657095594, "speedupAbs": 0.20674753189086914, "opt": 62}, "7c.sql": {"speedup": 1.4417508067420988, "speedupAbs": 1.4181184768676758, "opt": 47}, "18c.sql": {"speedup": 1.0, "speedupAbs": 0.0, "opt": 63}, "8a.sql": {"speedup": 1.1323386737839374, "speedupAbs": 0.21054553985595703, "opt": 30}, "19a.sql": {"speedup": 1.1016991121128143, "speedupAbs": 0.3823859691619873, "opt": 46}, "8b.sql": {"speedup": 1.1276953182581597, "speedupAbs": 0.20570778846740723, "opt": 30}, "19b.sql": {"speedup": 1.1241325487332692, "speedupAbs": 0.36795592308044434, "opt": 46}, "8c.sql": {"speedup": 1.0049611389647528, "speedupAbs": 0.03425741195678711, "opt": 47}, "19c.sql": {"speedup": 1.0788457851123237, "speedupAbs": 0.29755067825317383, "opt": 62}, "8d.sql": {"speedup": 1.0325607527182528, "speedupAbs": 0.11654973030090332, "opt": 62}, "19d.sql": {"speedup": 1.0, "speedupAbs": 0.0, "opt": 63}, "9a.sql": {"speedup": 1.0681461792588482, "speedupAbs": 0.17496728897094727, "opt": 14}, "1a.sql": {"speedup": 1.3163978850762987, "speedupAbs": 0.031316518783569336, "opt": 62}, "9b.sql": {"speedup": 1.0823480980221836, "speedupAbs": 0.15733623504638672, "opt": 30}, "1b.sql": {"speedup": 1.5844894454520897, "speedupAbs": 0.05777692794799805, "opt": 62}, "9c.sql": {"speedup": 1.0392822557182608, "speedupAbs": 0.11031985282897949, "opt": 46}, "1c.sql": {"speedup": 1.406400870264208, "speedupAbs": 0.04025983810424805, "opt": 62}, "9d.sql": {"speedup": 1.1048083825149202, "speedupAbs": 0.5703175067901611, "opt": 38}, "1d.sql": {"speedup": 1.2930799488888332, "speedupAbs": 0.027889490127563477, "opt": 62}, "20a.sql": {"speedup": 1.27239981281593, "speedupAbs": 0.8997337818145752, "opt": 38}, "20b.sql": {"speedup": 1.1274815220795962, "speedupAbs": 0.4032752513885498, "opt": 38}, "20c.sql": {"speedup": 1.0650483455679745, "speedupAbs": 0.2121891975402832, "opt": 46}, "21a.sql": {"speedup": 1.65364636013548, "speedupAbs": 1.1755976676940918, "opt": 55}, "21b.sql": {"speedup": 3.8454263445410803, "speedupAbs": 1.2920284271240234, "opt": 47}, "21c.sql": {"speedup": 1.292303129170992, "speedupAbs": 0.23026227951049805, "opt": 58}, "22a.sql": {"speedup": 1.2305708180737616, "speedupAbs": 0.5700631141662598, "opt": 42},