{"26b.sql": {"63": 3.595907688140869, "47": 3.028718948364258, "opt": 47}, "10a.sql": {"63": 2.4485745429992676, "62": 2.2831013202667236, "46": 2.287858009338379, "30": 2.2188663482666016, "14": 2.181652545928955, "opt": 14}, "26c.sql": {"63": 7.43999719619751, "55": 4.919185638427734, "opt": 55}, "10b.sql": {"63": 2.1833906173706055, "62": 2.121314287185669, "opt": 62}, "27a.sql": {"63": 1.966303825378418, "62": 1.8387153148651123, "61": 0.7195737361907959, "opt": 61}, "10c.sql": {"63": 3.636772394180298, "62": 3.518247127532959, "46": 3.5321905612945557, "15": 2.297351121902466, "opt": 15}, "27b.sql": {"63": 0.6563658714294434, "62": 0.6537942886352539, "57": 0.6257040500640869, "opt": 57}, "11a.sql": {"63": 0.36882591247558594, "62": 0.3206756114959717, "58": 0.29631876945495605, "opt": 58}, "28a.sql": {"63": 276.57493567466736, "62": 274.4293920993805, "59": 271.7793929576874, "55": 4.844067096710205, "opt": 55}, "11b.sql": {"63": 14.150323867797852, "61": 2.732285976409912, "opt": 61}, "27c.sql": {"63": 1.8841552734375, "62": 1.7628018856048584, "58": 1.7464804649353027, "49": 1.2236950397491455, "opt": 49}, "11c.sql": {"63": 0.34238386154174805, "62": 0.32384204864501953, "58": 0.32168054580688477, "46": 0.31550073623657227, "42": 0.28771257400512695, "opt": 42}, "28b.sql": {"63": 2.3196260929107666, "62": 2.202772855758667, "58": 2.193518877029419, "opt": 58}, "11d.sql": {"63": 0.3368649482727051, "62": 0.3023080825805664, "59": 0.2822380065917969, "58": 0.26036787033081055, "opt": 58}, "28c.sql": {"63": 132.787335395813, "62": 129.19518423080444, "59": 3.680410146713257, "opt": 59}, "12a.sql": {"63": 1.4456982612609863, "62": 1.4477825164794922, "58": 1.3662960529327393, "opt": 58}, "31a.sql": {"63": 4.781949043273926, "62": 4.446448802947998, "opt": 62}, "12b.sql": {"63": 1.2441036701202393, "62": 1.071765661239624, "46": 1.0707523822784424, "42": 1.073732852935791, "opt": 46}, "31b.sql": {"63": 4.565972805023193, "62": 4.316150903701782, "46": 4.260832786560059, "opt": 46}, "12c.sql": {"63": 2.090151786804199, "62": 1.9111642837524414, "46": 1.904249906539917, "opt": 46}, "31c.sql": {"63": 5.675598621368408, "62": 5.415921688079834, "opt": 62}, "13a.sql": {"63": 8.202989101409912, "62": 8.01971983909607, "55": 2.548973321914673, "opt": 55}, "32a.sql": {"63": 0.024274826049804688, "62": 0.023267030715942383, "opt": 62}, "13b.sql": {"63": 3.93573260307312, "62": 3.826676845550537, "55": 2.3393824100494385, "opt": 55}, "32b.sql": {"63": 0.2542736530303955, "opt": 63}, "13c.sql": {"63": 3.7290096282958984, "62": 3.587414264678955, "55": 2.104477643966675, "opt": 55}, "33a.sql": {"63": 0.21140480041503906, "62": 0.2108316421508789, "42": 0.21016740798950195, "opt": 42}, "13d.sql": {"63": 7.897246599197388, "62": 7.729349851608276, "55": 3.659795045852661, "opt": 55}, "33b.sql": {"63": 0.3730156421661377, "62": 0.2925596237182617, "59": 0.21109962463378906, "opt": 59}, "14a.sql": {"63": 4.0429136753082275, "59": 3.4632816314697266, "58": 3.111076593399048, "opt": 58}, "33c.sql": {"63": 0.5102083683013916, "62": 0.46941661834716797, "59": 0.46761417388916016, "47": 0.37045741081237793, "opt": 47}, "14b.sql": {"63": 3.108191728591919, "62": 2.9376533031463623, "46": 2.9423351287841797, "opt": 62}, "3a.sql": {"63": 2.724623441696167, "62": 2.4087893962860107, "42": 2.3675403594970703, "opt": 42}, "14c.sql": {"63": 4.608593702316284, "62": 4.381657123565674, "59": 3.7420051097869873, "58": 3.0808699131011963, "opt": 58}, "3b.sql": {"63": 1.1409146785736084, "opt": 63}, "15a.sql": {"63": 1.6825706958770752, "58": 1.6473779678344727, "46": 1.556802749633789, "opt": 46}, "3c.sql": {"63": 2.166249990463257, "62": 2.0985846519470215, "59": 2.0254650115966797, "58": 1.6630465984344482, "opt": 58}, "15b.sql": {"63": 1.442880630493164, "62": 1.4291374683380127, "46": 1.4219000339508057, "opt": 46}, "4a.sql": {"63": 0.6795327663421631, "62": 0.609459638595581, "46": 0.5887982845306396, "opt": 46}, "15c.sql": {"63": 2.0274088382720947, "62": 1.852653980255127, "59": 1.7509260177612305, "58": 1.6967778205871582, "46": 1.6682026386260986, "opt": 46}, "4b.sql": {"63": 0.6213586330413818, "62": 0.5257201194763184, "opt": 62}, "15d.sql": {"63": 2.0827035903930664, "62": 1.8686985969543457, "46": 1.8725194931030273, "opt": 62}, "4c.sql": {"63": 0.7529919147491455, "62": 0.6808152198791504, "42": 0.6264548301696777, "opt": 42}, "16a.sql": {"63": 2.733081102371216, "62": 2.5694820880889893, "46": 2.563650369644165, "opt": 46}, "5a.sql": {"63": 0.6150927543640137, "62": 0.584320068359375, "58": 0.583655595779419, "42": 0.5395665168762207, "opt": 42}, "16b.sql": {"63": 8.004729270935059, "55": 7.179192304611206, "54": 7.0465428829193115, "50": 7.02988076210022, "39": 7.132213115692139, "35": 7.117836952209473, "opt": 50}, "5b.sql": {"63": 0.34453725814819336, "62": 0.3182065486907959, "58": 0.31133079528808594, "46": 0.31136393547058105, "43": 0.3140866756439209, "42": 0.31362199783325195, "opt": 58}, "16c.sql": {"63": 3.816070318222046, "62": 3.683119058609009, "opt": 62}, "5c.sql": {"63": 1.7410812377929688, "62": 1.5738825798034668, "opt": 62}, "16d.sql": {"63": 4.361658573150635, "62": 3.969517946243286, "46": 3.9324052333831787, "opt": 46}, "6a.sql": {"63": 2.628671407699585, "62": 2.4567487239837646, "46": 2.4014041423797607, "42": 2.402520179748535, "opt": 46}, "17a.sql": {"63": 6.044694423675537, "62": 5.823004961013794, "55": 4.537474155426025, "opt": 55}, "6b.sql": {"63": 3.4329636096954346, "62": 3.4017820358276367, "55": 3.059828281402588, "54": 2.8495450019836426, "opt": 54}, "17b.sql": {"63": 4.559077024459839, "62": 4.394829988479614, "51": 4.253830194473267, "50": 4.0658063888549805, "opt": 50}, "6c.sql": {"63": 2.6097404956817627, "62": 2.416893720626831, "58": 2.4232609272003174, "46": 2.4038166999816895, "opt": 46}, "17c.sql": {"63": 4.442284107208252, "62": 4.304853916168213, "55": 3.856149673461914, "54": 3.851909875869751, "50": 3.3647396564483643, "opt": 50}, "6d.sql": {"63": 4.477188587188721, "55": 3.1272826194763184, "opt": 55}, "17d.sql": {"63": 4.25480842590332, "54": 4.1519458293914795, "39": 4.098966121673584, "38": 4.090312242507935, "35": 4.032697439193726, "34": 3.7379379272460938, "opt": 34}, "6e.sql": {"63": 2.615415096282959, "62": 2.494387626647949, "58": 2.459265947341919, "46": 2.4483742713928223, "42": 2.43135929107666, "opt": 42}, "17e.sql": {"63": 6.09900426864624, "62": 5.938673973083496, "54": 5.9451305866241455, "46": 5.867794990539551, "34": 6.02694845199585, "opt": 46}, "6f.sql": {"63": 4.750437259674072, "62": 4.540898561477661, "opt": 62}, "17f.sql": {"63": 6.072435140609741, "55": 4.683221340179443, "54": 4.4590044021606445, "opt": 54}, "7a.sql": {"63": 2.756568670272827, "62": 2.7579152584075928, "47": 2.69850492477417, "46": 2.4643917083740234, "opt": 46}, "18a.sql": {"63": 3.759634256362915, "62": 3.497263193130493, "opt": 62}, "7b.sql": {"63": 2.598740577697754, "62": 2.436363935470581, "58": 2.440159797668457, "46": 2.4404873847961426, "opt": 62}, "18b.sql": {"63": 3.9343619346618652, "62": 3.727614402770996, "opt": 62}, "7c.sql": {"63": 4.628341197967529, "62": 4.420152902603149, "55": 3.990001678466797, "54": 3.7085580825805664, "47": 3.2102227210998535, "opt": 47}, "18c.sql": {"63": 4.593167781829834, "opt": 63}, "8a.sql": {"63": 1.8015055656433105, "62": 1.6054809093475342, "30": 1.5909600257873535, "opt": 30}, "19a.sql": {"63": 4.142359495162964, "62": 3.793220043182373, "46": 3.7599735260009766, "opt": 46}, "8b.sql": {"63": 1.8166344165802002, "62": 1.664743423461914, "30": 1.610926628112793, "14": 1.6128640174865723, "opt": 30}, "19b.sql": {"63": 3.3321738243103027, "62": 3.058720827102661, "46": 2.9642179012298584, "opt": 46}, "8c.sql": {"63": 6.93940806388855, "62": 7.068443298339844, "47": 6.905150651931763, "opt": 47}, "19c.sql": {"63": 4.0713818073272705, "62": 3.7738311290740967, "opt": 62}, "8d.sql": {"63": 3.6960041522979736, "62": 3.5794544219970703, "opt": 62},