{"1.sql": {"63": 2.361626148223877, "62": 2.2085156440734863, "58": 2.188735008239746, "opt": 58}, "10.sql": {"63": 0.8309001922607422, "62": 0.679215669631958, "opt": 62}, "11.sql": {"63": 0.2760581970214844, "62": 0.19041109085083008, "opt": 62}, "12.sql": {"63": 0.7932846546173096, "62": 0.6716947555541992, "59": 0.6026971340179443, "opt": 59}, "13.sql": {"63": 0.5243363380432129, "opt": 63}, "14.sql": {"63": 0.4895634651184082, "62": 0.46294736862182617, "59": 0.43846917152404785, "opt": 59}, "15.sql": {"63": 1.1009035110473633, "62": 0.9081478118896484, "59": 0.9172918796539307, "58": 0.9005608558654785, "55": 0.8947176933288574, "54": 0.8929343223571777, "38": 0.8716039657592773, "10": 0.8712518215179443, "opt": 10}, "16.sql": {"63": 0.31505632400512695, "opt": 63}, "17.sql": {"63": 0.02603888511657715, "61": 0.018894433975219727, "opt": 61}, "18.sql": {"63": 4.894179821014404, "61": 4.907848834991455, "60": 4.591629981994629, "56": 4.574507713317871, "48": 4.4967710971832275, "opt": 48}, "19.sql": {"63": 0.11462259292602539, "62": 0.0888063907623291, "61": 0.08118653297424316, "opt": 61}, "2.sql": {"63": 81.52461862564087, "62": 81.20898389816284, "61": 79.35417151451111, "60": 79.10780358314514, "55": 57.97934913635254, "opt": 55}, "20.sql": {"63": 4.983338832855225, "62": 4.976057291030884, "61": 4.9277050495147705, "31": 4.877068519592285, "30": 4.874018669128418, "28": 4.862038612365723, "opt": 28}, "21.sql": {"55": 2.713186740875244, "opt": 55}, "22.sql": {"63": 0.3267529010772705, "62": 0.2852907180786133, "opt": 62}, "3.sql": {"63": 0.78946852684021, "62": 0.6635570526123047, "opt": 62}, "4.sql": {"63": 1.0077991485595703, "62": 0.8793301582336426, "50": 0.86924147605896, "46": 0.8628461360931396, "42": 0.902076005935669, "38": 0.9018456935882568, "34": 0.8592567443847656, "opt": 34}, "5.sql": {"63": 0.6357731819152832, "62": 0.5950887203216553, "59": 0.52530837059021, "58": 0.5232436656951904, "55": 0.5133352279663086, "54": 0.5155909061431885, "51": 0.5126852989196777, "47": 0.5015642642974854, "opt": 47}, "6.sql": {"63": 0.45972371101379395, "62": 0.452561616897583, "54": 0.44874048233032227, "51": 0.44698643684387207, "50": 0.4450387954711914, "47": 0.44158315658569336, "46": 0.4124875068664551, "opt": 46}, "7.sql": {"63": 0.6821904182434082, "62": 0.6127293109893799, "59": 0.5468997955322266, "55": 0.5423064231872559, "39": 0.5456106662750244, "opt": 55}, "8.sql": {"63": 0.3913567066192627, "62": 0.33866357803344727, "opt": 62}, "9.sql": {"63": 1.6768388748168945, "62": 1.6147921085357666, "55": 1.374945878982544, "54": 1.4147191047668457, "51": 1.2732610702514648, "opt": 51}, "runtime": 4332.539682388306}