{"1.sql": {"speedup": 1.0789913531483994, "speedupAbs": 0.17289113998413086, "opt": 58}, "10.sql": {"speedup": 1.2233230613053678, "speedupAbs": 0.15168452262878418, "opt": 62}, "11.sql": {"speedup": 1.4498010372607502, "speedupAbs": 0.0856471061706543, "opt": 62}, "12.sql": {"speedup": 1.3162243684963182, "speedupAbs": 0.19058752059936523, "opt": 59}, "13.sql": {"speedup": 1.0, "speedupAbs": 0.0, "opt": 63}, "14.sql": {"speedup": 1.1165288164200116, "speedupAbs": 0.05109429359436035, "opt": 59}, "15.sql": {"speedup": 1.2635881886930311, "speedupAbs": 0.22965168952941895, "opt": 10}, "16.sql": {"speedup": 1.0, "speedupAbs": 0.0, "opt": 63}, "17.sql": {"speedup": 1.378124645105932, "speedupAbs": 0.007144451141357422, "opt": 61}, "18.sql": {"speedup": 1.0883764628535602, "speedupAbs": 0.39740872383117676, "opt": 48}, "19.sql": {"speedup": 1.4118424414353299, "speedupAbs": 0.03343605995178223, "opt": 61}, "2.sql": {"speedup": 1.4060975129940818, "speedupAbs": 23.54526948928833, "opt": 55}, "20.sql": {"speedup": 1.0249484280484726, "speedupAbs": 0.12130022048950195, "opt": 28}, "21.sql": {"speedup": 110.57108435640642, "speedupAbs": 297.28681325912476, "opt": 55}, "22.sql": {"speedup": 1.1453330948791405, "speedupAbs": 0.04146218299865723, "opt": 62}, "3.sql": {"speedup": 1.1897522959513647, "speedupAbs": 0.12591147422790527, "opt": 62}, "4.sql": {"speedup": 1.1728731315122376, "speedupAbs": 0.1485424041748047, "opt": 34}, "5.sql": {"speedup": 1.267580701359929, "speedupAbs": 0.13420891761779785, "opt": 47}, "6.sql": {"speedup": 1.1145154783139453, "speedupAbs": 0.04723620414733887, "opt": 46}, "7.sql": {"speedup": 1.2579427221865138, "speedupAbs": 0.13988399505615234, "opt": 55}, "8.sql": {"speedup": 1.1555913656017989, "speedupAbs": 0.05269312858581543, "opt": 62}, "9.sql": {"speedup": 1.3169639078698325, "speedupAbs": 0.4035778045654297, "opt": 51}, "avrgTOT": {"speedup": 6.179521971356473, "speedupAbs": 323.3664445877075, "speedupAvg": 14.698474753986705, "pg_def": 404.2044310569763, "runtime": 4332.539682388306, "factor": 0.07463669540112608}, "58": {"total_speedup": 1.0789913531483994, "count": 1, "average_speedup": 1.0789913531483994}, "62": {"total_speedup": 6.1638008549984225, "count": 5, "average_speedup": 1.2327601709996845}, "59": {"total_speedup": 2.4327531849163297, "count": 2, "average_speedup": 1.2163765924581649}, "63": {"total_speedup": 2.0, "count": 2, "average_speedup": 1.0}, "10": {"total_speedup": 1.2635881886930311, "count": 1, "average_speedup": 1.2635881886930311}, "61": {"total_speedup": 2.789967086541262, "count": 2, "average_speedup": 1.394983543270631}, "48": {"total_speedup": 1.0883764628535602, "count": 1, "average_speedup": 1.0883764628535602}, "55": {"total_speedup": 113.23512459158701, "count": 3, "average_speedup": 37.745041530529}, "28": {"total_speedup": 1.0249484280484726, "count": 1, "average_speedup": 1.0249484280484726}, "34": {"total_speedup": 1.1728731315122376, "count": 1, "average_speedup": 1.1728731315122376}, "47": {"total_speedup": 1.267580701359929, "count": 1, "average_speedup": 1.267580701359929}, "46": {"total_speedup": 1.1145154783139453, "count": 1, "average_speedup": 1.1145154783139453}, "51": {"total_speedup": 1.3169639078698325, "count": 1, "average_speedup": 1.3169639078698325}}