{"10c.sql": {"63": 48.83452844619751, "59": 47.22531461715698, "opt": 59}, "22d.sql": {"63": 86.21900844573975, "62": 79.9958336353302, "opt": 62}, "11a.sql": {"63": 0.6249008178710938, "62": 0.4579885005950928, "opt": 62}, "14b.sql": {"63": 25.919369220733643, "62": 10.76420545578003, "59": 5.497503757476807, "58": 5.312232732772827, "opt": 58}, "15c.sql": {"63": 38.96613383293152, "62": 7.166778326034546, "61": 5.621871471405029, "60": 5.573467016220093, "59": 2.9980316162109375, "58": 2.84623122215271, "46": 2.8268985748291016, "42": 2.821225166320801, "opt": 42}, "11c.sql": {"63": 0.6688714027404785, "62": 0.4752504825592041, "opt": 62}, "31b.sql": {"63": 74.33093905448914, "62": 70.63387894630432, "opt": 62}, "7c.sql": {"63": 147.03758001327515, "62": 142.13833618164062, "opt": 62}, "24b.sql": {"63": 76.98066139221191, "62": 72.84372115135193, "opt": 62}, "17b.sql": {"63": 213.784663438797, "62": 94.85591101646423, "55": 68.14899921417236, "54": 57.81401491165161, "51": 52.09883666038513, "35": 50.37615776062012, "opt": 35}, "22a.sql": {"63": 118.43133234977722, "62": 106.37153649330139, "opt": 62}, "13d.sql": {"63": 71.1317048072815, "62": 48.12662672996521, "opt": 62}, "8c.sql": {"63": 73.09833526611328, "opt": 63}, "16b.sql": {"63": 79.69617319107056, "55": 75.11907815933228, "opt": 55}, "17e.sql": {"63": 126.9017071723938, "61": 87.24177241325378, "opt": 61}, "16d.sql": {"63": 131.41260623931885, "60": 84.28548741340637, "opt": 60}, "9c.sql": {"63": 83.63540029525757, "62": 80.03790521621704, "opt": 62}, "8d.sql": {"63": 49.2509491443634, "opt": 63}, "2a.sql": {"63": 36.51006460189819, "62": 2.6491310596466064, "59": 1.3189232349395752, "58": 1.3073914051055908, "47": 1.0345473289489746, "46": 1.0422418117523193, "opt": 47}, "23b.sql": {"63": 34.626336097717285, "62": 22.187482595443726, "opt": 62}, "2b.sql": {"63": 5.778788089752197, "62": 1.1341519355773926, "47": 0.9886949062347412, "opt": 47}, "19c.sql": {"63": 86.94044208526611, "62": 75.02470254898071, "opt": 62}, "32a.sql": {"63": 0.15213298797607422, "62": 0.050026655197143555, "59": 0.04810905456542969, "58": 0.04156756401062012, "47": 0.04659008979797363, "46": 0.04621767997741699, "43": 0.04472970962524414, "42": 0.04375815391540527, "opt": 58}, "2d.sql": {"63": 71.90062642097473, "62": 1.247204303741455, "47": 1.2114055156707764, "opt": 47}, "15b.sql": {"63": 39.01861023902893, "62": 8.030359983444214, "61": 5.8407299518585205, "60": 5.54378604888916, "59": 2.6997711658477783, "58": 2.6450448036193848, "46": 2.643385887145996, "43": 2.6415412425994873, "42": 2.6461246013641357, "opt": 43}, "23c.sql": {"63": 28.220566034317017, "62": 11.847299814224243, "61": 5.645697355270386, "60": 5.277177333831787, "59": 3.9580914974212646, "58": 3.259514570236206, "43": 3.1496236324310303, "42": 2.8436946868896484, "opt": 42}, "9d.sql": {"62": 124.25638628005981, "58": 122.9720606803894, "55": 76.64698076248169, "54": 76.59510731697083, "51": 75.86250114440918, "50": 75.26879382133484, "opt": 50}, "11b.sql": {"63": 47.22708249092102, "62": 25.008304834365845, "61": 4.471232891082764, "60": 4.273419618606567, "59": 0.5795083045959473, "58": 0.4557929039001465, "47": 0.457427978515625, "46": 0.452498197555542, "42": 0.4506351947784424, "opt": 42}, "1a.sql": {"63": 1.7496235370635986, "62": 0.1658649444580078, "59": 0.1685657501220703, "58": 0.16184759140014648, "47": 0.15367341041564941, "46": 0.1552114486694336, "opt": 47}, "12c.sql": {"63": 33.814841508865356, "61": 15.341331720352173, "60": 10.130346775054932, "59": 4.1582725048065186, "58": 4.054102182388306, "47": 3.6430091857910156, "46": 3.5991053581237793, "opt": 46}, "33c.sql": {"63": 1.6637084484100342, "62": 0.5807909965515137, "58": 0.5666811466217041, "47": 0.47368860244750977, "46": 0.46481943130493164, "42": 0.4622921943664551, "opt": 42}, "5c.sql": {"63": 31.61768341064453, "62": 9.41982364654541, "58": 7.7324604988098145, "55": 7.371606349945068, "54": 7.375531196594238, "51": 3.9976766109466553, "46": 3.4582431316375732, "opt": 46}, "10a.sql": {"63": 77.61569714546204, "62": 66.91543793678284, "opt": 62}, "25a.sql": {"63": 101.38885140419006, "62": 99.47179222106934, "opt": 62}, "30c.sql": {"63": 73.60334610939026, "62": 68.05070781707764, "opt": 62}, "19b.sql": {"63": 72.44280934333801, "62": 71.8758692741394, "opt": 62}, "8b.sql": {"63": 66.33463072776794, "62": 41.88448691368103, "opt": 62}, "18a.sql": {"63": 125.14588975906372, "62": 124.04164671897888, "opt": 62}, "14c.sql": {"63": 130.42000889778137, "62": 58.58555841445923, "61": 22.904743671417236, "60": 19.70197892189026, "59": 6.217311143875122, "58": 6.243586301803589, "opt": 59}, "27c.sql": {"63": 3.434063196182251, "62": 3.2131216526031494, "opt": 62}, "29c.sql": {"63": 102.9669463634491, "55": 91.5896725654602, "opt": 55}, "31c.sql": {"63": 124.81065487861633, "62": 97.67993664741516, "opt": 62}, "18c.sql": {"63": 145.36871576309204, "62": 140.1201741695404, "opt": 62}, "25b.sql": {"63": 76.14282894134521, "62": 74.26272773742676, "opt": 62}, "21c.sql": {"63": 1.938345193862915, "62": 1.4154415130615234, "opt": 62}, "17c.sql": {"63": 147.59457349777222, "62": 80.98486399650574, "55": 57.73701500892639, "51": 52.982322692871094, "opt": 51}, "27b.sql": {"63": 3.7862837314605713, "62": 1.2662923336029053, "57": 1.1732065677642822, "56": 1.1392967700958252, "opt": 56}, "17a.sql": {"63": 79.27072763442993, "61": 69.35444116592407, "opt": 61}, "10b.sql": {"63": 34.780428886413574, "57": 29.323825359344482, "opt": 57}, "6d.sql": {"63": 266.718225479126, "62": 131.33937120437622, "60": 72.31520414352417, "56": 65.76758241653442, "55": 57.298673152923584, "51": 49.0777063369751, "opt": 51}, "17f.sql": {"63": 138.87182545661926, "59": 124.41933846473694, "opt": 59}, "13b.sql": {"63": 129.3411545753479, "62": 32.33608865737915, "61": 21.469232320785522, "60": 17.42861580848694, "59": 10.098393201828003, "58": 10.127135992050171, "55": 7.158103942871094, "opt": 55}, "24a.sql": {"63": 79.49942350387573, "62": 76.66284084320068, "opt": 62}, "20c.sql": {"63": 113.35748600959778, "62": 108.06085991859436, "opt": 62}, "28b.sql": {"63": 38.37158727645874, "62": 9.69420576095581, "59": 5.571960926055908, "58": 4.132847309112549, "opt": 58}, "25c.sql": {"63": 99.34211945533752, "59": 85.68603682518005, "opt": 59}, "28c.sql": {"62": 283.61430287361145, "opt": 62}, "23a.sql": {"63": 71.02626013755798, "62": 58.08250093460083, "opt": 62}, "14a.sql": {"63": 73.82836604118347, "62": 41.765421628952026, "61": 27.535778522491455, "60": 17.685684204101562, "59": 6.155269384384155, "58": 5.704559087753296, "opt": 58}, "2c.sql": {"63": 25.413289070129395, "62": 3.1533474922180176, "59": 1.9896597862243652, "58": 1.2376842498779297, "50": 1.0662822723388672, "47": 0.9484901428222656, "39": 0.91910719871521, "38": 0.8992419242858887, "opt": 38}, "11d.sql": {"63": 0.5679736137390137, "62": 0.47161412239074707, "opt": 62}, "26a.sql": {"63": 189.05238819122314, "62": 175.7328770160675, "opt": 62}, "1c.sql": {"63": 4.3992838859558105, "62": 0.16377472877502441, "59": 0.1602795124053955, "58": 0.15064048767089844, "43": 0.15472912788391113, "42": 0.14952421188354492, "opt": 42}, "7b.sql": {"63": 39.9441351890564, "62": 37.97983503341675, "opt": 62}, "7a.sql": {"63": 43.96443271636963, "62": 39.60794949531555, "opt": 62}, "30b.sql": {"63": 66.9678864479065, "62": 58.13662362098694, "opt": 62}, "3a.sql": {"63": 44.59844613075256, "62": 6.09285306930542, "59": 4.208415269851685, "43": 4.225008487701416, "opt": 59}, "6b.sql": {"63": 149.69932770729065, "62": 132.80739641189575, "opt": 62}, "1d.sql": {"63": 1.6149718761444092, "62": 0.17453742027282715, "59": 0.15657758712768555, "58": 0.14754176139831543, "47": 0.14551186561584473, "46": 0.1461164951324463, "43": 0.1501631736755371, "42": 0.1509103775024414, "opt": 47}, "17d.sql": {"63": 127.7412281036377, "62": 95.14361453056335, "opt": 62}, "32b.sql": {"63": 8.273965835571289, "62": 0.47939062118530273, "59": 0.4752638339996338,