{"10c.sql": {"speedup": 30.346823750150413, "speedupAbs": 1.6092138290405273, "opt": 59}, "22d.sql": {"speedup": 13.854505308371007, "speedupAbs": 6.223174810409546, "opt": 62}, "11a.sql": {"speedup": 3.7438867788155945, "speedupAbs": 0.16691231727600098, "opt": 62}, "14b.sql": {"speedup": 1.257786070174105, "speedupAbs": 20.607136487960815, "opt": 58}, "15c.sql": {"speedup": 1.0780531828795832, "speedupAbs": 36.14490866661072, "opt": 42}, "11c.sql": {"speedup": 3.4545409768441266, "speedupAbs": 0.19362092018127441, "opt": 62}, "31b.sql": {"speedup": 20.105418056344288, "speedupAbs": 3.6970601081848145, "opt": 62}, "7c.sql": {"speedup": 30.012300890976327, "speedupAbs": 4.8992438316345215, "opt": 62}, "24b.sql": {"speedup": 18.608115396950783, "speedupAbs": 4.136940240859985, "opt": 62}, "17b.sql": {"speedup": 1.308283571602037, "speedupAbs": 163.40850567817688, "opt": 35}, "22a.sql": {"speedup": 9.820343043881826, "speedupAbs": 12.05979585647583, "opt": 62}, "13d.sql": {"speedup": 3.09200014745525, "speedupAbs": 23.005078077316284, "opt": 62}, "8c.sql": {"speedup": 0, "speedupAbs": 0.0, "opt": 63}, "16b.sql": {"speedup": 17.411955102187093, "speedupAbs": 4.577095031738281, "opt": 55}, "17e.sql": {"speedup": 3.199745736927822, "speedupAbs": 39.659934759140015, "opt": 61}, "16d.sql": {"speedup": 2.7884710441297478, "speedupAbs": 47.127118825912476, "opt": 60}, "9c.sql": {"speedup": 23.248232021922227, "speedupAbs": 3.5974950790405273, "opt": 62}, "8d.sql": {"speedup": 0, "speedupAbs": 0.0, "opt": 63}, "2a.sql": {"speedup": 1.0291622901785802, "speedupAbs": 35.47551727294922, "opt": 47}, "23b.sql": {"speedup": 2.783724086097511, "speedupAbs": 12.43885350227356, "opt": 62}, "2b.sql": {"speedup": 1.2064041070509455, "speedupAbs": 4.790093183517456, "opt": 47}, "19c.sql": {"speedup": 7.296269091861068, "speedupAbs": 11.9157395362854, "opt": 62}, "32a.sql": {"speedup": 1.3759544577300025, "speedupAbs": 0.1105654239654541, "opt": 58}, "2d.sql": {"speedup": 1.0171370613532944, "speedupAbs": 70.68922090530396, "opt": 47}, "15b.sql": {"speedup": 1.0726155601722274, "speedupAbs": 36.37706899642944, "opt": 43}, "23c.sql": {"speedup": 1.1120585216340284, "speedupAbs": 25.376871347427368, "opt": 42}, "9d.sql": {"speedup": 1.334928090767665, "speedupAbs": 224.73120617866516, "opt": 50}, "11b.sql": {"speedup": 1.009633805490303, "speedupAbs": 46.77644729614258, "opt": 42}, "1a.sql": {"speedup": 1.0962896069555865, "speedupAbs": 1.5959501266479492, "opt": 47}, "12c.sql": {"speedup": 1.1191136082261377, "speedupAbs": 30.215736150741577, "opt": 46}, "33c.sql": {"speedup": 1.3847893623966954, "speedupAbs": 1.201416254043579, "opt": 42}, "5c.sql": {"speedup": 1.1228093704055515, "speedupAbs": 28.159440279006958, "opt": 46}, "10a.sql": {"speedup": 7.253627751606833, "speedupAbs": 10.7002592086792, "opt": 62}, "25a.sql": {"speedup": 52.88770023215546, "speedupAbs": 1.9170591831207275, "opt": 62}, "30c.sql": {"speedup": 13.255562893641175, "speedupAbs": 5.552638292312622, "opt": 62}, "19b.sql": {"speedup": 127.77860179425791, "speedupAbs": 0.5669400691986084, "opt": 62}, "8b.sql": {"speedup": 2.713056873291246, "speedupAbs": 24.450143814086914, "opt": 62}, "18a.sql": {"speedup": 113.33183476478987, "speedupAbs": 1.1042430400848389, "opt": 62}, "14c.sql": {"speedup": 1.0500577785854057, "speedupAbs": 124.20269775390625, "opt": 59}, "27c.sql": {"speedup": 15.542858715263682, "speedupAbs": 0.22094154357910156, "opt": 62}, "29c.sql": {"speedup": 9.050230151062209, "speedupAbs": 11.377273797988892, "opt": 55}, "31c.sql": {"speedup": 4.600344665224534, "speedupAbs": 27.130718231201172, "opt": 62}, "18c.sql": {"speedup": 27.696973182358374, "speedupAbs": 5.248541593551636, "opt": 62}, "25b.sql": {"speedup": 40.4993246015961, "speedupAbs": 1.880101203918457, "opt": 62}, "21c.sql": {"speedup": 3.7068876449525967, "speedupAbs": 0.5229036808013916, "opt": 62}, "17c.sql": {"speedup": 1.5599943161919416, "speedupAbs": 94.61225080490112, "opt": 51}, "27b.sql": {"speedup": 1.4304126868492095, "speedupAbs": 2.646986961364746, "opt": 56}, "17a.sql": {"speedup": 7.99399330446875, "speedupAbs": 9.91628646850586, "opt": 61}, "10b.sql": {"speedup": 6.374006964932491, "speedupAbs": 5.456603527069092, "opt": 57}, "6d.sql": {"speedup": 1.225498939859265, "speedupAbs": 217.64051914215088, "opt": 51}, "17f.sql": {"speedup": 9.60885317071178, "speedupAbs": 14.452486991882324, "opt": 59}, "13b.sql": {"speedup": 1.0585850812024857, "speedupAbs": 122.1830506324768, "opt": 55}, "24a.sql": {"speedup": 28.026478694245576, "speedupAbs": 2.836582660675049, "opt": 62}, "20c.sql": {"speedup": 21.40182902511111, "speedupAbs": 5.296626091003418, "opt": 62}, "28b.sql": {"speedup": 1.12070675828182, "speedupAbs": 34.23873996734619, "opt": 58}, "25c.sql": {"speedup": 7.27456929968737, "speedupAbs": 13.65608263015747, "opt": 59}, "28c.sql": {"speedup": 18.30865038490559, "speedupAbs": 16.38569712638855, "opt": 62}, "23a.sql": {"speedup": 5.487297702612638, "speedupAbs": 12.943759202957153, "opt": 62}, "14a.sql": {"speedup": 1.0837381136326243, "speedupAbs": 68.12380695343018, "opt": 58}, "2c.sql": {"speedup": 1.0366827198681619, "speedupAbs": 24.514047145843506, "opt": 38}, "11d.sql": {"speedup": 5.894319343034086, "speedupAbs": 0.0963594913482666, "opt": 62}, "26a.sql": {"speedup": 14.193643122868895, "speedupAbs": 13.31951117515564, "opt": 62}, "1c.sql": {"speedup": 1.0351841570702904, "speedupAbs": 4.249759674072266, "opt": 42}, "7b.sql": {"speedup": 20.335046593757006, "speedupAbs": 1.9643001556396484, "opt": 62}, "7a.sql": {"speedup": 10.091725477995114, "speedupAbs": 4.356483221054077, "opt": 62}, "30b.sql": {"speedup": 7.583047607163748, "speedupAbs": 8.831262826919556, "opt": 62}, "3a.sql": {"speedup": 1.104194405900432, "speedupAbs": 40.39003086090088, "opt": 59}, "6b.sql": {"speedup": 8.862179527577283, "speedupAbs": 16.891931295394897, "opt": 62}, "1d.sql": {"speedup": 1.0990240391526573, "speedupAbs": 1.4694600105285645, "opt": 47}, "17d.sql": {"speedup": 3.9187294437146174, "speedupAbs": 32.59761357307434, "opt": 62}, "32b.sql": {"speedup": 1.0601115948808353, "speedupAbs": 7.804806470870972, "opt": 58}, "4c.sql": {"speedup": 1.0490296768376117, "speedupAbs": 18.651453256607056, "opt": 42}, "29a.sql": {"speedup": 4.4183721435753585, "speedupAbs": 15.031815767288208, "opt": 62}, "15a.sql": {"speedup": 1.0338241099309526, "speedupAbs": 78.9550473690033, "opt": 58}, "31a.sql": {"speedup": 23.082767266961007, "speedupAbs": 7.094121694564819, "opt": 62}, "20a.sql": {"speedup": 12.310672353613146, "speedupAbs": 10.95877742767334, "opt": 62}, "26b.sql": {"speedup": 6.6027103745121005, "speedupAbs": 11.245169401168823, "opt": 59}, "28a.sql": {"speedup": 1.0738913554960494, "speedupAbs": 279.35786843299866, "opt": 44}, "33a.sql": {"speedup": 3.9703285444582592, "speedupAbs": 0.12426567077636719, "opt": 62}, "33b.sql": {"speedup": 4.447412644144406, "speedupAbs": 0.14400362968444824, "opt": 62}, "16c.sql": {"speedup": 2.758617186818592, "speedupAbs": 34.81143593788147, "opt": 55}, "19a.sql": {"speedup": 1.5977810945674276, "speedupAbs": 87.75299406051636, "opt": 49}, "6e.sql": {"speedup": 3.8953895881246097, "speedupAbs": 15.632614612579346, "opt": 62}, "18b.sql": {"speedup": 11.74062620447798, "speedupAbs": 5.553552150726318, "opt": 62}, "4b.sql": {"speedup": 1.145374172024956, "speedupAbs": 5.052401781082153, "opt": 46}, "22b.sql": {"speedup": 11.77137083705327, "speedupAbs": 11.366721153259277, "opt": 62}, "13c.sql": {"speedup": 1.1387989459936887, "speedupAbs": 56.42451786994934, "opt": 35}, "29b.sql": {"speedup": 0, "speedupAbs": 0.0, "opt": 63}, "6c.sql": {"speedup": 4.875126891447982, "speedupAbs": 9.897668361663818, "opt": 62}, "26c.sql": {"speedup": 8.284709793042216, "speedupAbs": 30.60687565803528, "opt": 59}, "3b.sql": {"speedup": 1.1025018772581414, "speedupAbs": 19.132142782211304, "opt": 59}, "27a.sql": {"speedup": 1.0880845273394615, "speedupAbs": 11.762255668640137, "opt": 25},