{"10c.sql": {"speedup": 1.0340752378694773, "speedupAbs": 1.6092138290405273, "opt": 59}, "22d.sql": {"speedup": 1.0777937365935653, "speedupAbs": 6.223174810409546, "opt": 62}, "11a.sql": {"speedup": 1.364446524441381, "speedupAbs": 0.16691231727600098, "opt": 62}, "14b.sql": {"speedup": 4.8791855561652895, "speedupAbs": 20.607136487960815, "opt": 58}, "15c.sql": {"speedup": 13.811777343439694, "speedupAbs": 36.14490866661072, "opt": 42}, "11c.sql": {"speedup": 1.407408150621192, "speedupAbs": 0.19362092018127441, "opt": 62}, "31b.sql": {"speedup": 1.0523411734331525, "speedupAbs": 3.6970601081848145, "opt": 62}, "7c.sql": {"speedup": 1.0344681383168417, "speedupAbs": 4.8992438316345215, "opt": 62}, "24b.sql": {"speedup": 1.0567919949100955, "speedupAbs": 4.136940240859985, "opt": 62}, "17b.sql": {"speedup": 4.243766752809322, "speedupAbs": 163.40850567817688, "opt": 35}, "22a.sql": {"speedup": 1.1133742752435967, "speedupAbs": 12.05979585647583, "opt": 62}, "13d.sql": {"speedup": 1.4780114385825545, "speedupAbs": 23.005078077316284, "opt": 62}, "8c.sql": {"speedup": 1.0, "speedupAbs": 0.0, "opt": 63}, "16b.sql": {"speedup": 1.0609311927661036, "speedupAbs": 4.577095031738281, "opt": 55}, "17e.sql": {"speedup": 1.4545979943102907, "speedupAbs": 39.659934759140015, "opt": 61}, "16d.sql": {"speedup": 1.5591368131355965, "speedupAbs": 47.127118825912476, "opt": 60}, "9c.sql": {"speedup": 1.0449473917304823, "speedupAbs": 3.5974950790405273, "opt": 62}, "8d.sql": {"speedup": 1.0, "speedupAbs": 0.0, "opt": 63}, "2a.sql": {"speedup": 35.29085966418741, "speedupAbs": 35.47551727294922, "opt": 47}, "23b.sql": {"speedup": 1.5606248229723871, "speedupAbs": 12.43885350227356, "opt": 62}, "2b.sql": {"speedup": 5.844864834754359, "speedupAbs": 4.790093183517456, "opt": 47}, "19c.sql": {"speedup": 1.158824215644255, "speedupAbs": 11.9157395362854, "opt": 62}, "32a.sql": {"speedup": 3.659896642901799, "speedupAbs": 0.1105654239654541, "opt": 58}, "2d.sql": {"speedup": 59.35306178721012, "speedupAbs": 70.68922090530396, "opt": 47}, "15b.sql": {"speedup": 14.771153147179904, "speedupAbs": 36.37706899642944, "opt": 43}, "23c.sql": {"speedup": 9.923908556155112, "speedupAbs": 25.376871347427368, "opt": 42}, "9d.sql": {"speedup": 3.985715523914313, "speedupAbs": 224.73120617866516, "opt": 50}, "11b.sql": {"speedup": 104.80114078559824, "speedupAbs": 46.77644729614258, "opt": 42}, "1a.sql": {"speedup": 11.38533681481585, "speedupAbs": 1.5959501266479492, "opt": 47}, "12c.sql": {"speedup": 9.395346383105911, "speedupAbs": 30.215736150741577, "opt": 46}, "33c.sql": {"speedup": 3.598824441952889, "speedupAbs": 1.201416254043579, "opt": 42}, "5c.sql": {"speedup": 9.142701136710619, "speedupAbs": 28.159440279006958, "opt": 46}, "10a.sql": {"speedup": 1.1599071834333368, "speedupAbs": 10.7002592086792, "opt": 62}, "25a.sql": {"speedup": 1.0192723900948744, "speedupAbs": 1.9170591831207275, "opt": 62}, "30c.sql": {"speedup": 1.0815955993762516, "speedupAbs": 5.552638292312622, "opt": 62}, "19b.sql": {"speedup": 1.007887766435718, "speedupAbs": 0.5669400691986084, "opt": 62}, "8b.sql": {"speedup": 1.5837517805691583, "speedupAbs": 24.450143814086914, "opt": 62}, "18a.sql": {"speedup": 1.0089021959099473, "speedupAbs": 1.1042430400848389, "opt": 62}, "14c.sql": {"speedup": 20.97691524193098, "speedupAbs": 124.20269775390625, "opt": 59}, "27c.sql": {"speedup": 1.0687622715436569, "speedupAbs": 0.22094154357910156, "opt": 62}, "29c.sql": {"speedup": 1.1242200510091072, "speedupAbs": 11.377273797988892, "opt": 55}, "31c.sql": {"speedup": 1.277751185784774, "speedupAbs": 27.130718231201172, "opt": 62}, "18c.sql": {"speedup": 1.037457429843051, "speedupAbs": 5.248541593551636, "opt": 62}, "25b.sql": {"speedup": 1.0253168885819275, "speedupAbs": 1.880101203918457, "opt": 62}, "21c.sql": {"speedup": 1.3694279671580207, "speedupAbs": 0.5229036808013916, "opt": 62}, "17c.sql": {"speedup": 2.785732410286185, "speedupAbs": 94.61225080490112, "opt": 51}, "27b.sql": {"speedup": 3.3233515891931393, "speedupAbs": 2.646986961364746, "opt": 56}, "17a.sql": {"speedup": 1.142979833761216, "speedupAbs": 9.91628646850586, "opt": 61}, "10b.sql": {"speedup": 1.1860808902045334, "speedupAbs": 5.456603527069092, "opt": 57}, "6d.sql": {"speedup": 5.4346106488310095, "speedupAbs": 217.64051914215088, "opt": 51}, "17f.sql": {"speedup": 1.116159490720797, "speedupAbs": 14.452486991882324, "opt": 59}, "13b.sql": {"speedup": 18.06919201056887, "speedupAbs": 122.1830506324768, "opt": 55}, "24a.sql": {"speedup": 1.0370007506828078, "speedupAbs": 2.836582660675049, "opt": 62}, "20c.sql": {"speedup": 1.0490152132325574, "speedupAbs": 5.296626091003418, "opt": 62}, "28b.sql": {"speedup": 9.28454027126841, "speedupAbs": 34.23873996734619, "opt": 58}, "25c.sql": {"speedup": 1.1593734887986376, "speedupAbs": 13.65608263015747, "opt": 59}, "28c.sql": {"speedup": 1.0577745796328566, "speedupAbs": 16.38569712638855, "opt": 62}, "23a.sql": {"speedup": 1.2228512718061408, "speedupAbs": 12.943759202957153, "opt": 62}, "14a.sql": {"speedup": 12.941993396068108, "speedupAbs": 68.12380695343018, "opt": 58}, "2c.sql": {"speedup": 28.260792100313544, "speedupAbs": 24.514047145843506, "opt": 38}, "11d.sql": {"speedup": 1.2043185027195384, "speedupAbs": 0.0963594913482666, "opt": 62}, "26a.sql": {"speedup": 1.0757940767904108, "speedupAbs": 13.31951117515564, "opt": 62}, "1c.sql": {"speedup": 29.421883122060112, "speedupAbs": 4.249759674072266, "opt": 42}, "7b.sql": {"speedup": 1.0517195547034723, "speedupAbs": 1.9643001556396484, "opt": 62}, "7a.sql": {"speedup": 1.109990122603275, "speedupAbs": 4.356483221054077, "opt": 62}, "30b.sql": {"speedup": 1.1519053270876833, "speedupAbs": 8.831262826919556, "opt": 62}, "3a.sql": {"speedup": 10.597444232808405, "speedupAbs": 40.39003086090088, "opt": 59}, "6b.sql": {"speedup": 1.127191193802229, "speedupAbs": 16.891931295394897, "opt": 62}, "1d.sql": {"speedup": 11.098557971952465, "speedupAbs": 1.4694600105285645, "opt": 47}, "17d.sql": {"speedup": 1.3426148326812082, "speedupAbs": 32.59761357307434, "opt": 62}, "32b.sql": {"speedup": 17.635725636333422, "speedupAbs": 7.804806470870972, "opt": 58}, "4c.sql": {"speedup": 21.395810547804313, "speedupAbs": 18.651453256607056, "opt": 42}, "29a.sql": {"speedup": 1.2925369029464637, "speedupAbs": 15.031815767288208, "opt": 62}, "15a.sql": {"speedup": 30.56470996698402, "speedupAbs": 78.9550473690033, "opt": 58}, "31a.sql": {"speedup": 1.0452841796460963, "speedupAbs": 7.094121694564819, "opt": 62}, "20a.sql": {"speedup": 1.0884120739012084, "speedupAbs": 10.95877742767334, "opt": 62}, "26b.sql": {"speedup": 1.1784850426231577, "speedupAbs": 11.245169401168823, "opt": 59}, "28a.sql": {"speedup": 14.533382806239938, "speedupAbs": 279.35786843299866, "opt": 44}, "33a.sql": {"speedup": 1.3366630946821354, "speedupAbs": 0.12426567077636719, "opt": 62}, "33b.sql": {"speedup": 1.290072614805352, "speedupAbs": 0.14400362968444824, "opt": 62}, "16c.sql": {"speedup": 1.568628583579943, "speedupAbs": 34.81143593788147, "opt": 55}, "19a.sql": {"speedup": 2.672853171650786, "speedupAbs": 87.75299406051636, "opt": 49}, "6e.sql": {"speedup": 1.3453766650614074, "speedupAbs": 15.632614612579346, "opt": 62}, "18b.sql": {"speedup": 1.0931044411156474, "speedupAbs": 5.553552150726318, "opt": 62}, "4b.sql": {"speedup": 7.878801000691733, "speedupAbs": 5.052401781082153, "opt": 46}, "22b.sql": {"speedup": 1.0928386938977184, "speedupAbs": 11.366721153259277, "opt": 62}, "13c.sql": {"speedup": 8.20466566111727, "speedupAbs": 56.42451786994934, "opt": 35}, "29b.sql": {"speedup": 1.0, "speedupAbs": 0.0, "opt": 63}, "6c.sql": {"speedup": 1.25805606577862, "speedupAbs": 9.897668361663818, "opt": 62}, "26c.sql": {"speedup": 1.137273828115311, "speedupAbs": 30.60687565803528, "opt": 59}, "3b.sql": {"speedup": 10.75591888411558, "speedupAbs": 19.132142782211304, "opt": 59}, "27a.sql": {"speedup": 12.352731634083547, "speedupAbs": 11.762255668640137, "opt": 25},