{"12.sql": {"speedup": 1.0847798537365094, "speedupAbs": 12.40460991859436, "opt": 50}, "7.sql": {"speedup": 3.6436806426271127, "speedupAbs": 0.36661338806152344, "opt": 62}, "3.sql": {"speedup": 576.0782063258889, "speedupAbs": 0.0017864704132080078, "opt": 62}, "19.sql": {"speedup": 1.0355272016510186, "speedupAbs": 2.2536725997924805, "opt": 58}, "22.sql": {"speedup": 11.617037337251134, "speedupAbs": 0.04706144332885742, "opt": 62}, "14.sql": {"speedup": 24.208896121507973, "speedupAbs": 0.030766725540161133, "opt": 62}, "6.sql": {"speedup": 69.18079428039752, "speedupAbs": 0.009737491607666016, "opt": 59}, "17.sql": {"speedup": 1.1136148326544066, "speedupAbs": 0.2358105182647705, "opt": 13}, "11.sql": {"speedup": 1.0069732331044432, "speedupAbs": 23.692229509353638, "opt": 15}, "21.sql": {"speedup": 1.0152330667196579, "speedupAbs": 295.4986493587494, "opt": 55}, "20.sql": {"speedup": 1.5342002151667389, "speedupAbs": 13.322035312652588, "opt": 12}, "4.sql": {"speedup": 98.66152358408837, "speedupAbs": 0.016518592834472656, "opt": 62}, "9.sql": {"speedup": 3.2925793227188516, "speedupAbs": 1.0215849876403809, "opt": 55}, "15.sql": {"speedup": 7.568463672429619, "speedupAbs": 0.23660016059875488, "opt": 62}, "2.sql": {"speedup": 838.2079811243483, "speedupAbs": 0.1987617015838623, "opt": 62}, "8.sql": {"speedup": 24.43908808251219, "speedupAbs": 0.02538132667541504, "opt": 62}, "10.sql": {"speedup": 51.40519144177288, "speedupAbs": 0.024303674697875977, "opt": 62}, "1.sql": {"speedup": 828.4406764210102, "speedupAbs": 0.00523066520690918, "opt": 62}, "16.sql": {"speedup": 70.657258521119, "speedupAbs": 0.008421897888183594, "opt": 62}, "13.sql": {"speedup": 1263.9067769647047, "speedupAbs": 0.0007493495941162109, "opt": 62}, "18.sql": {"speedup": 414.31473732570356, "speedupAbs": 0.01920151710510254, "opt": 59}, "5.sql": {"speedup": 108.4671076809994, "speedupAbs": 0.00843358039855957, "opt": 58}, "avrgTOT": {"speedup": 200.04001487509598, "speedupAbs": 349.4281601905823, "speedupAvg": 15.883098190481013, "pg_def": 554.6819665431976, "runtime": 3733.324285030365, "factor": 0.09359705546922244}, "50": {"total_speedup": 1.0847798537365094, "count": 1, "average_speedup": 1.0847798537365094}, "62": {"total_speedup": 3798.83478023926, "count": 12, "average_speedup": 316.56956501993835}, "58": {"total_speedup": 109.50263488265043, "count": 2, "average_speedup": 54.75131744132521}, "59": {"total_speedup": 483.49553160610105, "count": 2, "average_speedup": 241.74776580305053}, "13": {"total_speedup": 1.1136148326544066, "count": 1, "average_speedup": 1.1136148326544066}, "15": {"total_speedup": 1.0069732331044432, "count": 1, "average_speedup": 1.0069732331044432}, "55": {"total_speedup": 4.307812389438509, "count": 2, "average_speedup": 2.1539061947192546}, "12": {"total_speedup": 1.5342002151667389, "count": 1, "average_speedup": 1.5342002151667389}}