{"12.sql": {"speedup": 12.795255074489015, "speedupAbs": 12.40460991859436, "opt": 50}, "7.sql": {"speedup": 1.3782605144796412, "speedupAbs": 0.36661338806152344, "opt": 62}, "3.sql": {"speedup": 1.001738893926078, "speedupAbs": 0.0017864704132080078, "opt": 62}, "19.sql": {"speedup": 29.147446281385488, "speedupAbs": 2.2536725997924805, "opt": 58}, "22.sql": {"speedup": 1.0941882342724163, "speedupAbs": 0.04706144332885742, "opt": 62}, "14.sql": {"speedup": 1.0430869264425413, "speedupAbs": 0.030766725540161133, "opt": 62}, "6.sql": {"speedup": 1.0146668869225466, "speedupAbs": 0.009737491607666016, "opt": 59}, "17.sql": {"speedup": 9.801667675221585, "speedupAbs": 0.2358105182647705, "opt": 13}, "11.sql": {"speedup": 144.40550287395718, "speedupAbs": 23.692229509353638, "opt": 15}, "21.sql": {"speedup": 66.64666317055696, "speedupAbs": 295.4986493587494, "opt": 55}, "20.sql": {"speedup": 2.8719573141464796, "speedupAbs": 13.322035312652588, "opt": 12}, "4.sql": {"speedup": 1.0102394470544889, "speedupAbs": 0.016518592834472656, "opt": 62}, "9.sql": {"speedup": 1.436189923764149, "speedupAbs": 1.0215849876403809, "opt": 55}, "15.sql": {"speedup": 1.1522426019036058, "speedupAbs": 0.23660016059875488, "opt": 62}, "2.sql": {"speedup": 1.001194446329402, "speedupAbs": 0.1987617015838623, "opt": 62}, "8.sql": {"speedup": 1.0426637758465567, "speedupAbs": 0.02538132667541504, "opt": 62}, "10.sql": {"speedup": 1.01983922630579, "speedupAbs": 0.024303674697875977, "opt": 62}, "1.sql": {"speedup": 1.0012085458553057, "speedupAbs": 0.00523066520690918, "opt": 62}, "16.sql": {"speedup": 1.0143560056946086, "speedupAbs": 0.008421897888183594, "opt": 62}, "13.sql": {"speedup": 1.000791824082537, "speedupAbs": 0.0007493495941162109, "opt": 62}, "18.sql": {"speedup": 1.0024194636912063, "speedupAbs": 0.01920151710510254, "opt": 59}, "5.sql": {"speedup": 1.0093051727321847, "speedupAbs": 0.00843358039855957, "opt": 58}, "avrgTOT": {"speedup": 12.85867655813908, "speedupAbs": 349.4281601905823, "speedupAvg": 15.883098190481013, "pg_def": 554.6819665431976, "runtime": 3733.324285030365, "factor": 0.09359705546922244}, "50": {"total_speedup": 12.795255074489015, "count": 1, "average_speedup": 12.795255074489015}, "62": {"total_speedup": 12.75981044219297, "count": 12, "average_speedup": 1.063317536849414}, "58": {"total_speedup": 30.15675145411767, "count": 2, "average_speedup": 15.078375727058836}, "59": {"total_speedup": 2.017086350613753, "count": 2, "average_speedup": 1.0085431753068765}, "13": {"total_speedup": 9.801667675221585, "count": 1, "average_speedup": 9.801667675221585}, "15": {"total_speedup": 144.40550287395718, "count": 1, "average_speedup": 144.40550287395718}, "55": {"total_speedup": 68.08285309432111, "count": 2, "average_speedup": 34.041426547160555}, "12": {"total_speedup": 2.8719573141464796, "count": 1, "average_speedup": 2.8719573141464796}}