{"26b.sql": {"speedup": 1.2015467974444147, "speedupAbs": 0.6043789386749268, "opt": 47}, "10a.sql": {"speedup": 1.1043906313913794, "speedupAbs": 0.23060369491577148, "opt": 30}, "26c.sql": {"speedup": 1.62082828296858, "speedupAbs": 2.8347115516662598, "opt": 51}, "10b.sql": {"speedup": 1.077051848974173, "speedupAbs": 0.1627638339996338, "opt": 62}, "27a.sql": {"speedup": 2.777310340054902, "speedupAbs": 1.2858548164367676, "opt": 61}, "10c.sql": {"speedup": 1.6471219326369755, "speedupAbs": 1.4045798778533936, "opt": 14}, "27b.sql": {"speedup": 1.4485196263056885, "speedupAbs": 0.2733604907989502, "opt": 57}, "11a.sql": {"speedup": 1.1412987000174295, "speedupAbs": 0.04097580909729004, "opt": 42}, "28a.sql": {"speedup": 62.79021724449191, "speedupAbs": 273.8771903514862, "opt": 55}, "11b.sql": {"speedup": 5.5392589883857415, "speedupAbs": 11.666520833969116, "opt": 61}, "27c.sql": {"speedup": 1.700438531182692, "speedupAbs": 0.7962760925292969, "opt": 34}, "11c.sql": {"speedup": 1.00489656039276, "speedupAbs": 0.0012631416320800781, "opt": 62}, "28b.sql": {"speedup": 1.132105639685119, "speedupAbs": 0.29004478454589844, "opt": 58}, "11d.sql": {"speedup": 1.3193915554428743, "speedupAbs": 0.09100651741027832, "opt": 58}, "28c.sql": {"speedup": 35.98635194597061, "speedupAbs": 130.77629470825195, "opt": 59}, "12a.sql": {"speedup": 1.0409822743690746, "speedupAbs": 0.055609941482543945, "opt": 42}, "31a.sql": {"speedup": 1.0330918262341686, "speedupAbs": 0.15080928802490234, "opt": 46}, "12b.sql": {"speedup": 1.162406508004304, "speedupAbs": 0.17197513580322266, "opt": 42}, "31b.sql": {"speedup": 1.084957500201654, "speedupAbs": 0.3613564968109131, "opt": 62}, "12c.sql": {"speedup": 1.0815800546455618, "speedupAbs": 0.16229867935180664, "opt": 46}, "31c.sql": {"speedup": 1.046781119705968, "speedupAbs": 0.25397443771362305, "opt": 62}, "13a.sql": {"speedup": 3.3678999690389193, "speedupAbs": 5.842246055603027, "opt": 55}, "32a.sql": {"speedup": 1.0440128460009175, "speedupAbs": 0.0010292530059814453, "opt": 62}, "13b.sql": {"speedup": 1.7378920741238872, "speedupAbs": 1.659135103225708, "opt": 54}, "32b.sql": {"speedup": 1.0030902371955626, "speedupAbs": 0.0007791519165039062, "opt": 62}, "13c.sql": {"speedup": 1.8341327216603904, "speedupAbs": 1.7517094612121582, "opt": 55}, "33a.sql": {"speedup": 1.0819539998937642, "speedupAbs": 0.016921043395996094, "opt": 62}, "13d.sql": {"speedup": 2.2068809504540576, "speedupAbs": 4.341230630874634, "opt": 55}, "33b.sql": {"speedup": 1.702467904258773, "speedupAbs": 0.14186930656433105, "opt": 59}, "14a.sql": {"speedup": 1.3360293006172121, "speedupAbs": 1.0382766723632812, "opt": 58}, "33c.sql": {"speedup": 1.7025684790001971, "speedupAbs": 0.21080350875854492, "opt": 46}, "14b.sql": {"speedup": 1.0419827847968657, "speedupAbs": 0.1222984790802002, "opt": 46}, "3a.sql": {"speedup": 1.1268572009257918, "speedupAbs": 0.3172726631164551, "opt": 54}, "14c.sql": {"speedup": 1.5050950860664651, "speedupAbs": 1.583472728729248, "opt": 42}, "3b.sql": {"speedup": 1.1753823125148326, "speedupAbs": 0.2029731273651123, "opt": 42}, "15a.sql": {"speedup": 1.1955987456009811, "speedupAbs": 0.29205989837646484, "opt": 46}, "3c.sql": {"speedup": 1.2345674358789585, "speedupAbs": 0.40355873107910156, "opt": 58}, "15b.sql": {"speedup": 1.1319970027961557, "speedupAbs": 0.19034337997436523, "opt": 46}, "4a.sql": {"speedup": 1.0770396720192852, "speedupAbs": 0.05582761764526367, "opt": 62}, "15c.sql": {"speedup": 1.120218145496582, "speedupAbs": 0.18055152893066406, "opt": 46}, "4b.sql": {"speedup": 1.226969675790887, "speedupAbs": 0.11381769180297852, "opt": 58}, "15d.sql": {"speedup": 1.0978932885182924, "speedupAbs": 0.1884593963623047, "opt": 46}, "4c.sql": {"speedup": 1.1314677240110667, "speedupAbs": 0.09327316284179688, "opt": 58}, "16a.sql": {"speedup": 1.0970129435552116, "speedupAbs": 0.2511866092681885, "opt": 62}, "5a.sql": {"speedup": 1.2083384366437055, "speedupAbs": 0.11112117767333984, "opt": 46}, "16b.sql": {"speedup": 1.1797980400354422, "speedupAbs": 1.2248778343200684, "opt": 39}, "5b.sql": {"speedup": 1.1341412060506542, "speedupAbs": 0.04154324531555176, "opt": 46}, "16c.sql": {"speedup": 1.0572799155468544, "speedupAbs": 0.21443533897399902, "opt": 46}, "5c.sql": {"speedup": 1.109164823527614, "speedupAbs": 0.17371153831481934, "opt": 62}, "16d.sql": {"speedup": 1.0582772688486333, "speedupAbs": 0.20658373832702637, "opt": 62}, "6a.sql": {"speedup": 1.102037483193922, "speedupAbs": 0.2426455020904541, "opt": 42}, "17a.sql": {"speedup": 1.4078246498409888, "speedupAbs": 1.744351863861084, "opt": 38}, "6b.sql": {"speedup": 1.3135913251910127, "speedupAbs": 0.8953018188476562, "opt": 54}, "17b.sql": {"speedup": 1.051582090593419, "speedupAbs": 0.22283601760864258, "opt": 34}, "6c.sql": {"speedup": 1.0851286601154888, "speedupAbs": 0.2035973072052002, "opt": 62}, "17c.sql": {"speedup": 1.3066018646257653, "speedupAbs": 1.0301151275634766, "opt": 34}, "6d.sql": {"speedup": 1.6175380004417506, "speedupAbs": 1.7644548416137695, "opt": 54}, "17d.sql": {"speedup": 1.1531559756482428, "speedupAbs": 0.5891678333282471, "opt": 35}, "6e.sql": {"speedup": 1.0727193764555274, "speedupAbs": 0.1756141185760498, "opt": 58}, "17e.sql": {"speedup": 1.0606137558516087, "speedupAbs": 0.34913182258605957, "opt": 46}, "6f.sql": {"speedup": 1.034404287694101, "speedupAbs": 0.15855145454406738, "opt": 62}, "17f.sql": {"speedup": 1.3683496295417714, "speedupAbs": 1.6526389122009277, "opt": 34}, "7a.sql": {"speedup": 1.204892931260183, "speedupAbs": 0.5064666271209717, "opt": 46}, "18a.sql": {"speedup": 1.0717014455313523, "speedupAbs": 0.24825525283813477, "opt": 62}, "7b.sql": {"speedup": 1.0732393097705608, "speedupAbs": 0.1768207550048828, "opt": 58}, "18b.sql": {"speedup": 1.0555187198280898, "speedupAbs": 0.2091381549835205, "opt": 62}, "7c.sql": {"speedup": 1.5334862311751214, "speedupAbs": 1.6257755756378174, "opt": 46}, "18c.sql": {"speedup": 1.05284347931035, "speedupAbs": 0.24395966529846191, "opt": 62}, "8a.sql": {"speedup": 1.1222825682992743, "speedupAbs": 0.19415545463562012, "opt": 30}, "19a.sql": {"speedup": 1.1255578936295685, "speedupAbs": 0.46898913383483887, "opt": 46}, "8b.sql": {"speedup": 1.1298039406909277, "speedupAbs": 0.21134495735168457, "opt": 30}, "19b.sql": {"speedup": 1.0518724953591434, "speedupAbs": 0.15462350845336914, "opt": 46}, "8c.sql": {"speedup": 1.0, "speedupAbs": 0.0, "opt": 63}, "19c.sql": {"speedup": 1.0779343386277225, "speedupAbs": 0.291978120803833, "opt": 62}, "8d.sql": {"speedup": 1.0292350854742833, "speedupAbs": 0.10501646995544434, "opt": 46}, "19d.sql": {"speedup": 1.0374770923705485, "speedupAbs": 0.5049164295196533, "opt": 39}, "9a.sql": {"speedup": 1.0819242814617767, "speedupAbs": 0.2066049575805664, "opt": 46}, "1a.sql": {"speedup": 1.1443235535194978, "speedupAbs": 0.015322685241699219, "opt": 46}, "9b.sql": {"speedup": 1.1101607621589273, "speedupAbs": 0.21163153648376465, "opt": 14}, "1b.sql": {"speedup": 1.2738630634264394, "speedupAbs": 0.025900840759277344, "opt": 62}, "9c.sql": {"speedup": 1.0901209560758138, "speedupAbs": 0.25287437438964844, "opt": 14}, "1c.sql": {"speedup": 1.4743495520018146, "speedupAbs": 0.049857378005981445, "opt": 62}, "9d.sql": {"speedup": 1.1292189086427025, "speedupAbs": 0.6972639560699463, "opt": 38}, "1d.sql": {"speedup": 1.4024747505787392, "speedupAbs": 0.037471771240234375, "opt": 58}, "20a.sql": {"speedup": 1.259518468887336, "speedupAbs": 0.8707342147827148, "opt": 34}, "20b.sql": {"speedup": 1.1158697310430026, "speedupAbs": 0.3679184913635254, "opt": 34}, "20c.sql": {"speedup": 1.0511539435560957, "speedupAbs": 0.17038631439208984, "opt": 62}, "21a.sql": {"speedup": 1.764577315173484, "speedupAbs": 1.2618896961212158, "opt": 54}, "21b.sql": {"speedup": 4.19505543903336, "speedupAbs": 1.4022877216339111, "opt": 47}, "21c.sql": {"speedup": 1.0785795973988161, "speedupAbs": 0.059777259826660156, "opt": 42},