{"26b.sql": {"63": 3.603081703186035, "62": 3.450045585632324, "47": 2.9987027645111084, "opt": 47}, "10a.sql": {"63": 2.4396495819091797, "62": 2.2729568481445312, "30": 2.209045886993408, "14": 2.2106029987335205, "opt": 30}, "26c.sql": {"63": 7.400727033615112, "62": 7.351232290267944, "55": 4.885155200958252, "54": 4.677830457687378, "51": 4.5660154819488525, "opt": 51}, "10b.sql": {"63": 2.2751574516296387, "62": 2.112393617630005, "opt": 62}, "27a.sql": {"63": 2.00933837890625, "62": 1.7938969135284424, "61": 0.7234835624694824, "opt": 61}, "10c.sql": {"63": 3.575082540512085, "62": 3.520150661468506, "46": 3.566143751144409, "15": 2.390388011932373, "14": 2.1705026626586914, "opt": 14}, "27b.sql": {"63": 0.8828332424163818, "62": 0.8405640125274658, "58": 0.6667234897613525, "57": 0.6094727516174316, "opt": 57}, "11a.sql": {"63": 0.33097004890441895, "62": 0.2920413017272949, "58": 0.290830135345459, "42": 0.2899942398071289, "opt": 42}, "28a.sql": {"63": 278.30956172943115, "62": 274.87642884254456, "59": 273.04845690727234, "55": 4.432371377944946, "opt": 55}, "11b.sql": {"63": 14.236658573150635, "61": 2.5701377391815186, "opt": 61}, "27c.sql": {"63": 1.9331011772155762, "62": 1.7565534114837646, "58": 1.7531607151031494, "54": 1.6791081428527832, "49": 1.2182841300964355, "38": 1.1712820529937744, "34": 1.1368250846862793, "opt": 34}, "11c.sql": {"63": 0.2592282295227051, "62": 0.257965087890625, "opt": 62}, "28b.sql": {"63": 2.4855966567993164, "62": 2.272749662399292, "58": 2.195551872253418, "opt": 58}, "11d.sql": {"63": 0.375943660736084, "62": 0.31334853172302246, "58": 0.28493714332580566, "opt": 58}, "28c.sql": {"63": 134.51421785354614, "62": 129.36586928367615, "59": 3.7379231452941895, "opt": 59}, "12a.sql": {"63": 1.41253662109375, "62": 1.3945345878601074, "42": 1.356926679611206, "opt": 42}, "31a.sql": {"63": 4.708106517791748, "62": 4.559672832489014, "46": 4.557297229766846, "opt": 46}, "12b.sql": {"63": 1.2308928966522217, "62": 1.0620267391204834, "58": 1.0641887187957764, "46": 1.0612258911132812, "42": 1.058917760848999, "opt": 42}, "31b.sql": {"63": 4.614736080169678, "62": 4.253379583358765, "opt": 62}, "12c.sql": {"63": 2.1517393589019775, "62": 2.0302300453186035, "46": 1.989440679550171, "opt": 46}, "31c.sql": {"63": 5.682968854904175, "62": 5.428994417190552, "opt": 62}, "13a.sql": {"63": 8.309514999389648, "62": 8.161176204681396, "55": 2.467268943786621, "opt": 55}, "32a.sql": {"63": 0.024414539337158203, "62": 0.023385286331176758, "opt": 62}, "13b.sql": {"63": 3.9076144695281982, "62": 3.7215728759765625, "55": 2.34378981590271, "54": 2.2484793663024902, "opt": 54}, "32b.sql": {"63": 0.2529125213623047, "62": 0.2521333694458008, "opt": 62}, "13c.sql": {"63": 3.8517463207244873, "62": 3.6032557487487793, "55": 2.100036859512329, "opt": 55}, "33a.sql": {"63": 0.22339105606079102, "62": 0.20647001266479492, "42": 0.20710301399230957, "opt": 62}, "13d.sql": {"63": 7.938296794891357, "62": 7.936324119567871, "55": 3.5970661640167236, "opt": 55}, "33b.sql": {"63": 0.3438277244567871, "62": 0.29159998893737793, "59": 0.20195841789245605, "opt": 59}, "14a.sql": {"63": 4.1281163692474365, "62": 3.9542460441589355, "59": 3.284703016281128, "58": 3.0898396968841553, "42": 3.0946879386901855, "opt": 58}, "33c.sql": {"63": 0.5108504295349121, "62": 0.45544958114624023, "47": 0.3496582508087158, "46": 0.3000469207763672, "opt": 46}, "14b.sql": {"63": 3.0353610515594482, "62": 2.9800801277160645, "58": 2.9262137413024902, "46": 2.913062572479248, "opt": 46}, "3a.sql": {"63": 2.8182947635650635, "62": 2.5676820278167725, "54": 2.5010221004486084, "opt": 54}, "14c.sql": {"63": 4.718472003936768, "62": 4.366604328155518, "59": 3.3326165676116943, "58": 3.166701555252075, "42": 3.1349992752075195, "opt": 42}, "3b.sql": {"63": 1.3602912425994873, "62": 1.2230548858642578, "42": 1.157318115234375, "opt": 42}, "15a.sql": {"63": 1.7852182388305664, "62": 1.5245635509490967, "46": 1.4931583404541016, "opt": 46}, "3c.sql": {"63": 2.1239967346191406, "62": 1.843353033065796, "58": 1.720438003540039, "opt": 58}, "15b.sql": {"63": 1.632371425628662, "62": 1.4666249752044678, "58": 1.4615628719329834, "46": 1.4420280456542969, "42": 1.4420642852783203, "opt": 46}, "4a.sql": {"63": 0.7804882526397705, "62": 0.7246606349945068, "opt": 62}, "15c.sql": {"63": 1.682417392730713, "62": 1.5815141201019287, "46": 1.5018658638000488, "opt": 46}, "4b.sql": {"63": 0.6152842044830322, "62": 0.5563843250274658, "58": 0.5014665126800537, "opt": 58}, "15d.sql": {"63": 2.1136107444763184, "62": 1.9295790195465088, "46": 1.9251513481140137, "opt": 46}, "4c.sql": {"63": 0.8027489185333252, "62": 0.7597839832305908, "59": 0.7658889293670654, "58": 0.7094757556915283, "46": 0.7140102386474609, "opt": 58}, "16a.sql": {"63": 2.8403937816619873, "62": 2.589207172393799, "42": 2.5904271602630615, "opt": 62}, "5a.sql": {"63": 0.6444897651672363, "62": 0.5838644504547119, "54": 0.568300724029541, "46": 0.5333685874938965, "opt": 46}, "16b.sql": {"63": 8.037398338317871, "55": 7.166824817657471, "54": 6.942324876785278, "51": 7.09865140914917, "50": 6.977567434310913, "39": 6.812520503997803, "38": 6.877556562423706, "opt": 39}, "5b.sql": {"63": 0.3512411117553711, "62": 0.3123774528503418, "46": 0.30969786643981934, "opt": 46}, "16c.sql": {"63": 3.9580745697021484, "46": 3.7436392307281494, "opt": 46}, "5c.sql": {"63": 1.7649891376495361, "62": 1.5912775993347168, "58": 1.5954735279083252, "42": 1.592773199081421, "opt": 62}, "16d.sql": {"63": 3.7514262199401855, "62": 3.544842481613159, "opt": 62}, "6a.sql": {"63": 2.6206490993499756, "62": 2.59657883644104, "58": 2.4371533393859863, "46": 2.4135549068450928, "42": 2.3780035972595215, "opt": 42}, "17a.sql": {"63": 6.021562337875366, "62": 5.96791410446167, "55": 4.545275688171387, "54": 4.308990001678467, "38": 4.277210474014282, "opt": 38}, "6b.sql": {"63": 3.7502973079681396, "62": 3.434908866882324, "55": 3.0711493492126465, "54": 2.8549954891204834, "opt": 54}, "17b.sql": {"63": 4.542862892150879, "62": 4.499802350997925, "46": 4.429481744766235, "34": 4.320026874542236, "opt": 34}, "6c.sql": {"63": 2.5952396392822266, "62": 2.3916423320770264, "58": 2.3929197788238525, "opt": 62}, "17c.sql": {"63": 4.3898961544036865, "62": 4.235704183578491, "55": 4.019503593444824, "54": 3.6950438022613525, "50": 3.641195297241211, "38": 3.4333715438842773, "34": 3.35978102684021, "opt": 34}, "6d.sql": {"63": 4.6216957569122314, "62": 4.457056283950806, "55": 3.1526730060577393, "54": 2.857240915298462, "opt": 54}, "17d.sql": {"63": 4.436016321182251, "62": 4.289029836654663, "55": 4.244336843490601, "54": 3.867382287979126, "38": 3.863889694213867, "35": 3.846848487854004, "opt": 35}, "6e.sql": {"63": 2.5905704498291016, "62": 2.4582319259643555, "58": 2.4149563312530518, "opt": 58}, "17e.sql": {"63": 6.109075546264648, "62": 5.81547737121582, "50": 5.823452711105347, "46": 5.759943723678589, "38": 5.881846904754639, "34": 5.920646905899048, "opt": 46}, "6f.sql": {"63": 4.767030954360962, "62": 4.6084794998168945, "opt": 62}, "17f.sql": {"63": 6.139242887496948, "55": 4.6753294467926025, "54": 4.559590578079224, "34": 4.4866039752960205, "opt": 34}, "7a.sql": {"63": 2.9783265590667725, "62": 2.8795697689056396, "58": 2.7990105152130127, "47": 2.6251943111419678, "46": 2.471859931945801, "opt": 46}, "18a.sql": {"63": 3.710601806640625, "62": 3.4623465538024902, "opt": 62}, "7b.sql": {"63": 2.5911083221435547, "62": 2.43479323387146, "58": 2.414287567138672, "opt": 58}, "18b.sql": {"63": 3.9761226177215576, "62": 3.766984462738037, "opt": 62}, "7c.sql": {"63": 4.67323112487793, "62": 4.433106899261475, "55": 4.051242351531982, "54": 3.9392011165618896, "51": 3.8887288570404053, "50": 3.7446889877319336, "47": 3.2204625606536865, "46": 3.0474555492401123, "opt": 46}, "18c.sql": {"63": 4.8606061935424805, "62": 4.6166465282440186, "opt": 62}, "8a.sql": {"63": 1.7819161415100098, "62": 1.629540205001831,