{"1.sql": {"speedup": 1.1014282698071949, "speedupAbs": 0.2201366424560547, "opt": 54}, "10.sql": {"speedup": 1.2232755051021373, "speedupAbs": 0.15491104125976562, "opt": 34}, "11.sql": {"speedup": 1.7175807483907872, "speedupAbs": 0.09810280799865723, "opt": 26}, "12.sql": {"speedup": 1.1327160644730194, "speedupAbs": 0.07766079902648926, "opt": 51}, "13.sql": {"speedup": 1.0069341147164164, "speedupAbs": 0.0038399696350097656, "opt": 50}, "14.sql": {"speedup": 1.1587533423155054, "speedupAbs": 0.06551170349121094, "opt": 59}, "15.sql": {"speedup": 1.1642884530739606, "speedupAbs": 0.1436302661895752, "opt": 15}, "16.sql": {"speedup": 1.0, "speedupAbs": 0.0, "opt": 63}, "17.sql": {"speedup": 1.3585237713191336, "speedupAbs": 0.006605625152587891, "opt": 61}, "18.sql": {"speedup": 1.1108227738138687, "speedupAbs": 0.49851250648498535, "opt": 41}, "19.sql": {"speedup": 2.0995732262076907, "speedupAbs": 0.0596466064453125, "opt": 62}, "2.sql": {"speedup": 1.4224377151054968, "speedupAbs": 24.220332860946655, "opt": 55}, "20.sql": {"speedup": 1.0215036440923426, "speedupAbs": 0.10409712791442871, "opt": 13}, "21.sql": {"speedup": 110.54503131618648, "speedupAbs": 297.2861738204956, "opt": 55}, "22.sql": {"speedup": 1.063662045044571, "speedupAbs": 0.019621849060058594, "opt": 62}, "3.sql": {"speedup": 1.2538337556075336, "speedupAbs": 0.16044235229492188, "opt": 54}, "4.sql": {"speedup": 1.2606105440223212, "speedupAbs": 0.22879481315612793, "opt": 62}, "5.sql": {"speedup": 1.2557001682401627, "speedupAbs": 0.12987017631530762, "opt": 43}, "6.sql": {"speedup": 1.220887214589104, "speedupAbs": 0.0918879508972168, "opt": 18}, "7.sql": {"speedup": 1.3498034850483729, "speedupAbs": 0.19420242309570312, "opt": 39}, "8.sql": {"speedup": 1.12967565727518, "speedupAbs": 0.04277777671813965, "opt": 62}, "9.sql": {"speedup": 1.2685280510499575, "speedupAbs": 0.3461935520172119, "opt": 35}, "avrgTOT": {"speedup": 6.221162266612785, "speedupAbs": 324.152952671051, "speedupAvg": 14.734225121411411, "pg_def": 404.2625856399536, "runtime": 7610.730409383774, "factor": 0.042591569433517364}, "54": {"total_speedup": 2.3552620254147287, "count": 2, "average_speedup": 1.1776310127073644}, "34": {"total_speedup": 1.2232755051021373, "count": 1, "average_speedup": 1.2232755051021373}, "26": {"total_speedup": 1.7175807483907872, "count": 1, "average_speedup": 1.7175807483907872}, "51": {"total_speedup": 1.1327160644730194, "count": 1, "average_speedup": 1.1327160644730194}, "50": {"total_speedup": 1.0069341147164164, "count": 1, "average_speedup": 1.0069341147164164}, "59": {"total_speedup": 1.1587533423155054, "count": 1, "average_speedup": 1.1587533423155054}, "15": {"total_speedup": 1.1642884530739606, "count": 1, "average_speedup": 1.1642884530739606}, "63": {"total_speedup": 1.0, "count": 1, "average_speedup": 1.0}, "61": {"total_speedup": 1.3585237713191336, "count": 1, "average_speedup": 1.3585237713191336}, "41": {"total_speedup": 1.1108227738138687, "count": 1, "average_speedup": 1.1108227738138687}, "62": {"total_speedup": 5.553521472549763, "count": 4, "average_speedup": 1.3883803681374407}, "55": {"total_speedup": 111.96746903129198, "count": 2, "average_speedup": 55.98373451564599}, "13": {"total_speedup": 1.0215036440923426, "count": 1, "average_speedup": 1.0215036440923426}, "43": {"total_speedup": 1.2557001682401627, "count": 1, "average_speedup": 1.2557001682401627}, "18": {"total_speedup": 1.220887214589104, "count": 1, "average_speedup": 1.220887214589104}, "39": {"total_speedup": 1.3498034850483729, "count": 1, "average_speedup": 1.3498034850483729}, "35": {"total_speedup": 1.2685280510499575, "count": 1, "average_speedup": 1.2685280510499575}}