{"1.sql": {"63": 2.3905043601989746, "62": 2.1968753337860107, "58": 2.194051742553711, "54": 2.17036771774292, "opt": 54}, "10.sql": {"63": 0.8487222194671631, "62": 0.7220008373260498, "58": 0.706836462020874, "42": 0.7126030921936035, "35": 0.7023918628692627, "34": 0.6938111782073975, "opt": 34}, "11.sql": {"63": 0.2348160743713379, "62": 0.1902604103088379, "59": 0.14313292503356934, "26": 0.13671326637268066, "opt": 26}, "12.sql": {"63": 0.6628258228302002, "62": 0.6380228996276855, "59": 0.6310274600982666, "55": 0.5887014865875244, "54": 0.592073917388916, "51": 0.5851650238037109, "46": 0.5883579254150391, "35": 0.5877096652984619, "opt": 51}, "13.sql": {"63": 0.5576193332672119, "50": 0.5537793636322021, "opt": 50}, "14.sql": {"63": 0.47817516326904297, "62": 0.4343526363372803, "59": 0.41266345977783203, "opt": 59}, "15.sql": {"63": 1.0178868770599365, "62": 0.892756462097168, "50": 0.8931341171264648, "46": 0.8973217010498047, "42": 0.9081249237060547, "39": 0.8875279426574707, "34": 0.888007402420044, "26": 0.8897836208343506, "22": 0.9099352359771729, "15": 0.8742566108703613, "14": 0.8830747604370117, "opt": 15}, "16.sql": {"63": 0.3061099052429199, "opt": 63}, "17.sql": {"63": 0.025030136108398438, "61": 0.018424510955810547, "opt": 61}, "18.sql": {"63": 4.996798276901245, "62": 5.010631561279297, "61": 4.999962568283081, "60": 4.516077280044556, "48": 4.519983291625977, "45": 4.519938230514526, "41": 4.49828577041626, "opt": 41}, "19.sql": {"63": 0.1138918399810791, "62": 0.0542452335357666, "opt": 62}, "2.sql": {"63": 81.55501675605774, "62": 81.49395179748535, "61": 79.73350358009338, "60": 79.49282002449036, "55": 57.334683895111084, "opt": 55}, "20.sql": {"63": 4.945003509521484, "62": 4.937606334686279, "61": 4.929141044616699, "60": 4.9092676639556885, "31": 4.845764636993408, "13": 4.840906381607056, "opt": 13}, "21.sql": {"55": 2.7138261795043945, "opt": 55}, "22.sql": {"63": 0.32784080505371094, "62": 0.30821895599365234, "opt": 62}, "3.sql": {"63": 0.7925188541412354, "62": 0.658240795135498, "58": 0.6375732421875, "54": 0.6320765018463135, "opt": 54}, "4.sql": {"63": 1.1067132949829102, "62": 0.8779184818267822, "opt": 62}, "5.sql": {"63": 0.637770414352417, "62": 0.5848166942596436, "59": 0.5507090091705322, "55": 0.5295431613922119, "54": 0.5265965461730957, "51": 0.510047197341919, "43": 0.5079002380371094, "42": 0.51129150390625, "38": 0.5079998970031738, "opt": 43}, "6.sql": {"63": 0.507882833480835, "62": 0.4442894458770752, "58": 0.438260555267334, "50": 0.4395890235900879, "19": 0.4222447872161865, "18": 0.41599488258361816, "opt": 18}, "7.sql": {"63": 0.7493782043457031, "62": 0.661262035369873, "59": 0.6055669784545898, "58": 0.5802390575408936, "55": 0.5732541084289551, "54": 0.5686137676239014, "51": 0.5640048980712891, "39": 0.55517578125, "38": 0.5589449405670166, "opt": 39}, "8.sql": {"63": 0.37266063690185547, "62": 0.3298828601837158, "opt": 62}, "9.sql": {"63": 1.635420322418213, "62": 1.5633227825164795, "55": 1.327960729598999, "39": 1.3012006282806396, "38": 1.3142595291137695, "35": 1.289226770401001, "34": 1.3065788745880127, "opt": 35}, "runtime": 7610.730409383774}