{"26b.sql": {"speedup": 1.2217537194576003, "speedupAbs": 0.6703875064849854, "opt": 47}, "10a.sql": {"speedup": 1.1151574810631255, "speedupAbs": 0.2528362274169922, "opt": 30}, "26c.sql": {"speedup": 1.4808305674637428, "speedupAbs": 2.38065242767334, "opt": 55}, "10b.sql": {"speedup": 1.0022822162876055, "speedupAbs": 0.004811286926269531, "opt": 62}, "27a.sql": {"speedup": 2.812958954800389, "speedupAbs": 1.2986817359924316, "opt": 61}, "10c.sql": {"speedup": 1.588815915278706, "speedupAbs": 1.3544857501983643, "opt": 15}, "27b.sql": {"speedup": 1.1197573181755365, "speedupAbs": 0.07561826705932617, "opt": 57}, "11a.sql": {"speedup": 1.1283815729420084, "speedupAbs": 0.03735470771789551, "opt": 46}, "28a.sql": {"speedup": 44.467359230291606, "speedupAbs": 273.9264497756958, "opt": 55}, "11b.sql": {"speedup": 6.69822892319235, "speedupAbs": 15.340671062469482, "opt": 61}, "27c.sql": {"speedup": 1.5809850969755481, "speedupAbs": 0.6965837478637695, "opt": 49}, "11c.sql": {"speedup": 1.1401599310250081, "speedupAbs": 0.04232382774353027, "opt": 42}, "28b.sql": {"speedup": 1.164971700428428, "speedupAbs": 0.35740137100219727, "opt": 58}, "11d.sql": {"speedup": 1.3211832897385685, "speedupAbs": 0.08946657180786133, "opt": 58}, "28c.sql": {"speedup": 35.43676829523213, "speedupAbs": 127.06304788589478, "opt": 59}, "12a.sql": {"speedup": 1.0415769562088883, "speedupAbs": 0.05645465850830078, "opt": 58}, "31a.sql": {"speedup": 1.0477619899803063, "speedupAbs": 0.21511149406433105, "opt": 62}, "12b.sql": {"speedup": 1.1508971731849043, "speedupAbs": 0.16324329376220703, "opt": 62}, "31b.sql": {"speedup": 1.0748268466967807, "speedupAbs": 0.3199954032897949, "opt": 42}, "12c.sql": {"speedup": 1.1072707221154463, "speedupAbs": 0.20463299751281738, "opt": 46}, "31c.sql": {"speedup": 1.0405603342169911, "speedupAbs": 0.22317147254943848, "opt": 62}, "13a.sql": {"speedup": 3.1725662265989527, "speedupAbs": 5.623928070068359, "opt": 55}, "32a.sql": {"speedup": 1.1616908628695086, "speedupAbs": 0.00366973876953125, "opt": 46}, "13b.sql": {"speedup": 1.5835045583838092, "speedupAbs": 1.3676884174346924, "opt": 55}, "32b.sql": {"speedup": 1.0029897571035098, "speedupAbs": 0.0007538795471191406, "opt": 62}, "13c.sql": {"speedup": 1.766026924865961, "speedupAbs": 1.6286582946777344, "opt": 55}, "33a.sql": {"speedup": 1.075636580075844, "speedupAbs": 0.015996932983398438, "opt": 42}, "13d.sql": {"speedup": 2.128172386512328, "speedupAbs": 4.125048398971558, "opt": 55}, "33b.sql": {"speedup": 1.489252530709316, "speedupAbs": 0.11055302619934082, "opt": 58}, "14a.sql": {"speedup": 1.3238511604752576, "speedupAbs": 1.0131173133850098, "opt": 50}, "33c.sql": {"speedup": 1.4045724612711903, "speedupAbs": 0.1475238800048828, "opt": 47}, "14b.sql": {"speedup": 1.1123993747605372, "speedupAbs": 0.3290832042694092, "opt": 46}, "3a.sql": {"speedup": 1.1204529795328577, "speedupAbs": 0.28813862800598145, "opt": 62}, "14c.sql": {"speedup": 1.4824558452968604, "speedupAbs": 1.50809907913208, "opt": 58}, "3b.sql": {"speedup": 1.0, "speedupAbs": 0.0, "opt": 63}, "15a.sql": {"speedup": 1.1539241747321085, "speedupAbs": 0.23283123970031738, "opt": 58}, "3c.sql": {"speedup": 1.2083047391715152, "speedupAbs": 0.34954071044921875, "opt": 46}, "15b.sql": {"speedup": 1.1183112120577159, "speedupAbs": 0.16867685317993164, "opt": 46}, "4a.sql": {"speedup": 1.0444195449242364, "speedupAbs": 0.030028104782104492, "opt": 62}, "15c.sql": {"speedup": 1.2954600284447686, "speedupAbs": 0.4487893581390381, "opt": 42}, "4b.sql": {"speedup": 1.378436366843778, "speedupAbs": 0.16673731803894043, "opt": 58}, "15d.sql": {"speedup": 1.1076569254898956, "speedupAbs": 0.2090139389038086, "opt": 62}, "4c.sql": {"speedup": 1.1188855462716316, "speedupAbs": 0.08094382286071777, "opt": 59}, "16a.sql": {"speedup": 1.1049034698242246, "speedupAbs": 0.2703523635864258, "opt": 62}, "5a.sql": {"speedup": 1.139988285898749, "speedupAbs": 0.07687139511108398, "opt": 34}, "16b.sql": {"speedup": 1.1510016139926722, "speedupAbs": 1.0713756084442139, "opt": 38}, "5b.sql": {"speedup": 1.1990081714193062, "speedupAbs": 0.06203651428222656, "opt": 42}, "16c.sql": {"speedup": 1.0914220193564763, "speedupAbs": 0.323411226272583, "opt": 46}, "5c.sql": {"speedup": 1.125260998478574, "speedupAbs": 0.19450688362121582, "opt": 46}, "16d.sql": {"speedup": 1.0250815043649004, "speedupAbs": 0.08764481544494629, "opt": 62}, "6a.sql": {"speedup": 1.0883095855276648, "speedupAbs": 0.21164608001708984, "opt": 42}, "17a.sql": {"speedup": 1.3949012998295314, "speedupAbs": 1.68245267868042, "opt": 50}, "6b.sql": {"speedup": 1.3149917879822974, "speedupAbs": 0.9028520584106445, "opt": 54}, "17b.sql": {"speedup": 1.1166652074260415, "speedupAbs": 0.47621703147888184, "opt": 54}, "6c.sql": {"speedup": 1.0810548991305766, "speedupAbs": 0.19440054893493652, "opt": 62}, "17c.sql": {"speedup": 1.3045427596748866, "speedupAbs": 1.034989356994629, "opt": 50}, "6d.sql": {"speedup": 1.5009218092127736, "speedupAbs": 1.5628752708435059, "opt": 55}, "17d.sql": {"speedup": 1.1933064311095227, "speedupAbs": 0.6926538944244385, "opt": 54}, "6e.sql": {"speedup": 1.0892120617718786, "speedupAbs": 0.2146143913269043, "opt": 62}, "17e.sql": {"speedup": 1.0504586526558832, "speedupAbs": 0.2937204837799072, "opt": 46}, "6f.sql": {"speedup": 1.0434090428146947, "speedupAbs": 0.19959044456481934, "opt": 62}, "17f.sql": {"speedup": 1.3614403729990545, "speedupAbs": 1.6185431480407715, "opt": 38}, "7a.sql": {"speedup": 1.1799136864222102, "speedupAbs": 0.44603538513183594, "opt": 46}, "18a.sql": {"speedup": 1.0190032900476733, "speedupAbs": 0.06872987747192383, "opt": 42}, "7b.sql": {"speedup": 1.0722383757160205, "speedupAbs": 0.1734304428100586, "opt": 62}, "18b.sql": {"speedup": 1.0649305858521447, "speedupAbs": 0.2400496006011963, "opt": 62}, "7c.sql": {"speedup": 1.4494185552756145, "speedupAbs": 1.4383201599121094, "opt": 47}, "18c.sql": {"speedup": 1.0479691554653316, "speedupAbs": 0.22005438804626465, "opt": 46}, "8a.sql": {"speedup": 1.1335901146856668, "speedupAbs": 0.21296310424804688, "opt": 14}, "19a.sql": {"speedup": 1.1579273920966144, "speedupAbs": 0.5916917324066162, "opt": 46}, "8b.sql": {"speedup": 1.1365899831814017, "speedupAbs": 0.2212204933166504, "opt": 14}, "19b.sql": {"speedup": 1.0558685450126442, "speedupAbs": 0.167083740234375, "opt": 46}, "8c.sql": {"speedup": 1.0, "speedupAbs": 0.0, "opt": 63}, "19c.sql": {"speedup": 1.078299615067886, "speedupAbs": 0.2934994697570801, "opt": 62}, "8d.sql": {"speedup": 1.041304835126891, "speedupAbs": 0.14682245254516602, "opt": 46}, "19d.sql": {"speedup": 1.0125399759444116, "speedupAbs": 0.1687624454498291, "opt": 55}, "9a.sql": {"speedup": 1.0884403512518206, "speedupAbs": 0.22494149208068848, "opt": 46}, "1a.sql": {"speedup": 1.3326768150446096, "speedupAbs": 0.03298211097717285, "opt": 62}, "9b.sql": {"speedup": 1.0976688988557195, "speedupAbs": 0.18715262413024902, "opt": 14}, "1b.sql": {"speedup": 1.5233257964952438, "speedupAbs": 0.04927802085876465, "opt": 62}, "9c.sql": {"speedup": 1.050309929229266, "speedupAbs": 0.1415092945098877, "opt": 14}, "1c.sql": {"speedup": 1.3038633432676674, "speedupAbs": 0.0301668643951416, "opt": 42}, "9d.sql": {"speedup": 1.115487308003029, "speedupAbs": 0.6309671401977539, "opt": 54}, "1d.sql": {"speedup": 1.3125017698591064, "speedupAbs": 0.028941869735717773, "opt": 62}, "20a.sql": {"speedup": 1.225859304290807, "speedupAbs": 0.7463254928588867, "opt": 34}, "20b.sql": {"speedup": 1.1181603362327648, "speedupAbs": 0.37497949600219727, "opt": 38}, "20c.sql": {"speedup": 1.0635800943224236, "speedupAbs": 0.20978283882141113, "opt": 46}, "21a.sql": {"speedup": 1.689856490190358, "speedupAbs": 1.1766064167022705, "opt": 55}, "21b.sql": {"speedup": 3.5848684436664966, "speedupAbs": 1.165395975112915, "opt": 47}, "21c.sql": {"speedup": 1.2002296109525414, "speedupAbs": 0.16379165649414062, "opt": 46}, "22a.sql": {"speedup": 1.185287382112267,