{"26b.sql": {"63": 3.693504810333252, "62": 3.502816677093506, "47": 3.0231173038482666, "opt": 47}, "10a.sql": {"63": 2.4484055042266846, "62": 2.271355390548706, "46": 2.2792561054229736, "30": 2.1955692768096924, "opt": 30}, "26c.sql": {"63": 7.331777811050415, "55": 4.951125383377075, "opt": 55}, "10b.sql": {"63": 2.112975597381592, "62": 2.1081643104553223, "opt": 62}, "27a.sql": {"63": 2.015014410018921, "62": 1.8161859512329102, "61": 0.7163326740264893, "opt": 61}, "10c.sql": {"63": 3.6548409461975098, "62": 3.5625267028808594, "15": 2.3003551959991455, "opt": 15}, "27b.sql": {"63": 0.7070474624633789, "62": 0.6553316116333008, "57": 0.6314291954040527, "opt": 57}, "11a.sql": {"63": 0.3283209800720215, "62": 0.3011782169342041, "58": 0.3026401996612549, "46": 0.290966272354126, "opt": 46}, "28a.sql": {"63": 280.22833824157715, "62": 270.94297075271606, "55": 6.301888465881348, "opt": 55}, "11b.sql": {"63": 18.032853364944458, "62": 14.345559358596802, "61": 2.6921823024749756, "opt": 61}, "27c.sql": {"63": 1.8955538272857666, "62": 1.71187424659729, "54": 1.6695456504821777, "49": 1.198970079421997, "opt": 49}, "11c.sql": {"63": 0.34429192543029785, "62": 0.3132333755493164, "58": 0.30408430099487305, "42": 0.3019680976867676, "opt": 42}, "28b.sql": {"63": 2.5238418579101562, "62": 2.2419846057891846, "58": 2.166440486907959, "opt": 58}, "11d.sql": {"63": 0.36801958084106445, "62": 0.3000602722167969, "58": 0.2785530090332031, "opt": 58}, "28c.sql": {"63": 130.7527973651886, "59": 3.6897494792938232, "opt": 59}, "12a.sql": {"63": 1.414289951324463, "62": 1.421788215637207, "58": 1.357835292816162, "opt": 58}, "31a.sql": {"63": 4.718933343887329, "62": 4.503821849822998, "opt": 62}, "12b.sql": {"63": 1.2450613975524902, "62": 1.0818181037902832, "opt": 62}, "31b.sql": {"63": 4.596473932266235, "62": 4.347785949707031, "46": 4.322315692901611, "42": 4.27647852897644, "opt": 42}, "12c.sql": {"63": 2.112264394760132, "62": 1.9754900932312012, "46": 1.9076313972473145, "opt": 46}, "31c.sql": {"63": 5.725381374359131, "62": 5.502209901809692, "opt": 62}, "13a.sql": {"63": 8.212538719177246, "62": 8.133251190185547, "55": 2.5886106491088867, "opt": 55}, "32a.sql": {"63": 0.02636575698852539, "62": 0.024744510650634766, "47": 0.02449631690979004, "46": 0.02269601821899414, "opt": 46}, "13b.sql": {"63": 3.711609125137329, "62": 3.7188074588775635, "55": 2.3439207077026367, "opt": 55}, "32b.sql": {"63": 0.25290799140930176, "62": 0.2521541118621826, "opt": 62}, "13c.sql": {"63": 3.7547693252563477, "62": 3.615966558456421, "55": 2.1261110305786133, "opt": 55}, "33a.sql": {"63": 0.2274942398071289, "62": 0.2259361743927002, "42": 0.21149730682373047, "opt": 42}, "13d.sql": {"63": 7.781447410583496, "55": 3.6563990116119385, "opt": 55}, "33b.sql": {"63": 0.3365161418914795, "62": 0.3038327693939209, "59": 0.2624964714050293, "58": 0.22596311569213867, "opt": 58}, "14a.sql": {"63": 4.141459703445435, "62": 4.139285564422607, "59": 3.4588072299957275, "58": 3.218467950820923, "50": 3.128342390060425, "opt": 50}, "33c.sql": {"63": 0.5121653079986572, "62": 0.461820125579834, "59": 0.42113304138183594, "58": 0.37336063385009766, "47": 0.3646414279937744, "opt": 47}, "14b.sql": {"63": 3.2568860054016113, "62": 2.9321324825286865, "46": 2.927802801132202, "42": 2.9308056831359863, "opt": 46}, "3a.sql": {"63": 2.6802639961242676, "62": 2.392125368118286, "opt": 62}, "14c.sql": {"63": 4.633979082107544, "62": 4.50882625579834, "59": 3.4111907482147217, "58": 3.125880002975464, "opt": 58}, "3b.sql": {"63": 1.2096121311187744, "opt": 63}, "15a.sql": {"63": 1.745467185974121, "62": 1.6825265884399414, "58": 1.5126359462738037, "opt": 58}, "3c.sql": {"63": 2.027566432952881, "62": 1.9868769645690918, "58": 1.7311198711395264, "46": 1.678025722503662, "42": 1.6804890632629395, "opt": 46}, "15b.sql": {"63": 1.59438157081604, "62": 1.4541723728179932, "58": 1.43937087059021, "46": 1.4257047176361084, "42": 1.4307093620300293, "opt": 46}, "4a.sql": {"63": 0.7060391902923584, "62": 0.6760110855102539, "opt": 62}, "15c.sql": {"63": 1.967740535736084, "62": 1.5722856521606445, "47": 1.5770812034606934, "46": 1.5572435855865479, "42": 1.518951177597046, "opt": 42}, "4b.sql": {"63": 0.607332706451416, "62": 0.49150538444519043, "59": 0.4488825798034668, "58": 0.4405953884124756, "opt": 58}, "15d.sql": {"63": 2.1504955291748047, "62": 1.941481590270996, "opt": 62}, "4c.sql": {"63": 0.7617988586425781, "62": 0.6953012943267822, "59": 0.6808550357818604, "opt": 59}, "16a.sql": {"63": 2.847506046295166, "62": 2.5771536827087402, "opt": 62}, "5a.sql": {"63": 0.6259987354278564, "62": 0.5530581474304199, "58": 0.5543360710144043, "34": 0.5491273403167725, "opt": 34}, "16b.sql": {"63": 8.166502475738525, "55": 7.16785192489624, "51": 7.2581377029418945, "39": 7.252418279647827, "38": 7.0951268672943115, "35": 7.22372031211853, "opt": 38}, "5b.sql": {"63": 0.3737649917602539, "62": 0.315504789352417, "42": 0.31172847747802734, "opt": 42}, "16c.sql": {"63": 3.8609750270843506, "62": 3.6211416721343994, "46": 3.5375638008117676, "opt": 46}, "5c.sql": {"63": 1.7473196983337402, "62": 1.575413703918457, "46": 1.5528128147125244, "opt": 46}, "16d.sql": {"63": 3.582045078277588, "62": 3.4944002628326416, "opt": 62}, "6a.sql": {"63": 2.608283758163452, "62": 2.4262046813964844, "58": 2.433624267578125, "42": 2.3966376781463623, "opt": 42}, "17a.sql": {"63": 5.9428911209106445, "62": 5.8749635219573975, "55": 4.494093418121338, "54": 4.3688178062438965, "50": 4.260438442230225, "opt": 50}, "6b.sql": {"63": 3.7691237926483154, "62": 3.4589569568634033, "55": 3.0402209758758545, "54": 2.866271734237671, "34": 2.869056463241577, "opt": 54}, "17b.sql": {"63": 4.558128356933594, "62": 4.46548056602478, "54": 4.081911325454712, "opt": 54}, "6c.sql": {"63": 2.5927817821502686, "62": 2.398381233215332, "42": 2.405212879180908, "opt": 62}, "17c.sql": {"63": 4.433491945266724, "62": 4.281954050064087, "55": 3.9430172443389893, "54": 3.5544917583465576, "50": 3.3985025882720947, "opt": 50}, "6d.sql": {"63": 4.682873725891113, "62": 4.518991231918335, "55": 3.1199984550476074, "opt": 55}, "17d.sql": {"63": 4.275845050811768, "62": 4.270556688308716, "55": 4.242246389389038, "54": 3.583191156387329, "opt": 54}, "6e.sql": {"63": 2.6202800273895264, "62": 2.405665636062622, "58": 2.4124200344085693, "opt": 62}, "17e.sql": {"63": 6.114733695983887, "62": 5.918894290924072, "46": 5.8210132122039795, "opt": 46}, "6f.sql": {"63": 4.79749059677124, "62": 4.597900152206421, "opt": 62}, "17f.sql": {"63": 6.096579551696777, "55": 5.867781162261963, "54": 4.854966402053833, "51": 4.701857566833496, "50": 4.522010087966919, "38": 4.478036403656006, "34": 4.501984357833862, "opt": 38}, "7a.sql": {"63": 2.925198554992676, "62": 2.725266695022583, "47": 2.6128156185150146, "46": 2.47916316986084, "opt": 46}, "18a.sql": {"63": 3.6854655742645264, "58": 3.638958692550659, "42": 3.6167356967926025, "opt": 42}, "7b.sql": {"63": 2.5742380619049072, "62": 2.4008076190948486, "58": 2.40177583694458, "opt": 62}, "18b.sql": {"63": 3.937068462371826, "62": 3.69701886177063, "opt": 62}, "7c.sql": {"63": 4.6387224197387695, "62": 4.461917161941528, "58": 4.557703733444214, "55": 3.9456162452697754, "54": 3.72172474861145, "50": 3.7126071453094482, "47": 3.20040225982666, "opt": 47}, "18c.sql": {"63": 4.80746865272522, "62": 4.636641979217529, "46": 4.587414264678955, "opt": 46}, "8a.sql": {"63": 1.8071162700653076, "62": 1.6482629776000977, "46": 1.6338450908660889, "30": 1.6141633987426758, "14": 1.5941531658172607, "opt": 14}, "19a.sql": {"63": 4.3382978439331055, "62": 3.820115327835083, "46": 3.7466061115264893, "opt": 46}, "8b.sql": {"63": 1.840815782546997, "62": 1.7464525699615479, "58": 1.6982753276824951, "46": 1.665543794631958, "30": 1.6351916790008545, "14": 1.6195952892303467, "opt": 14}, "19b.sql": {"63": 3.1577422618865967, "62": 3.009237289428711, "46": 2.9906585216522217, "opt": 46},