{"1.sql": {"speedup": 1.0871610789445594, "speedupAbs": 0.19019722938537598, "opt": 42}, "10.sql": {"speedup": 1.159202487359135, "speedupAbs": 0.10955381393432617, "opt": 46}, "11.sql": {"speedup": 1.6217037722286867, "speedupAbs": 0.09197139739990234, "opt": 46}, "12.sql": {"speedup": 1.1357832930054403, "speedupAbs": 0.0805962085723877, "opt": 42}, "13.sql": {"speedup": 1.0, "speedupAbs": 0.0, "opt": 63}, "14.sql": {"speedup": 1.0701167304374561, "speedupAbs": 0.03131747245788574, "opt": 58}, "15.sql": {"speedup": 1.1827365026911787, "speedupAbs": 0.16095209121704102, "opt": 54}, "16.sql": {"speedup": 1.0531300601637366, "speedupAbs": 0.01622462272644043, "opt": 47}, "17.sql": {"speedup": 1.5825573385718295, "speedupAbs": 0.010888338088989258, "opt": 61}, "18.sql": {"speedup": 1.0954561573684067, "speedupAbs": 0.4238250255584717, "opt": 41}, "19.sql": {"speedup": 1.6953637531057202, "speedupAbs": 0.04750943183898926, "opt": 59}, "2.sql": {"speedup": 1.436928578961837, "speedupAbs": 24.93332552909851, "opt": 55}, "20.sql": {"speedup": 1.0152673463949464, "speedupAbs": 0.07433676719665527, "opt": 47}, "21.sql": {"speedup": 108.89585768787803, "speedupAbs": 297.24507427215576, "opt": 55}, "22.sql": {"speedup": 1.030319180390328, "speedupAbs": 0.009657144546508789, "opt": 54}, "3.sql": {"speedup": 1.0685523564201342, "speedupAbs": 0.04565906524658203, "opt": 50}, "4.sql": {"speedup": 1.2350762054354503, "speedupAbs": 0.20295929908752441, "opt": 54}, "5.sql": {"speedup": 1.1530534790217704, "speedupAbs": 0.07739901542663574, "opt": 51}, "6.sql": {"speedup": 1.1726422625156803, "speedupAbs": 0.0721883773803711, "opt": 62}, "7.sql": {"speedup": 1.321347656258427, "speedupAbs": 0.17756986618041992, "opt": 39}, "8.sql": {"speedup": 1.4261046516884037, "speedupAbs": 0.12361025810241699, "opt": 47}, "9.sql": {"speedup": 1.198917768382191, "speedupAbs": 0.2520911693572998, "opt": 39}, "avrgTOT": {"speedup": 6.119876288510153, "speedupAbs": 324.3769063949585, "speedupAvg": 14.744404836134477, "pg_def": 404.2706124782562, "runtime": 4424.5296194553375, "factor": 0.07331330882465412}, "42": {"total_speedup": 2.2229443719499997, "count": 2, "average_speedup": 1.1114721859749999}, "46": {"total_speedup": 2.7809062595878213, "count": 2, "average_speedup": 1.3904531297939107}, "63": {"total_speedup": 1.0, "count": 1, "average_speedup": 1.0}, "58": {"total_speedup": 1.0701167304374561, "count": 1, "average_speedup": 1.0701167304374561}, "54": {"total_speedup": 3.448131888516957, "count": 3, "average_speedup": 1.149377296172319}, "47": {"total_speedup": 3.4945020582470865, "count": 3, "average_speedup": 1.1648340194156954}, "61": {"total_speedup": 1.5825573385718295, "count": 1, "average_speedup": 1.5825573385718295}, "41": {"total_speedup": 1.0954561573684067, "count": 1, "average_speedup": 1.0954561573684067}, "59": {"total_speedup": 1.6953637531057202, "count": 1, "average_speedup": 1.6953637531057202}, "55": {"total_speedup": 110.33278626683988, "count": 2, "average_speedup": 55.16639313341994}, "50": {"total_speedup": 1.0685523564201342, "count": 1, "average_speedup": 1.0685523564201342}, "51": {"total_speedup": 1.1530534790217704, "count": 1, "average_speedup": 1.1530534790217704}, "62": {"total_speedup": 1.1726422625156803, "count": 1, "average_speedup": 1.1726422625156803}, "39": {"total_speedup": 2.520265424640618, "count": 2, "average_speedup": 1.260132712320309}}