{"1.sql": {"63": 2.3723320960998535, "62": 2.200864315032959, "58": 2.19970965385437, "50": 2.18349552154541, "42": 2.1821348667144775, "opt": 42}, "10.sql": {"63": 0.7976951599121094, "62": 0.7295022010803223, "58": 0.7359001636505127, "50": 0.7225935459136963, "46": 0.6881413459777832, "34": 0.6887691020965576, "opt": 46}, "11.sql": {"63": 0.23990583419799805, "62": 0.1729567050933838, "46": 0.1479344367980957, "opt": 46}, "12.sql": {"63": 0.6741611957550049, "62": 0.6463303565979004, "59": 0.6417298316955566, "58": 0.6311295032501221, "54": 0.6341874599456787, "51": 0.602816104888916, "50": 0.5995233058929443, "42": 0.5935649871826172, "38": 0.5937483310699463, "opt": 42}, "13.sql": {"63": 0.5514254570007324, "opt": 63}, "14.sql": {"63": 0.4779651165008545, "62": 0.45150089263916016, "59": 0.4480116367340088, "58": 0.44664764404296875, "opt": 58}, "15.sql": {"63": 1.0417399406433105, "62": 0.9027647972106934, "58": 0.8835864067077637, "54": 0.8807878494262695, "43": 0.8849363327026367, "42": 0.8834359645843506, "opt": 54}, "16.sql": {"63": 0.32160019874572754, "54": 0.30825376510620117, "51": 0.3070359230041504, "47": 0.3053755760192871, "43": 0.30710554122924805, "35": 0.3058910369873047, "opt": 47}, "17.sql": {"63": 0.02957892417907715, "61": 0.01869058609008789, "opt": 61}, "18.sql": {"63": 4.863821744918823, "61": 4.779343605041504, "60": 4.514094114303589, "53": 4.542397975921631, "45": 4.501464605331421, "41": 4.439996719360352, "opt": 41}, "19.sql": {"63": 0.11583256721496582, "62": 0.08976531028747559, "59": 0.06832313537597656, "opt": 59}, "2.sql": {"63": 81.99831676483154, "61": 80.07522296905518, "60": 79.76710605621338, "55": 57.06499123573303, "opt": 55}, "20.sql": {"63": 4.943340539932251, "62": 4.883270740509033, "47": 4.869003772735596, "opt": 47}, "21.sql": {"55": 2.7549257278442383, "opt": 55}, "22.sql": {"63": 0.3281731605529785, "62": 0.33816099166870117, "55": 0.344144344329834, "54": 0.3185160160064697, "opt": 54}, "3.sql": {"63": 0.7117056846618652, "62": 0.6944026947021484, "54": 0.6898791790008545, "51": 0.6857569217681885, "50": 0.6660466194152832, "opt": 50}, "4.sql": {"63": 1.066335916519165, "62": 0.8826899528503418, "59": 0.8820526599884033, "58": 0.9022219181060791, "54": 0.8633766174316406, "46": 0.8663725852966309, "43": 0.90313720703125, "42": 0.8792099952697754, "39": 0.878455638885498, "38": 0.8994941711425781, "35": 0.884251594543457, "34": 0.8834438323974609, "opt": 54}, "5.sql": {"63": 0.5830981731414795, "62": 0.5319201946258545, "59": 0.512967586517334, "58": 0.5114338397979736, "51": 0.5056991577148438, "34": 0.511300802230835, "opt": 51}, "6.sql": {"63": 0.4903268814086914, "62": 0.4181385040283203, "opt": 62}, "7.sql": {"63": 0.7301485538482666, "62": 0.6475825309753418, "59": 0.5667440891265869, "58": 0.5692105293273926, "39": 0.5525786876678467, "opt": 39}, "8.sql": {"63": 0.41370391845703125, "62": 0.3637509346008301, "47": 0.29009366035461426, "opt": 47}, "9.sql": {"63": 1.519404649734497, "55": 1.4192790985107422, "54": 1.3335299491882324, "39": 1.2673134803771973, "opt": 39}, "runtime": 4424.5296194553375}