{"26b.sql": {"speedup": 1.0483829178926254, "speedupAbs": 0.16571307182312012, "opt": 62}, "10a.sql": {"speedup": 1.0284417570769475, "speedupAbs": 0.06458759307861328, "opt": 62}, "26c.sql": {"speedup": 1.430700802662577, "speedupAbs": 2.158013105392456, "opt": 55}, "10b.sql": {"speedup": 1.0274603628334555, "speedupAbs": 0.05815267562866211, "opt": 62}, "27a.sql": {"speedup": 2.5486514254211947, "speedupAbs": 1.1050879955291748, "opt": 61}, "10c.sql": {"speedup": 1.0232740244806147, "speedupAbs": 0.08294534683227539, "opt": 62}, "27b.sql": {"speedup": 1.0318435034722337, "speedupAbs": 0.022991180419921875, "opt": 62}, "11a.sql": {"speedup": 1.03881738066776, "speedupAbs": 0.009987115859985352, "opt": 62}, "28a.sql": {"speedup": 38.163944850858165, "speedupAbs": 268.92351722717285, "opt": 55}, "11b.sql": {"speedup": 6.277105598832209, "speedupAbs": 12.330450057983398, "opt": 61}, "27c.sql": {"speedup": 1.086899113436106, "speedupAbs": 0.15108942985534668, "opt": 62}, "11c.sql": {"speedup": 1.0, "speedupAbs": 0.0, "opt": 63}, "28b.sql": {"speedup": 1.0653415147142735, "speedupAbs": 0.14644742012023926, "opt": 62}, "11d.sql": {"speedup": 1.1092491180977466, "speedupAbs": 0.02903294563293457, "opt": 62}, "28c.sql": {"speedup": 35.399982420511115, "speedupAbs": 126.2466504573822, "opt": 59}, "12a.sql": {"speedup": 1.0368586158711006, "speedupAbs": 0.05173754692077637, "opt": 62}, "31a.sql": {"speedup": 1.0050667457815172, "speedupAbs": 0.022936105728149414, "opt": 62}, "12b.sql": {"speedup": 1.1363840057331762, "speedupAbs": 0.14664578437805176, "opt": 62}, "31b.sql": {"speedup": 1.0035048571325376, "speedupAbs": 0.014968633651733398, "opt": 46}, "12c.sql": {"speedup": 1.0871066475839044, "speedupAbs": 0.1696302890777588, "opt": 62}, "31c.sql": {"speedup": 1.0338389017312646, "speedupAbs": 0.1841135025024414, "opt": 62}, "13a.sql": {"speedup": 3.086062816685105, "speedupAbs": 5.425806760787964, "opt": 55}, "32a.sql": {"speedup": 1.0487974405364242, "speedupAbs": 0.0011382102966308594, "opt": 62}, "13b.sql": {"speedup": 1.4952375795422717, "speedupAbs": 1.1993155479431152, "opt": 55}, "32b.sql": {"speedup": 1.0, "speedupAbs": 0.0, "opt": 63}, "13c.sql": {"speedup": 1.0577718972324381, "speedupAbs": 0.20894193649291992, "opt": 62}, "33a.sql": {"speedup": 1.0758151297015357, "speedupAbs": 0.01714038848876953, "opt": 62}, "13d.sql": {"speedup": 2.1760309076247, "speedupAbs": 4.2335524559021, "opt": 55}, "33b.sql": {"speedup": 1.3515572217505407, "speedupAbs": 0.09763622283935547, "opt": 62}, "14a.sql": {"speedup": 1.1397898904709733, "speedupAbs": 0.4977381229400635, "opt": 59}, "33c.sql": {"speedup": 1.0672568581295898, "speedupAbs": 0.02478957176208496, "opt": 47}, "14b.sql": {"speedup": 1.0684786749045534, "speedupAbs": 0.20179343223571777, "opt": 62}, "3a.sql": {"speedup": 1.0443628540360592, "speedupAbs": 0.1104888916015625, "opt": 62}, "14c.sql": {"speedup": 1.2465801532016136, "speedupAbs": 0.8689901828765869, "opt": 59}, "3b.sql": {"speedup": 1.034346665673515, "speedupAbs": 0.03781867027282715, "opt": 62}, "15a.sql": {"speedup": 1.0531451464308292, "speedupAbs": 0.08203864097595215, "opt": 62}, "3c.sql": {"speedup": 1.034214276925381, "speedupAbs": 0.05708050727844238, "opt": 46}, "15b.sql": {"speedup": 1.0171801355617733, "speedupAbs": 0.024637699127197266, "opt": 46}, "4a.sql": {"speedup": 1.1020472234598861, "speedupAbs": 0.08392858505249023, "opt": 62}, "15c.sql": {"speedup": 1.12090498238313, "speedupAbs": 0.1844160556793213, "opt": 62}, "4b.sql": {"speedup": 1.0, "speedupAbs": 0.0, "opt": 63}, "15d.sql": {"speedup": 1.0669590036831111, "speedupAbs": 0.12954378128051758, "opt": 62}, "4c.sql": {"speedup": 1.0, "speedupAbs": 0.0, "opt": 63}, "16a.sql": {"speedup": 1.051754284531341, "speedupAbs": 0.13584017753601074, "opt": 62}, "5a.sql": {"speedup": 1.0, "speedupAbs": 0.0, "opt": 63}, "16b.sql": {"speedup": 1.108527021901374, "speedupAbs": 0.7794554233551025, "opt": 55}, "5b.sql": {"speedup": 1.2240962139369183, "speedupAbs": 0.060768842697143555, "opt": 62}, "16c.sql": {"speedup": 1.0, "speedupAbs": 0.0, "opt": 63}, "5c.sql": {"speedup": 1.0986894969325227, "speedupAbs": 0.15642666816711426, "opt": 62}, "16d.sql": {"speedup": 1.0, "speedupAbs": 0.0, "opt": 63}, "6a.sql": {"speedup": 1.054064421340262, "speedupAbs": 0.13417887687683105, "opt": 62}, "17a.sql": {"speedup": 1.2612645109999527, "speedupAbs": 1.192202091217041, "opt": 55}, "6b.sql": {"speedup": 1.124539978938939, "speedupAbs": 0.38480067253112793, "opt": 55}, "17b.sql": {"speedup": 1.0241162814737952, "speedupAbs": 0.10579204559326172, "opt": 46}, "6c.sql": {"speedup": 1.0439460901357482, "speedupAbs": 0.10439419746398926, "opt": 62}, "17c.sql": {"speedup": 1.1169986495483029, "speedupAbs": 0.44129037857055664, "opt": 55}, "6d.sql": {"speedup": 1.409092009277182, "speedupAbs": 1.293532133102417, "opt": 55}, "17d.sql": {"speedup": 1.0391920944499278, "speedupAbs": 0.16096162796020508, "opt": 55}, "6e.sql": {"speedup": 1.0065065552728267, "speedupAbs": 0.01558685302734375, "opt": 62}, "17e.sql": {"speedup": 1.0416772080313876, "speedupAbs": 0.24484848976135254, "opt": 62}, "6f.sql": {"speedup": 1.0083439715111944, "speedupAbs": 0.03785538673400879, "opt": 46}, "17f.sql": {"speedup": 1.3128214979578388, "speedupAbs": 1.4504814147949219, "opt": 55}, "7a.sql": {"speedup": 1.0528328280927737, "speedupAbs": 0.13811135292053223, "opt": 47}, "18a.sql": {"speedup": 1.000619256953927, "speedupAbs": 0.0021338462829589844, "opt": 62}, "7b.sql": {"speedup": 1.054060677216471, "speedupAbs": 0.13112235069274902, "opt": 62}, "18b.sql": {"speedup": 1.000938627951298, "speedupAbs": 0.0035033226013183594, "opt": 46}, "7c.sql": {"speedup": 1.0436073995337267, "speedupAbs": 0.18934297561645508, "opt": 62}, "18c.sql": {"speedup": 1.0367333692429381, "speedupAbs": 0.1713881492614746, "opt": 58}, "8a.sql": {"speedup": 1.0259777721676435, "speedupAbs": 0.041289567947387695, "opt": 30}, "19a.sql": {"speedup": 1.0952430531690642, "speedupAbs": 0.3561556339263916, "opt": 62}, "8b.sql": {"speedup": 1.0293099664755954, "speedupAbs": 0.04783010482788086, "opt": 14}, "19b.sql": {"speedup": 1.0, "speedupAbs": 0.0, "opt": 63}, "8c.sql": {"speedup": 1.0057800131894643, "speedupAbs": 0.03970527648925781, "opt": 47}, "19c.sql": {"speedup": 1.0910540357997294, "speedupAbs": 0.3402864933013916, "opt": 62}, "8d.sql": {"speedup": 1.0, "speedupAbs": 0.0, "opt": 63}, "19d.sql": {"speedup": 1.0067697848853996, "speedupAbs": 0.09129953384399414, "opt": 55}, "9a.sql": {"speedup": 1.060198410044767, "speedupAbs": 0.15474510192871094, "opt": 62}, "1a.sql": {"speedup": 1.023080689356999, "speedupAbs": 0.0019218921661376953, "opt": 62}, "9b.sql": {"speedup": 1.0139115144835964, "speedupAbs": 0.02647233009338379, "opt": 30}, "1b.sql": {"speedup": 1.4476970864936365, "speedupAbs": 0.0430912971496582, "opt": 62}, "9c.sql": {"speedup": 1.041176467628203, "speedupAbs": 0.11705636978149414, "opt": 62}, "1c.sql": {"speedup": 1.0, "speedupAbs": 0.0, "opt": 63}, "9d.sql": {"speedup": 1.02849319077961, "speedupAbs": 0.16692495346069336, "opt": 62}, "1d.sql": {"speedup": 1.006068088133749, "speedupAbs": 0.0004839897155761719, "opt": 62}, "20a.sql": {"speedup": 1.1107082116571743, "speedupAbs": 0.4140963554382324, "opt": 62}, "20b.sql": {"speedup": 1.0421243616208877, "speedupAbs": 0.13859057426452637, "opt": 58}, "20c.sql": {"speedup": 1.0027781474461113, "speedupAbs": 0.009207725524902344, "opt": 62}, "21a.sql": {"speedup": 1.107405812562276, "speedupAbs": 0.27652764320373535, "opt": 62}, "21b.sql": {"speedup": 1.04435871863591, "speedupAbs": 0.06388068199157715, "opt": 58}, "21c.sql": {"speedup": 1.0, "speedupAbs": 0.0, "opt": 63}, "22a.sql": {"speedup": 1.0859669496398545, "speedupAbs": 0.23891949653625488, "opt": 62}, "22b.sql": {"speedup": 1.0106005645197331, "speedupAbs": 0.025562047958374023, "opt": 42}, "22c.sql": {"speedup": 1.0443756391714252, "speedupAbs": 0.2662389278411865, "opt": 62}, "22d.sql": {"speedup": 1.2712102090011408,