{
    "26b.sql": {
        "63": 3.590745687484741,
        "62": 3.425032615661621,
        "opt": 62
    },
    "10a.sql": {
        "63": 2.3354597091674805,
        "62": 2.270872116088867,
        "opt": 62
    },
    "26c.sql": {
        "63": 7.168482303619385,
        "55": 5.010469198226929,
        "opt": 55
    },
    "10b.sql": {
        "63": 2.1758477687835693,
        "62": 2.1176950931549072,
        "opt": 62
    },
    "27a.sql": {
        "63": 1.8186688423156738,
        "61": 0.713580846786499,
        "opt": 61
    },
    "10c.sql": {
        "63": 3.6468045711517334,
        "62": 3.563859224319458,
        "opt": 62
    },
    "27b.sql": {
        "63": 0.7449965476989746,
        "62": 0.7220053672790527,
        "opt": 62
    },
    "11a.sql": {
        "63": 0.2672717571258545,
        "62": 0.25728464126586914,
        "opt": 62
    },
    "28a.sql": {
        "63": 276.1596574783325,
        "62": 272.9172394275665,
        "59": 272.89704871177673,
        "55": 7.236140251159668,
        "opt": 55
    },
    "11b.sql": {
        "63": 14.667043447494507,
        "61": 2.3365933895111084,
        "opt": 61
    },
    "27c.sql": {
        "63": 1.889765739440918,
        "62": 1.7386763095855713,
        "opt": 62
    },
    "11c.sql": {
        "63": 0.25853443145751953,
        "opt": 63
    },
    "28b.sql": {
        "63": 2.387708902359009,
        "62": 2.2412614822387695,
        "opt": 62
    },
    "11d.sql": {
        "63": 0.2947828769683838,
        "62": 0.2657499313354492,
        "opt": 62
    },
    "28c.sql": {
        "63": 129.91661310195923,
        "62": 129.8652002811432,
        "59": 3.6699626445770264,
        "opt": 59
    },
    "12a.sql": {
        "63": 1.4554133415222168,
        "62": 1.4036757946014404,
        "opt": 62
    },
    "31a.sql": {
        "63": 4.5497283935546875,
        "62": 4.526792287826538,
        "opt": 62
    },
    "12b.sql": {
        "63": 1.2218875885009766,
        "62": 1.0752418041229248,
        "opt": 62
    },
    "31b.sql": {
        "63": 4.285794258117676,
        "46": 4.270825624465942,
        "opt": 46
    },
    "12c.sql": {
        "63": 2.117016553878784,
        "62": 1.9473862648010254,
        "opt": 62
    },
    "31c.sql": {
        "63": 5.6249964237213135,
        "62": 5.440882921218872,
        "opt": 62
    },
    "13a.sql": {
        "63": 8.02678632736206,
        "62": 8.063357830047607,
        "55": 2.6009795665740967,
        "opt": 55
    },
    "32a.sql": {
        "63": 0.024463415145874023,
        "62": 0.023325204849243164,
        "opt": 62
    },
    "13b.sql": {
        "63": 3.6210129261016846,
        "62": 3.6242454051971436,
        "55": 2.4216973781585693,
        "opt": 55
    },
    "32b.sql": {
        "63": 0.25292181968688965,
        "opt": 63
    },
    "13c.sql": {
        "63": 3.825612783432007,
        "62": 3.616670846939087,
        "opt": 62
    },
    "33a.sql": {
        "63": 0.24322175979614258,
        "62": 0.22608137130737305,
        "opt": 62
    },
    "13d.sql": {
        "63": 7.8334174156188965,
        "62": 7.773252964019775,
        "55": 3.599864959716797,
        "opt": 55
    },
    "33b.sql": {
        "63": 0.37536120414733887,
        "62": 0.2777249813079834,
        "opt": 62
    },
    "14a.sql": {
        "63": 4.058354139328003,
        "59": 3.5606160163879395,
        "opt": 59
    },
    "33c.sql": {
        "63": 0.3933701515197754,
        "62": 0.38616085052490234,
        "47": 0.36858057975769043,
        "opt": 47
    },
    "14b.sql": {
        "63": 3.1486003398895264,
        "62": 2.9468069076538086,
        "opt": 62
    },
    "3a.sql": {
        "63": 2.6010611057281494,
        "62": 2.490572214126587,
        "opt": 62
    },
    "14c.sql": {
        "63": 4.39315938949585,
        "59": 3.5241692066192627,
        "opt": 59
    },
    "3b.sql": {
        "63": 1.1389057636260986,
        "62": 1.1010870933532715,
        "opt": 62
    },
    "15a.sql": {
        "63": 1.6257100105285645,
        "62": 1.5436713695526123,
        "opt": 62
    },
    "3c.sql": {
        "63": 1.7254047393798828,
        "46": 1.6683242321014404,
        "opt": 46
    },
    "15b.sql": {
        "63": 1.4587182998657227,
        "62": 1.4592783451080322,
        "46": 1.4340806007385254,
        "opt": 46
    },
    "4a.sql": {
        "63": 0.9063770771026611,
        "62": 0.8224484920501709,
        "opt": 62
    },
    "15c.sql": {
        "63": 1.7097134590148926,
        "62": 1.5252974033355713,
        "opt": 62
    },
    "4b.sql": {
        "63": 0.447052001953125,
        "62": 0.4498178958892822,
        "opt": 63
    },
    "15d.sql": {
        "63": 2.0642168521881104,
        "62": 1.9346730709075928,
        "opt": 62
    },
    "4c.sql": {
        "63": 0.6412112712860107,
        "42": 0.6453313827514648,
        "opt": 63
    },
    "16a.sql": {
        "63": 2.7605538368225098,
        "62": 2.624713659286499,
        "opt": 62
    },
    "5a.sql": {
        "63": 0.48931312561035156,
        "opt": 63
    },
    "16b.sql": {
        "63": 7.96158766746521,
        "55": 7.182132244110107,
        "opt": 55
    },
    "5b.sql": {
        "63": 0.3319418430328369,
        "62": 0.27117300033569336,
        "opt": 62
    },
    "16c.sql": {
        "63": 3.4304540157318115,
        "opt": 63
    },
    "5c.sql": {
        "63": 1.7414653301239014,
        "62": 1.585038661956787,
        "opt": 62
    },
    "16d.sql": {
        "63": 3.4932494163513184,
        "opt": 63
    },
    "6a.sql": {
        "63": 2.6160120964050293,
        "62": 2.4818332195281982,
        "opt": 62
    },
    "17a.sql": {
        "63": 5.755401611328125,
        "55": 4.563199520111084,
        "opt": 55
    },
    "6b.sql": {
        "63": 3.474576950073242,
        "55": 3.0897762775421143,
        "opt": 55
    },
    "17b.sql": {
        "63": 4.492539882659912,
        "54": 4.455068349838257,
        "46": 4.38674783706665,
        "opt": 46
    },
    "6c.sql": {
        "63": 2.4799001216888428,
        "62": 2.3755059242248535,
        "opt": 62
    },
    "17c.sql": {
        "63": 4.213046550750732,
        "55": 3.771756172180176,
        "opt": 55
    },
    "6d.sql": {
        "63": 4.455491065979004,
        "62": 4.462957859039307,
        "55": 3.161958932876587,
        "opt": 55
    },
    "17d.sql": {
        "63": 4.267953872680664,
        "55": 4.106992244720459,
        "opt": 55
    },
    "6e.sql": {
        "63": 2.4111483097076416,
        "62": 2.395561456680298,
        "opt": 62
    },
    "17e.sql": {
        "63": 6.119725942611694,
        "62": 5.874877452850342,
        "opt": 62
    },
    "6f.sql": {
        "63": 4.574710130691528,
        "62": 4.566540241241455,
        "46": 4.5368547439575195,
        "opt": 46
    },
    "17f.sql": {
        "63": 6.087251663208008,
        "55": 4.636770248413086,
        "opt": 55
    },
    "7a.sql": {
        "63": 2.7522313594818115,
        "62": 2.7487411499023438,
        "47": 2.6141200065612793,
        "opt": 47
    },
    "18a.sql": {
        "63": 3.447951078414917,
        "62": 3.445817232131958,
        "opt": 62
    },
    "7b.sql": {
        "63": 2.556588649749756,
        "62": 2.425466299057007,
        "opt": 62
    },
    "18b.sql": {
        "63": 3.7358901500701904,
        "46": 3.732386827468872,
        "opt": 46
    },
    "7c.sql": {
        "63": 4.53133487701416,
        "62": 4.341991901397705,
        "opt": 62
    },
    "18c.sql": {
        "63": 4.837122678756714,
        "62": 4.787885665893555,
        "58": 4.665734529495239,
        "opt": 58
    },
    "8a.sql": {
        "63": 1.6307086944580078,
        "62": 1.6156654357910156,
        "46": 1.6135616302490234,
        "30": 1.5894191265106201,
        "opt": 30
    },
    "19a.sql": {
        "63": 4.095595121383667,
        "62": 3.7394394874572754,
        "opt": 62
    },