{
    "1.sql": {
        "63": 2.278825521469116,
        "62": 2.2114784717559814,
        "opt": 62
    },
    "10.sql": {
        "63": 0.6741583347320557,
        "46": 0.669647216796875,
        "opt": 46
    },
    "11.sql": {
        "63": 0.258023738861084,
        "62": 0.18679237365722656,
        "opt": 62
    },
    "12.sql": {
        "63": 0.7591691017150879,
        "62": 0.667393684387207,
        "opt": 62
    },
    "13.sql": {
        "63": 0.5656085014343262,
        "62": 0.5417764186859131,
        "opt": 62
    },
    "14.sql": {
        "63": 0.4082176685333252,
        "62": 0.40570616722106934,
        "opt": 62
    },
    "15.sql": {
        "63": 1.0683867931365967,
        "62": 0.9187753200531006,
        "opt": 62
    },
    "16.sql": {
        "63": 0.3894309997558594,
        "62": 0.3373992443084717,
        "opt": 62
    },
    "17.sql": {
        "63": 0.02811145782470703,
        "61": 0.01958489418029785,
        "opt": 61
    },
    "18.sql": {
        "63": 4.880478382110596,
        "62": 4.889466762542725,
        "61": 4.808655500411987,
        "60": 4.521049499511719,
        "opt": 60
    },
    "19.sql": {
        "63": 0.08256101608276367,
        "62": 0.0499262809753418,
        "opt": 62
    },
    "2.sql": {
        "63": 81.31816339492798,
        "62": 81.23012208938599,
        "61": 79.64759564399719,
        "opt": 61
    },
    "20.sql": {
        "63": 4.947474002838135,
        "62": 4.8937389850616455,
        "31": 4.889313459396362,
        "28": 4.849795818328857,
        "opt": 28
    },
    "21.sql": {
        "55": 2.7119555473327637,
        "opt": 55
    },
    "22.sql": {
        "63": 0.3232686519622803,
        "46": 0.3168056011199951,
        "opt": 46
    },
    "3.sql": {
        "63": 0.7153365612030029,
        "62": 0.688551664352417,
        "opt": 62
    },
    "4.sql": {
        "63": 0.9575033187866211,
        "62": 0.9137518405914307,
        "opt": 62
    },
    "5.sql": {
        "63": 0.5400152206420898,
        "62": 0.5159173011779785,
        "opt": 62
    },
    "6.sql": {
        "63": 0.39360570907592773,
        "opt": 63
    },
    "7.sql": {
        "63": 0.6114118099212646,
        "62": 0.6008827686309814,
        "59": 0.592923641204834,
        "opt": 59
    },
    "8.sql": {
        "63": 0.31846022605895996,
        "62": 0.3151698112487793,
        "46": 0.3096597194671631,
        "opt": 46
    },
    "9.sql": {
        "63": 1.5056309700012207,
        "62": 1.5109827518463135,
        "55": 1.2944207191467285,
        "opt": 55
    },
    "runtime": 2992.199316740036
}