{"1.sql": {"speedup": 1.0304534050741445, "speedupAbs": 0.06734704971313477, "opt": 62}, "10.sql": {"speedup": 1.0067365589253976, "speedupAbs": 0.004511117935180664, "opt": 46}, "11.sql": {"speedup": 1.3813397935323128, "speedupAbs": 0.07123136520385742, "opt": 62}, "12.sql": {"speedup": 1.137513164231016, "speedupAbs": 0.09177541732788086, "opt": 62}, "13.sql": {"speedup": 1.0439887782606303, "speedupAbs": 0.023832082748413086, "opt": 62}, "14.sql": {"speedup": 1.0061904440089207, "speedupAbs": 0.0025115013122558594, "opt": 62}, "15.sql": {"speedup": 1.1628379319928286, "speedupAbs": 0.1496114730834961, "opt": 62}, "16.sql": {"speedup": 1.1542142026845117, "speedupAbs": 0.052031755447387695, "opt": 62}, "17.sql": {"speedup": 1.4353642948444822, "speedupAbs": 0.00852656364440918, "opt": 61}, "18.sql": {"speedup": 1.0795012048945043, "speedupAbs": 0.35942888259887695, "opt": 60}, "19.sql": {"speedup": 1.6536584434065882, "speedupAbs": 0.032634735107421875, "opt": 62}, "2.sql": {"speedup": 1.0209744906600542, "speedupAbs": 1.6705677509307861, "opt": 61}, "20.sql": {"speedup": 1.0201406797663772, "speedupAbs": 0.09767818450927734, "opt": 28}, "21.sql": {"speedup": 110.62128223121249, "speedupAbs": 297.28804445266724, "opt": 55}, "22.sql": {"speedup": 1.0204006836351267, "speedupAbs": 0.006463050842285156, "opt": 46}, "3.sql": {"speedup": 1.0389003443565519, "speedupAbs": 0.026784896850585938, "opt": 62}, "4.sql": {"speedup": 1.0478811382386624, "speedupAbs": 0.04375147819519043, "opt": 62}, "5.sql": {"speedup": 1.046708880297461, "speedupAbs": 0.024097919464111328, "opt": 62}, "6.sql": {"speedup": 1.0, "speedupAbs": 0.0, "opt": 63}, "7.sql": {"speedup": 1.0311813654096542, "speedupAbs": 0.018488168716430664, "opt": 59}, "8.sql": {"speedup": 1.0284199269021495, "speedupAbs": 0.008800506591796875, "opt": 46}, "9.sql": {"speedup": 1.1631697080634804, "speedupAbs": 0.2112102508544922, "opt": 55}, "avrgTOT": {"speedup": 6.096857166836244, "speedupAbs": 300.2593286037445, "speedupAvg": 13.648151300170206, "pg_def": 403.023841381073, "runtime": 2992.199316740036, "factor": 0.10034736888145317}, "62": {"total_speedup": 12.703686526083626, "count": 11, "average_speedup": 1.1548805932803297}, "46": {"total_speedup": 3.0555571694626735, "count": 3, "average_speedup": 1.018519056487558}, "61": {"total_speedup": 2.4563387855045367, "count": 2, "average_speedup": 1.2281693927522683}, "60": {"total_speedup": 1.0795012048945043, "count": 1, "average_speedup": 1.0795012048945043}, "28": {"total_speedup": 1.0201406797663772, "count": 1, "average_speedup": 1.0201406797663772}, "55": {"total_speedup": 111.78445193927597, "count": 2, "average_speedup": 55.892225969637984}, "63": {"total_speedup": 1.0, "count": 1, "average_speedup": 1.0}, "59": {"total_speedup": 1.0311813654096542, "count": 1, "average_speedup": 1.0311813654096542}}