{"10c.sql": {"63": 47.70174717903137, "60": 44.32117819786072, "57": 35.438448429107666, "opt": 57}, "22d.sql": {"63": 161.6890881061554, "62": 72.86168146133423, "opt": 62}, "11a.sql": {"63": 0.7380671501159668, "62": 0.4562220573425293, "58": 0.46374011039733887, "47": 0.45840978622436523, "46": 0.45806050300598145, "43": 0.4589426517486572, "42": 0.4543137550354004, "opt": 42}, "14b.sql": {"63": 23.88177490234375, "62": 20.846473693847656, "59": 6.532047271728516, "opt": 59}, "15c.sql": {"63": 17.837371587753296, "62": 2.950136423110962, "opt": 62}, "11c.sql": {"63": 0.540874719619751, "62": 0.4731757640838623, "59": 0.4739508628845215, "58": 0.47042322158813477, "47": 0.4716980457305908, "46": 0.471799373626709, "43": 0.4671602249145508, "42": 0.4703795909881592, "opt": 43}, "31b.sql": {"63": 76.48468041419983, "62": 64.8174057006836, "opt": 62}, "7c.sql": {"63": 145.69749903678894, "62": 144.35024404525757, "61": 131.02880334854126, "opt": 61}, "24b.sql": {"63": 71.62778162956238, "62": 64.93629884719849, "opt": 62}, "17b.sql": {"63": 209.3375952243805, "62": 121.17596745491028, "opt": 62}, "22a.sql": {"63": 116.18253469467163, "61": 22.5935378074646, "opt": 61}, "13d.sql": {"63": 106.57888054847717, "62": 64.75737166404724, "opt": 62}, "8c.sql": {"63": 72.23692417144775, "opt": 63}, "16b.sql": {"63": 87.08470726013184, "55": 77.82979583740234, "opt": 55}, "17e.sql": {"63": 119.10668969154358, "61": 71.86649799346924, "opt": 61}, "16d.sql": {"63": 122.40210366249084, "61": 111.84154391288757, "opt": 61}, "9c.sql": {"63": 93.27190899848938, "62": 89.94320607185364, "55": 59.47673845291138, "opt": 55}, "8d.sql": {"63": 55.62564134597778, "59": 51.433804512023926, "opt": 59}, "2a.sql": {"63": 33.70430564880371, "62": 3.498934745788574, "opt": 62}, "23b.sql": {"63": 36.51652431488037, "62": 22.424842357635498, "opt": 62}, "2b.sql": {"63": 7.546186447143555, "62": 1.0990407466888428, "opt": 62}, "19c.sql": {"63": 87.13240671157837, "62": 73.56875848770142, "opt": 62}, "32a.sql": {"63": 0.2840871810913086, "62": 0.043837785720825195, "59": 0.051007747650146484, "58": 0.04133009910583496, "47": 0.04295468330383301, "46": 0.04290175437927246, "43": 0.04327654838562012, "42": 0.045113325119018555, "opt": 58}, "2d.sql": {"63": 74.4522340297699, "62": 1.2898693084716797, "opt": 62}, "15b.sql": {"63": 9.608235597610474, "60": 8.246894359588623, "57": 5.885818243026733, "56": 5.365540027618408, "opt": 56}, "23c.sql": {"63": 19.51736068725586, "62": 15.606016635894775, "61": 5.737175464630127, "opt": 61}, "9d.sql": {"62": 126.11798071861267, "opt": 62}, "11b.sql": {"63": 41.02744269371033, "62": 29.71811318397522, "opt": 62}, "1a.sql": {"63": 1.5601317882537842, "62": 0.16709017753601074, "59": 0.17121171951293945, "58": 0.16173076629638672, "47": 0.15899324417114258, "46": 0.15059590339660645, "opt": 46}, "12c.sql": {"63": 34.731894969940186, "61": 17.28165078163147, "opt": 61}, "33c.sql": {"63": 3.1903066635131836, "62": 0.5728621482849121, "58": 0.5577120780944824, "47": 0.48316287994384766, "46": 0.4701881408691406, "43": 0.4577357769012451, "42": 0.456939697265625, "opt": 42}, "5c.sql": {"63": 6.595440149307251, "62": 3.326890468597412, "59": 3.009687662124634, "58": 2.906053304672241, "46": 2.8620214462280273, "opt": 46}, "10a.sql": {"63": 87.7841420173645, "62": 85.27102971076965, "59": 76.45620703697205, "opt": 59}, "25a.sql": {"63": 105.85376262664795, "62": 98.35819339752197, "opt": 62}, "30c.sql": {"63": 71.31908917427063, "62": 67.15927147865295, "58": 51.580803632736206, "opt": 58}, "19b.sql": {"63": 64.67916870117188, "62": 61.315308809280396, "61": 50.57158279418945, "opt": 61}, "8b.sql": {"63": 66.6968903541565, "62": 48.918925046920776, "opt": 62}, "18a.sql": {"63": 126.0882179737091, "62": 119.76897430419922, "opt": 62}, "14c.sql": {"63": 137.98251509666443, "62": 58.18412375450134, "opt": 62}, "27c.sql": {"63": 14.828287363052368, "62": 4.711935758590698, "opt": 62}, "29c.sql": {"63": 93.2359185218811, "49": 89.50347709655762, "48": 88.42728185653687, "33": 72.0228533744812, "opt": 33}, "31c.sql": {"63": 157.78062462806702, "62": 135.2654139995575, "opt": 62}, "18c.sql": {"63": 165.74895548820496, "62": 155.4669418334961, "opt": 62}, "25b.sql": {"63": 92.87205982208252, "62": 89.02634024620056, "59": 76.61173105239868, "opt": 59}, "21c.sql": {"63": 2.0224273204803467, "62": 1.4141647815704346, "58": 1.4183905124664307, "47": 1.4136278629302979, "46": 1.4115874767303467, "43": 1.4084537029266357, "42": 1.4020097255706787, "opt": 42}, "17c.sql": {"63": 139.31599807739258, "62": 81.34398341178894, "opt": 62}, "27b.sql": {"63": 4.109414577484131, "62": 1.2601139545440674, "58": 1.2544877529144287, "57": 1.1821415424346924, "56": 1.1346867084503174, "opt": 56}, "17a.sql": {"63": 108.30710864067078, "61": 60.69538974761963, "opt": 61}, "10b.sql": {"63": 33.714186906814575, "32": 31.513559818267822, "opt": 32}, "6d.sql": {"63": 260.5512726306915, "62": 132.54406189918518, "opt": 62}, "17f.sql": {"63": 149.80874943733215, "59": 109.7461359500885, "opt": 59}, "13b.sql": {"63": 130.48800039291382, "62": 33.563133239746094, "opt": 62}, "24a.sql": {"63": 67.60662794113159, "55": 67.5075089931488, "51": 61.45551371574402, "opt": 51}, "20c.sql": {"63": 123.13389182090759, "62": 106.23399686813354, "opt": 62}, "28b.sql": {"63": 35.1082329750061, "62": 4.23201322555542, "opt": 62}, "25c.sql": {"63": 97.59422206878662, "55": 58.12352156639099, "opt": 55}, "28c.sql": {"62": 255.66878747940063, "opt": 62}, "23a.sql": {"63": 90.8526041507721, "62": 60.59044599533081, "opt": 62}, "14a.sql": {"63": 71.48200607299805, "62": 33.61404347419739, "opt": 62}, "2c.sql": {"63": 20.899425745010376, "62": 0.9855082035064697, "opt": 62}, "11d.sql": {"63": 0.5135617256164551, "62": 0.4823338985443115, "47": 0.4800257682800293, "46": 0.4752013683319092, "43": 0.47962021827697754, "42": 0.4798309803009033, "opt": 46}, "26a.sql": {"63": 184.98919582366943, "59": 160.4260129928589, "opt": 59}, "1c.sql": {"63": 4.221764326095581, "62": 0.16533279418945312, "59": 0.1636977195739746, "58": 0.15072941780090332, "46": 0.15602803230285645, "opt": 58}, "7b.sql": {"63": 39.708110332489014, "62": 37.65190005302429, "47": 37.405874490737915, "46": 36.27871799468994, "40": 33.23866081237793, "opt": 40}, "7a.sql": {"63": 60.87590050697327, "57": 60.03173875808716, "56": 39.42636251449585, "opt": 56}, "30b.sql": {"63": 99.02105474472046, "62": 74.79558968544006, "opt": 62}, "3a.sql": {"63": 48.39231610298157, "62": 45.163236141204834, "61": 16.978203058242798, "opt": 61}, "6b.sql": {"63": 187.976003408432, "62": 150.61155128479004, "opt": 62}, "1d.sql": {"63": 1.4593119621276855, "62": 0.16102290153503418, "59": 0.14948749542236328, "58": 0.14757919311523438, "46": 0.1443474292755127, "42": 0.1467602252960205, "opt": 46}, "17d.sql": {"63": 122.13484144210815, "62": 103.90115237236023, "opt": 62}, "32b.sql": {"63": 6.82471227645874, "62": 0.5612351894378662, "opt": 62}, "4c.sql": {"63": 18.651328325271606, "62": 0.9526302814483643, "opt": 62}, "29a.sql": {"63": 73.42722249031067, "62": 53.69889044761658, "opt": 62}, "15a.sql": {"63": 77.90595626831055, "62": 4.030924081802368, "opt": 62}, "31a.sql": {"63": 116.33930778503418, "55": 111.00595259666443, "54": 108.5752944946289, "opt": 54}, "20a.sql": {"63": 184.3555543422699, "62": 144.61432313919067, "opt": 62}, "26b.sql": {"63": 105.92788100242615, "62": 85.05880761146545, "opt": 62}, "28a.sql": {"55": 40.3079993724823, "opt": 55}, "33a.sql": {"63": 1.0614995956420898, "62": 0.35837459564208984, "opt": 62}, "33b.sql": {"63": 0.6482117176055908, "62": 0.49855685234069824, "59": 0.3521077632904053, "58": 0.3549187183380127, "47": 0.2513856887817383, "46": 0.2421884536743164, "opt": 46}, "16c.sql": {"63": 85.74803233146667, "55": 70.80138516426086, "opt": 55}, "19a.sql": {"63": 144.704439163208, "62": 75.24990916252136, "opt": 62}, "6e.sql": {"63": 61.252281188964844, "62": 59.75754976272583, "59": 55.31810927391052, "58": 51.45131850242615,