{"10c.sql": {"speedup": 1.3460450243597895, "speedupAbs": 12.263298749923706, "opt": 57}, "22d.sql": {"speedup": 2.2191237542597686, "speedupAbs": 88.82740664482117, "opt": 62}, "11a.sql": {"speedup": 1.6245758397926036, "speedupAbs": 0.2837533950805664, "opt": 42}, "14b.sql": {"speedup": 3.6560933975029446, "speedupAbs": 17.349727630615234, "opt": 59}, "15c.sql": {"speedup": 6.046287028632909, "speedupAbs": 14.887235164642334, "opt": 62}, "11c.sql": {"speedup": 1.1577927459870614, "speedupAbs": 0.0737144947052002, "opt": 43}, "31b.sql": {"speedup": 1.180002185946686, "speedupAbs": 11.667274713516235, "opt": 62}, "7c.sql": {"speedup": 1.1119501614406753, "speedupAbs": 14.66869568824768, "opt": 61}, "24b.sql": {"speedup": 1.1030468767262145, "speedupAbs": 6.691482782363892, "opt": 62}, "17b.sql": {"speedup": 1.727550434472704, "speedupAbs": 88.16162776947021, "opt": 62}, "22a.sql": {"speedup": 5.142290494067135, "speedupAbs": 93.58899688720703, "opt": 61}, "13d.sql": {"speedup": 1.645818503897818, "speedupAbs": 41.82150888442993, "opt": 62}, "8c.sql": {"speedup": 1.0, "speedupAbs": 0.0, "opt": 63}, "16b.sql": {"speedup": 1.1189121893890654, "speedupAbs": 9.254911422729492, "opt": 55}, "17e.sql": {"speedup": 1.6573325960918148, "speedupAbs": 47.24019169807434, "opt": 61}, "16d.sql": {"speedup": 1.094424302277415, "speedupAbs": 10.560559749603271, "opt": 61}, "9c.sql": {"speedup": 1.5682082007965878, "speedupAbs": 33.795170545578, "opt": 55}, "8d.sql": {"speedup": 1.0814996454904267, "speedupAbs": 4.191836833953857, "opt": 59}, "2a.sql": {"speedup": 9.632733416755272, "speedupAbs": 30.205370903015137, "opt": 62}, "23b.sql": {"speedup": 1.6283960320660518, "speedupAbs": 14.091681957244873, "opt": 62}, "2b.sql": {"speedup": 6.866157119177319, "speedupAbs": 6.447145700454712, "opt": 62}, "19c.sql": {"speedup": 1.184366958240085, "speedupAbs": 13.563648223876953, "opt": 62}, "32a.sql": {"speedup": 6.8736148046449115, "speedupAbs": 0.24275708198547363, "opt": 58}, "2d.sql": {"speedup": 57.72075786343479, "speedupAbs": 73.16236472129822, "opt": 62}, "15b.sql": {"speedup": 1.7907303921233186, "speedupAbs": 4.242695569992065, "opt": 56}, "23c.sql": {"speedup": 3.401911063655107, "speedupAbs": 13.780185222625732, "opt": 61}, "9d.sql": {"speedup": 2.3787250500730983, "speedupAbs": 173.88201928138733, "opt": 62}, "11b.sql": {"speedup": 1.3805534166897713, "speedupAbs": 11.309329509735107, "opt": 62}, "1a.sql": {"speedup": 10.359722629008383, "speedupAbs": 1.4095358848571777, "opt": 46}, "12c.sql": {"speedup": 2.0097556309178777, "speedupAbs": 17.450244188308716, "opt": 61}, "33c.sql": {"speedup": 6.981898667601683, "speedupAbs": 2.7333669662475586, "opt": 42}, "5c.sql": {"speedup": 2.3044691569308977, "speedupAbs": 3.7334187030792236, "opt": 46}, "10a.sql": {"speedup": 1.148162398049835, "speedupAbs": 11.327934980392456, "opt": 59}, "25a.sql": {"speedup": 1.0762068615761584, "speedupAbs": 7.495569229125977, "opt": 62}, "30c.sql": {"speedup": 1.3826672744782005, "speedupAbs": 19.738285541534424, "opt": 58}, "19b.sql": {"speedup": 1.278962712407003, "speedupAbs": 14.107585906982422, "opt": 61}, "8b.sql": {"speedup": 1.3634169248441972, "speedupAbs": 17.777965307235718, "opt": 62}, "18a.sql": {"speedup": 1.0527619419488368, "speedupAbs": 6.319243669509888, "opt": 62}, "14c.sql": {"speedup": 2.371480503493697, "speedupAbs": 79.79839134216309, "opt": 62}, "27c.sql": {"speedup": 3.1469629729178203, "speedupAbs": 10.11635160446167, "opt": 62}, "29c.sql": {"speedup": 1.2945324178855155, "speedupAbs": 21.213065147399902, "opt": 33}, "31c.sql": {"speedup": 1.1664520882520877, "speedupAbs": 22.51521062850952, "opt": 62}, "18c.sql": {"speedup": 1.066136334409413, "speedupAbs": 10.282013654708862, "opt": 62}, "25b.sql": {"speedup": 1.2122433280950482, "speedupAbs": 16.260328769683838, "opt": 59}, "21c.sql": {"speedup": 1.4425201791357982, "speedupAbs": 0.620417594909668, "opt": 42}, "17c.sql": {"speedup": 1.7126773515888813, "speedupAbs": 57.97201466560364, "opt": 62}, "27b.sql": {"speedup": 3.6216292540312796, "speedupAbs": 2.9747278690338135, "opt": 56}, "17a.sql": {"speedup": 1.7844371556229837, "speedupAbs": 47.61171889305115, "opt": 61}, "10b.sql": {"speedup": 1.0698311171837556, "speedupAbs": 2.200627088546753, "opt": 32}, "6d.sql": {"speedup": 1.9657709964318912, "speedupAbs": 128.00721073150635, "opt": 62}, "17f.sql": {"speedup": 1.365048055135752, "speedupAbs": 40.06261348724365, "opt": 59}, "13b.sql": {"speedup": 3.887837272546041, "speedupAbs": 96.92486715316772, "opt": 62}, "24a.sql": {"speedup": 1.100090518384386, "speedupAbs": 6.151114225387573, "opt": 51}, "20c.sql": {"speedup": 1.1590817953856296, "speedupAbs": 16.899894952774048, "opt": 62}, "28b.sql": {"speedup": 8.295870334951141, "speedupAbs": 30.876219749450684, "opt": 62}, "25c.sql": {"speedup": 1.6790830878564478, "speedupAbs": 39.47070050239563, "opt": 55}, "28c.sql": {"speedup": 1.1733931347570972, "speedupAbs": 44.331212520599365, "opt": 62}, "23a.sql": {"speedup": 1.4994542895058625, "speedupAbs": 30.262158155441284, "opt": 62}, "14a.sql": {"speedup": 2.1265518421747935, "speedupAbs": 37.86796259880066, "opt": 62}, "2c.sql": {"speedup": 21.20674964515724, "speedupAbs": 19.913917541503906, "opt": 62}, "11d.sql": {"speedup": 1.0807244251404442, "speedupAbs": 0.0383603572845459, "opt": 46}, "26a.sql": {"speedup": 1.1531122189760081, "speedupAbs": 24.563182830810547, "opt": 59}, "1c.sql": {"speedup": 28.00889426689128, "speedupAbs": 4.071034908294678, "opt": 58}, "7b.sql": {"speedup": 1.1946362868416736, "speedupAbs": 6.469449520111084, "opt": 40}, "7a.sql": {"speedup": 1.5440405004288966, "speedupAbs": 21.449537992477417, "opt": 56}, "30b.sql": {"speedup": 1.3238889506876392, "speedupAbs": 24.225465059280396, "opt": 62}, "3a.sql": {"speedup": 2.8502613578701097, "speedupAbs": 31.41411304473877, "opt": 61}, "6b.sql": {"speedup": 1.248084903215623, "speedupAbs": 37.36445212364197, "opt": 62}, "1d.sql": {"speedup": 10.109719095463277, "speedupAbs": 1.3149645328521729, "opt": 46}, "17d.sql": {"speedup": 1.1754907299237851, "speedupAbs": 18.233689069747925, "opt": 62}, "32b.sql": {"speedup": 12.160164588564697, "speedupAbs": 6.263477087020874, "opt": 62}, "4c.sql": {"speedup": 19.578769107480415, "speedupAbs": 17.698698043823242, "opt": 62}, "29a.sql": {"speedup": 1.367388075959207, "speedupAbs": 19.728332042694092, "opt": 62}, "15a.sql": {"speedup": 19.327071085267388, "speedupAbs": 73.87503218650818, "opt": 62}, "31a.sql": {"speedup": 1.0715081025250117, "speedupAbs": 7.764013290405273, "opt": 54}, "20a.sql": {"speedup": 1.2748084030710323, "speedupAbs": 39.741231203079224, "opt": 62}, "26b.sql": {"speedup": 1.2453487648955435, "speedupAbs": 20.869073390960693, "opt": 62}, "28a.sql": {"speedup": 7.442691393034152, "speedupAbs": 259.6920006275177, "opt": 55}, "33a.sql": {"speedup": 2.9619833787052636, "speedupAbs": 0.703125, "opt": 62}, "33b.sql": {"speedup": 2.6764765527479493, "speedupAbs": 0.4060232639312744, "opt": 46}, "16c.sql": {"speedup": 1.2111067055048321, "speedupAbs": 14.94664716720581, "opt": 55}, "19a.sql": {"speedup": 1.9229849015589093, "speedupAbs": 69.45453000068665, "opt": 62}, "6e.sql": {"speedup": 1.1904900199219683, "speedupAbs": 9.800962686538696, "opt": 58}, "18b.sql": {"speedup": 1.1652352370394783, "speedupAbs": 9.102392196655273, "opt": 62}, "4b.sql": {"speedup": 13.606641782246271, "speedupAbs": 9.585474967956543, "opt": 62}, "22b.sql": {"speedup": 1.091947413169136, "speedupAbs": 8.470765113830566, "opt": 62}, "13c.sql": {"speedup": 4.526821538137361, "speedupAbs": 35.036667823791504, "opt": 62}, "29b.sql": {"speedup": 1.286534883578177, "speedupAbs": 22.78141140937805, "opt": 62}, "6c.sql": {"speedup": 1.2319732732412827, "speedupAbs": 8.98015546798706, "opt": 62}, "26c.sql": {"speedup": 1.1275872163134903, "speedupAbs": 28.792277097702026, "opt": 59}, "3b.sql": {"speedup": 9.589485298591455, "speedupAbs": 18.78127884864807, "opt": 62},