{"12.sql": {"63": 1.0644233226776123, "62": 1.0731868743896484, "58": 1.0705375671386719, "55": 1.0505104064941406, "54": 1.0583603382110596, "51": 1.0582993030548096, "50": 1.050438404083252, "47": 1.0498158931732178, "46": 1.0495843887329102, "43": 1.0591819286346436, "42": 1.0584053993225098, "39": 1.0506446361541748, "38": 1.057924747467041, "35": 1.0581841468811035, "34": 1.0499236583709717, "opt": 46}, "7.sql": {"63": 1.0649642944335938, "62": 0.9689803123474121, "59": 0.9606845378875732, "58": 0.9697041511535645, "55": 0.9678192138671875, "54": 0.9611544609069824, "51": 0.9585146903991699, "50": 0.9699077606201172, "47": 0.9594125747680664, "46": 0.9715135097503662, "43": 0.9593899250030518, "42": 0.9712474346160889, "39": 0.9688851833343506, "38": 0.958794355392456, "35": 0.9718170166015625, "34": 0.9599218368530273, "opt": 51}, "3.sql": {"63": 1.042003870010376, "62": 1.0069406032562256, "58": 1.0139431953430176, "55": 1.020117998123169, "51": 1.0201530456542969, "46": 1.0163185596466064, "43": 1.0144641399383545, "42": 1.0081334114074707, "39": 1.0088114738464355, "38": 1.010571002960205, "35": 1.0199558734893799, "34": 1.0117332935333252, "opt": 62}, "19.sql": {"63": 0.15382122993469238, "62": 0.14287781715393066, "61": 0.13163995742797852, "59": 0.10372734069824219, "58": 0.09151053428649902, "46": 0.10036969184875488, "42": 0.08643007278442383, "30": 0.09938764572143555, "27": 0.0944972038269043, "11": 0.09124088287353516, "10": 0.08206343650817871, "opt": 10}, "22.sql": {"63": 0.4899766445159912, "62": 0.48617076873779297, "59": 0.4820280075073242, "58": 0.4832139015197754, "55": 0.4743318557739258, "54": 0.4844388961791992, "51": 0.47058916091918945, "50": 0.4655153751373291, "47": 0.4686703681945801, "46": 0.47873520851135254, "42": 0.470444917678833, "39": 0.47577977180480957, "38": 0.4796621799468994, "35": 0.4697387218475342, "34": 0.4726903438568115, "opt": 50}, "14.sql": {"63": 0.725529670715332, "62": 0.7130064964294434, "59": 0.7303600311279297, "58": 0.717188835144043, "55": 0.730689287185669, "54": 0.7158172130584717, "51": 0.717871904373169, "50": 0.7267935276031494, "46": 0.7243454456329346, "43": 0.7174298763275146, "42": 0.7275769710540771, "39": 0.7173876762390137, "38": 0.7161648273468018, "35": 0.7177083492279053, "34": 0.7273879051208496, "opt": 62}, "6.sql": {"63": 0.6728017330169678, "62": 0.6730568408966064, "59": 0.6608791351318359, "58": 0.6675496101379395, "55": 0.6651923656463623, "54": 0.6583433151245117, "50": 0.6575467586517334, "47": 0.6581544876098633, "46": 0.6567296981811523, "43": 0.6570441722869873, "42": 0.6623561382293701, "39": 0.6619701385498047, "38": 0.6625216007232666, "35": 0.6619181632995605, "34": 0.6565845012664795, "31": 0.6570777893066406, "30": 0.6574037075042725, "27": 0.6575779914855957, "26": 0.6625912189483643, "23": 0.657517671585083, "22": 0.6626391410827637, "18": 0.6566483974456787, "15": 0.6622965335845947, "14": 0.658062219619751, "11": 0.6583318710327148, "10": 0.6571552753448486, "7": 0.6568562984466553, "6": 0.6586415767669678, "3": 0.6567177772521973, "2": 0.6641485691070557, "opt": 34}, "17.sql": {"63": 0.07634401321411133, "61": 0.046982765197753906, "47": 0.03742265701293945, "45": 0.03362679481506348, "29": 0.026015520095825195, "13": 0.02581644058227539, "opt": 13}, "11.sql": {"63": 0.4243147373199463, "62": 0.1679067611694336, "46": 0.17424654960632324, "14": 0.1658954620361328, "opt": 14}, "21.sql": {"55": 4.4901769161224365, "opt": 55}, "20.sql": {"63": 8.062885284423828, "62": 7.1902992725372314, "44": 7.1840972900390625, "31": 7.169314622879028, "30": 7.13232946395874, "29": 7.131582736968994, "opt": 29}, "4.sql": {"63": 1.6206152439117432, "62": 1.6297504901885986, "59": 1.6228785514831543, "58": 1.625063180923462, "55": 1.613748550415039, "54": 1.6061606407165527, "51": 1.6203703880310059, "50": 1.6222000122070312, "47": 1.619330883026123, "46": 1.6085848808288574, "43": 1.6214492321014404, "42": 1.6199111938476562, "39": 1.6139380931854248, "38": 1.6345138549804688, "35": 1.6242215633392334, "34": 1.6127803325653076, "opt": 54}, "9.sql": {"63": 3.3976330757141113, "62": 3.3804686069488525, "55": 2.3586394786834717, "54": 2.3511743545532227, "51": 2.3632214069366455, "50": 2.351010322570801, "39": 2.356210947036743, "38": 2.3529298305511475, "35": 2.3525259494781494, "34": 2.3603031635284424, "opt": 50}, "15.sql": {"63": 1.7852747440338135, "62": 1.5216166973114014, "59": 1.5260157585144043, "58": 1.5410776138305664, "55": 1.5207247734069824, "54": 1.525320291519165, "51": 1.516510009765625, "50": 1.5251171588897705, "47": 1.5396599769592285, "46": 1.5272424221038818, "43": 1.5290486812591553, "42": 1.5199172496795654, "39": 1.5277519226074219, "35": 1.5201702117919922, "34": 1.5529847145080566, "31": 1.5169565677642822, "30": 1.5289862155914307, "27": 1.5064914226531982, "19": 1.5175535678863525, "18": 1.5217933654785156, "15": 1.504988193511963, "14": 1.5092334747314453, "11": 1.4911079406738281, "10": 1.504298448562622, "opt": 11}, "2.sql": {"63": 165.59580945968628, "62": 165.4217667579651, "61": 160.41829586029053, "55": 79.97525453567505, "opt": 55}, "8.sql": {"63": 0.6086769104003906, "62": 0.593073844909668, "59": 0.5968825817108154, "47": 0.5881843566894531, "46": 0.6072163581848145, "43": 0.6037325859069824, "opt": 47}, "10.sql": {"63": 1.2474572658538818, "62": 1.226020336151123, "59": 1.2286255359649658, "58": 1.2172620296478271, "55": 1.2185981273651123, "54": 1.2202231884002686, "51": 1.2265000343322754, "50": 1.2250516414642334, "47": 1.21563720703125, "46": 1.228316307067871, "43": 1.2253367900848389, "42": 1.2256290912628174, "39": 1.214092493057251, "38": 1.2257821559906006, "35": 1.2130918502807617, "34": 1.2314598560333252, "opt": 35}, "1.sql": {"63": 4.325054407119751, "62": 4.3372273445129395, "59": 4.327584743499756, "58": 4.325798273086548, "55": 4.320587158203125, "54": 4.32082986831665, "51": 4.321044445037842, "50": 4.328197240829468, "47": 4.3176469802856445, "46": 4.32500433921814, "42": 4.315786838531494, "39": 4.32468843460083, "38": 4.319116592407227, "35": 4.31918478012085, "34": 4.322930574417114, "31": 4.322752952575684, "30": 4.309544801712036, "23": 4.325768947601318, "22": 4.320667505264282, "19": 4.328250169754028, "18": 4.314884662628174, "14": 4.317344427108765, "10": 4.312191009521484, "7": 4.309349775314331, "6": 4.318583011627197, "3": 4.323788404464722, "2": 4.324808359146118, "opt": 7}, "16.sql": {"63": 0.5841977596282959, "62": 0.5856668949127197, "59": 0.5834941864013672, "55": 0.5813264846801758, "51": 0.5825562477111816, "50": 0.5813333988189697, "47": 0.580916166305542, "46": 0.5830111503601074, "43": 0.5805525779724121, "39": 0.5813183784484863, "35": 0.5813586711883545, "opt": 43}, "13.sql": {"63": 0.9494328498840332, "62": 0.9464836120605469, "59": 0.9245896339416504, "58": 0.9552252292633057, "55": 0.9493646621704102, "50": 0.9248089790344238, "47": 0.9573614597320557, "46": 0.9469070434570312, "43": 0.9528565406799316, "42": 0.9511075019836426, "39": 0.9558827877044678, "35": 0.9281001091003418, "opt": 59}, "18.sql": {"63": 7.976499795913696, "59": 7.963249206542969, "58": 7.935518264770508, "54": 7.949555397033691, "50": 7.952671051025391, "47": 7.945978403091431, "43": 7.945127964019775, "42": 7.929215669631958, "34": 7.929375886917114, "opt": 42}, "5.sql": {"63": 0.910524845123291, "62": 0.91916823387146, "59": 0.9071838855743408, "58": 0.900146484375, "55": 0.9075582027435303, "54": 0.9074320793151855, "51": 0.9193389415740967, "50": 0.9012079238891602, "47": 0.9093217849731445, "46": 0.8979394435882568, "43": 0.8987698554992676, "42": 0.8993709087371826, "39": 0.9087817668914795, "38": 0.8993382453918457, "35": 0.8969769477844238, "34": 0.9108521938323975, "opt": 35}, "runtime": 6074.761766433716}