{"12.sql": {"speedup": 1.0141379141153348, "speedupAbs": 0.014838933944702148, "opt": 46}, "7.sql": {"speedup": 1.1110568310539854, "speedupAbs": 0.10644960403442383, "opt": 51}, "3.sql": {"speedup": 1.0348215839551642, "speedupAbs": 0.03506326675415039, "opt": 62}, "19.sql": {"speedup": 1.874418577625153, "speedupAbs": 0.07175779342651367, "opt": 10}, "22.sql": {"speedup": 1.0525466411747322, "speedupAbs": 0.02446126937866211, "opt": 50}, "14.sql": {"speedup": 1.0175638992752543, "speedupAbs": 0.012523174285888672, "opt": 62}, "6.sql": {"speedup": 1.0246993825154371, "speedupAbs": 0.01621723175048828, "opt": 34}, "17.sql": {"speedup": 2.9571858665336808, "speedupAbs": 0.05052757263183594, "opt": 13}, "11.sql": {"speedup": 2.5577235935937086, "speedupAbs": 0.2584192752838135, "opt": 14}, "21.sql": {"speedup": 66.8125122025414, "speedupAbs": 295.50982308387756, "opt": 55}, "20.sql": {"speedup": 1.1305884796970957, "speedupAbs": 0.931302547454834, "opt": 29}, "4.sql": {"speedup": 1.008999475412834, "speedupAbs": 0.01445460319519043, "opt": 54}, "9.sql": {"speedup": 1.4451799905322582, "speedupAbs": 1.0466227531433105, "opt": 50}, "15.sql": {"speedup": 1.1972806899727542, "speedupAbs": 0.29416680335998535, "opt": 11}, "2.sql": {"speedup": 2.0705880890421917, "speedupAbs": 85.62055492401123, "opt": 55}, "8.sql": {"speedup": 1.034840358261614, "speedupAbs": 0.0204925537109375, "opt": 47}, "10.sql": {"speedup": 1.028328782824785, "speedupAbs": 0.03436541557312012, "opt": 35}, "1.sql": {"speedup": 1.0036443158769293, "speedupAbs": 0.015704631805419922, "opt": 7}, "16.sql": {"speedup": 1.0062788140027121, "speedupAbs": 0.003645181655883789, "opt": 43}, "13.sql": {"speedup": 1.026869451084448, "speedupAbs": 0.024843215942382812, "opt": 59}, "18.sql": {"speedup": 1.0059632791251765, "speedupAbs": 0.04728412628173828, "opt": 42}, "5.sql": {"speedup": 1.0151039526404009, "speedupAbs": 0.013547897338867188, "opt": 35}, "avrgTOT": {"speedup": 4.292287825948048, "speedupAbs": 384.16706585884094, "speedupAvg": 17.462139357220043, "pg_def": 502.77824115753174, "runtime": 6074.761766433716, "factor": 0.06323985707251402}, "46": {"total_speedup": 1.0141379141153348, "count": 1, "average_speedup": 1.0141379141153348}, "51": {"total_speedup": 1.1110568310539854, "count": 1, "average_speedup": 1.1110568310539854}, "62": {"total_speedup": 2.0523854832304185, "count": 2, "average_speedup": 1.0261927416152092}, "10": {"total_speedup": 1.874418577625153, "count": 1, "average_speedup": 1.874418577625153}, "50": {"total_speedup": 2.4977266317069904, "count": 2, "average_speedup": 1.2488633158534952}, "34": {"total_speedup": 1.0246993825154371, "count": 1, "average_speedup": 1.0246993825154371}, "13": {"total_speedup": 2.9571858665336808, "count": 1, "average_speedup": 2.9571858665336808}, "14": {"total_speedup": 2.5577235935937086, "count": 1, "average_speedup": 2.5577235935937086}, "55": {"total_speedup": 68.88310029158359, "count": 2, "average_speedup": 34.441550145791794}, "29": {"total_speedup": 1.1305884796970957, "count": 1, "average_speedup": 1.1305884796970957}, "54": {"total_speedup": 1.008999475412834, "count": 1, "average_speedup": 1.008999475412834}, "11": {"total_speedup": 1.1972806899727542, "count": 1, "average_speedup": 1.1972806899727542}, "47": {"total_speedup": 1.034840358261614, "count": 1, "average_speedup": 1.034840358261614}, "35": {"total_speedup": 2.043432735465186, "count": 2, "average_speedup": 1.021716367732593}, "7": {"total_speedup": 1.0036443158769293, "count": 1, "average_speedup": 1.0036443158769293}, "43": {"total_speedup": 1.0062788140027121, "count": 1, "average_speedup": 1.0062788140027121}, "59": {"total_speedup": 1.026869451084448, "count": 1, "average_speedup": 1.026869451084448}, "42": {"total_speedup": 1.0059632791251765, "count": 1, "average_speedup": 1.0059632791251765}}