{"10c.sql": {"63": 51.13324737548828, "62": 50.471518993377686, "59": 48.916276693344116, "opt": 59}, "22d.sql": {"63": 81.58908152580261, "62": 62.8961968421936, "opt": 62}, "11a.sql": {"63": 0.6565449237823486, "62": 0.45468735694885254, "58": 0.4633040428161621, "47": 0.4599587917327881, "46": 0.45246434211730957, "43": 0.45964932441711426, "42": 0.45368051528930664, "opt": 46}, "14b.sql": {"63": 16.9437894821167, "62": 12.652519702911377, "opt": 62}, "15c.sql": {"63": 16.20160174369812, "61": 7.076206922531128, "opt": 61}, "11c.sql": {"63": 0.7096607685089111, "62": 0.473970890045166, "59": 0.4792795181274414, "58": 0.473085880279541, "47": 0.4767270088195801, "46": 0.46938085556030273, "43": 0.4712059497833252, "42": 0.4675772190093994, "opt": 42}, "31b.sql": {"63": 61.77497124671936, "46": 51.88564372062683, "opt": 46}, "7c.sql": {"63": 146.52089095115662, "62": 143.46751260757446, "opt": 62}, "24b.sql": {"63": 77.47598099708557, "62": 69.53071212768555, "opt": 62}, "17b.sql": {"63": 221.60684752464294, "62": 124.89861464500427, "opt": 62}, "22a.sql": {"63": 116.31999444961548, "61": 16.282527685165405, "opt": 61}, "13d.sql": {"63": 87.88335752487183, "61": 58.96340322494507, "opt": 61}, "8c.sql": {"63": 66.58804893493652, "opt": 63}, "16b.sql": {"63": 86.13124465942383, "55": 71.50472617149353, "opt": 55}, "17e.sql": {"63": 114.612544298172, "61": 97.26522564888, "opt": 61}, "16d.sql": {"63": 146.68510031700134, "60": 67.01437449455261, "opt": 60}, "9c.sql": {"63": 77.83868360519409, "62": 75.07795095443726, "opt": 62}, "8d.sql": {"63": 50.87406373023987, "opt": 63}, "2a.sql": {"63": 10.05192494392395, "62": 1.1441760063171387, "opt": 62}, "23b.sql": {"63": 34.042699337005615, "62": 17.353463888168335, "opt": 62}, "2b.sql": {"63": 18.86649465560913, "62": 1.2298247814178467, "opt": 62}, "19c.sql": {"63": 93.06908583641052, "62": 80.88588309288025, "opt": 62}, "32a.sql": {"63": 0.26285886764526367, "62": 0.04410266876220703, "59": 0.05467629432678223, "58": 0.04534029960632324, "47": 0.04427790641784668, "46": 0.04308009147644043, "43": 0.04975605010986328, "42": 0.04447770118713379, "opt": 46}, "2d.sql": {"63": 71.28553676605225, "62": 1.2748196125030518, "opt": 62}, "15b.sql": {"63": 41.08202075958252, "62": 19.778615951538086, "opt": 62}, "23c.sql": {"63": 6.644768238067627, "62": 3.424551010131836, "opt": 62}, "9d.sql": {"62": 136.69836592674255, "opt": 62}, "11b.sql": {"63": 40.22385764122009, "62": 30.796647310256958, "opt": 62}, "1a.sql": {"63": 1.3603534698486328, "62": 0.16064143180847168, "58": 0.15878009796142578, "47": 0.1560380458831787, "46": 0.15962004661560059, "43": 0.16181087493896484, "42": 0.1585395336151123, "opt": 47}, "12c.sql": {"63": 32.8359375, "61": 16.77375054359436, "opt": 61}, "33c.sql": {"63": 2.8802900314331055, "62": 0.5627956390380859, "opt": 62}, "5c.sql": {"63": 5.49692964553833, "62": 3.1742441654205322, "opt": 62}, "10a.sql": {"63": 98.59046363830566, "62": 78.69699883460999, "opt": 62}, "25a.sql": {"63": 99.38871550559998, "55": 54.88101100921631, "opt": 55}, "30c.sql": {"63": 90.84546732902527, "62": 81.25301718711853, "opt": 62}, "19b.sql": {"63": 77.95472192764282, "62": 77.38077759742737, "61": 56.77602195739746, "opt": 61}, "8b.sql": {"63": 68.12179064750671, "62": 41.48102879524231, "opt": 62}, "18a.sql": {"63": 135.26190876960754, "62": 131.32828497886658, "opt": 62}, "14c.sql": {"63": 147.5919542312622, "62": 67.21223950386047, "opt": 62}, "27c.sql": {"63": 8.098615646362305, "62": 3.2181763648986816, "opt": 62}, "29c.sql": {"63": 93.00532007217407, "49": 79.1017062664032, "opt": 49}, "31c.sql": {"63": 111.3322503566742, "55": 102.70308089256287, "opt": 55}, "18c.sql": {"63": 178.9420461654663, "62": 145.91815495491028, "opt": 62}, "25b.sql": {"63": 83.91745400428772, "59": 80.79510974884033, "opt": 59}, "21c.sql": {"63": 2.019810914993286, "62": 1.415966510772705, "59": 1.4214837551116943, "47": 1.417337417602539, "46": 1.4110932350158691, "43": 1.4130127429962158, "42": 1.4044163227081299, "opt": 42}, "17c.sql": {"63": 193.8851387500763, "62": 88.1957015991211, "opt": 62}, "27b.sql": {"63": 4.038836479187012, "62": 1.2373478412628174, "opt": 62}, "17a.sql": {"63": 131.8523440361023, "61": 89.03852486610413, "opt": 61}, "10b.sql": {"63": 41.48271608352661, "57": 31.470590353012085, "opt": 57}, "6d.sql": {"63": 272.01502990722656, "62": 132.26734232902527, "opt": 62}, "17f.sql": {"63": 143.45366382598877, "59": 113.22933721542358, "opt": 59}, "13b.sql": {"63": 129.6676959991455, "62": 33.59234023094177, "opt": 62}, "24a.sql": {"63": 69.92851853370667, "55": 61.64446043968201, "opt": 55}, "20c.sql": {"63": 105.61950755119324, "59": 89.05821776390076, "opt": 59}, "28b.sql": {"63": 32.0970721244812, "62": 5.3846728801727295, "opt": 62}, "25c.sql": {"63": 88.19342994689941, "55": 57.3940908908844, "opt": 55}, "28c.sql": {"59": 39.06123113632202, "opt": 59}, "23a.sql": {"63": 91.31410765647888, "62": 65.43767166137695, "opt": 62}, "14a.sql": {"63": 101.01659512519836, "62": 29.97686743736267, "opt": 62}, "2c.sql": {"63": 20.448099851608276, "62": 1.0251350402832031, "opt": 62}, "11d.sql": {"63": 0.588268518447876, "62": 0.48037290573120117, "59": 0.4892256259918213, "58": 0.4869730472564697, "47": 0.47965526580810547, "46": 0.4748375415802002, "43": 0.4821486473083496, "42": 0.47926998138427734, "opt": 46}, "26a.sql": {"63": 190.06995558738708, "59": 154.37590956687927, "opt": 59}, "1c.sql": {"63": 4.9414145946502686, "62": 0.17004609107971191, "opt": 62}, "7b.sql": {"63": 40.40747141838074, "62": 37.81050395965576, "opt": 62}, "7a.sql": {"63": 46.838850021362305, "62": 40.81667137145996, "opt": 62}, "30b.sql": {"63": 73.87546253204346, "62": 60.95023274421692, "opt": 62}, "3a.sql": {"63": 43.26525592803955, "62": 6.065531015396118, "opt": 62}, "6b.sql": {"63": 152.53268098831177, "62": 142.00327110290527, "opt": 62}, "1d.sql": {"63": 1.5227296352386475, "62": 0.15776586532592773, "59": 0.15500617027282715, "58": 0.14875459671020508, "47": 0.14937639236450195, "46": 0.14448094367980957, "42": 0.14626646041870117, "opt": 46}, "17d.sql": {"63": 114.7267837524414, "62": 99.60478067398071, "opt": 62}, "32b.sql": {"63": 4.870445966720581, "62": 0.4959235191345215, "opt": 62}, "4c.sql": {"63": 19.95151138305664, "62": 0.9597246646881104, "opt": 62}, "29a.sql": {"63": 59.8542320728302, "62": 53.66153383255005, "opt": 62}, "15a.sql": {"63": 80.21383380889893, "62": 4.0643768310546875, "opt": 62}, "31a.sql": {"63": 135.59475588798523, "62": 130.19946765899658, "opt": 62}, "20a.sql": {"63": 152.99621868133545, "62": 119.77113127708435, "opt": 62}, "26b.sql": {"63": 78.65157890319824, "59": 67.00031232833862, "opt": 59}, "28a.sql": {"55": 32.93378973007202, "opt": 55}, "33a.sql": {"63": 0.6044971942901611, "62": 0.3570132255554199, "opt": 62}, "33b.sql": {"63": 0.7949047088623047, "62": 0.4994168281555176, "59": 0.3589811325073242, "58": 0.35619688034057617, "47": 0.2776470184326172, "46": 0.24256563186645508, "opt": 46}, "16c.sql": {"63": 89.94512820243835, "57": 88.18659162521362, "55": 64.70086884498596, "opt": 55}, "19a.sql": {"63": 142.27986931800842, "62": 76.28875851631165, "opt": 62}, "6e.sql": {"63": 58.787389516830444, "62": 54.50143074989319, "opt": 62}, "18b.sql": {"63": 61.68321084976196, "62": 53.43113374710083, "opt": 62}, "4b.sql": {"63": 9.378217458724976, "62": 0.774242639541626, "opt": 62}, "22b.sql": {"63": 111.8268415927887, "62": 108.69809794425964, "opt": 62}, "13c.sql": {"63": 38.03291296958923, "61": 20.243266582489014, "opt": 61}, "29b.sql": {"63": 70.97709560394287, "62": 67.83944511413574, "opt": 62}, "6c.sql": {"63": 48.085954427719116, "62": 36.6320161819458, "opt": 62}, "26c.sql": {"63": 254.1040244102478, "59": 209.22601103782654, "opt": 59}, "3b.sql": {"63": 21.530510187149048, "62": 9.006190776824951, "opt": 62}, "27a.sql": {"63": 3.665313243865967, "62": 3.540559768676758, "55": 2.823697328567505, "54": 1.493896722793579, "opt": 54}, "12a.sql": {"63": 75.4020893573761,