{"10c.sql": {"speedup": 1.0453217381208784, "speedupAbs": 2.216970682144165, "opt": 59}, "22d.sql": {"speedup": 1.2972021461092378, "speedupAbs": 18.69288468360901, "opt": 62}, "11a.sql": {"speedup": 1.4510423533267678, "speedupAbs": 0.20408058166503906, "opt": 46}, "14b.sql": {"speedup": 1.3391632560127837, "speedupAbs": 4.291269779205322, "opt": 62}, "15c.sql": {"speedup": 2.2895884647057323, "speedupAbs": 9.125394821166992, "opt": 61}, "11c.sql": {"speedup": 1.5177402569192433, "speedupAbs": 0.24208354949951172, "opt": 42}, "31b.sql": {"speedup": 1.1905985320205459, "speedupAbs": 9.88932752609253, "opt": 46}, "7c.sql": {"speedup": 1.0212827161221791, "speedupAbs": 3.0533783435821533, "opt": 62}, "24b.sql": {"speedup": 1.1142699193819474, "speedupAbs": 7.945268869400024, "opt": 62}, "17b.sql": {"speedup": 1.7742938795158754, "speedupAbs": 96.70823287963867, "opt": 62}, "22a.sql": {"speedup": 7.14385362633786, "speedupAbs": 100.03746676445007, "opt": 61}, "13d.sql": {"speedup": 1.4904729496294047, "speedupAbs": 28.919954299926758, "opt": 61}, "8c.sql": {"speedup": 1.0, "speedupAbs": 0.0, "opt": 63}, "16b.sql": {"speedup": 1.2045531711127841, "speedupAbs": 14.626518487930298, "opt": 55}, "17e.sql": {"speedup": 1.1783506750080905, "speedupAbs": 17.347318649291992, "opt": 61}, "16d.sql": {"speedup": 2.18886024712392, "speedupAbs": 79.67072582244873, "opt": 60}, "9c.sql": {"speedup": 1.036771550310853, "speedupAbs": 2.760732650756836, "opt": 62}, "8d.sql": {"speedup": 1.0, "speedupAbs": 0.0, "opt": 63}, "2a.sql": {"speedup": 8.785296045735985, "speedupAbs": 8.907748937606812, "opt": 62}, "23b.sql": {"speedup": 1.9617235818962964, "speedupAbs": 16.68923544883728, "opt": 62}, "2b.sql": {"speedup": 15.340798901334733, "speedupAbs": 17.636669874191284, "opt": 62}, "19c.sql": {"speedup": 1.150622114486164, "speedupAbs": 12.183202743530273, "opt": 62}, "32a.sql": {"speedup": 6.101632068005601, "speedupAbs": 0.21977877616882324, "opt": 46}, "2d.sql": {"speedup": 55.91813623426005, "speedupAbs": 70.0107171535492, "opt": 62}, "15b.sql": {"speedup": 2.0770927986185894, "speedupAbs": 21.303404808044434, "opt": 62}, "23c.sql": {"speedup": 1.9403326796442788, "speedupAbs": 3.220217227935791, "opt": 62}, "9d.sql": {"speedup": 2.1946129199581783, "speedupAbs": 163.30163407325745, "opt": 62}, "11b.sql": {"speedup": 1.3061115788348612, "speedupAbs": 9.427210330963135, "opt": 62}, "1a.sql": {"speedup": 8.71808834921639, "speedupAbs": 1.204315423965454, "opt": 47}, "12c.sql": {"speedup": 1.9575787427302325, "speedupAbs": 16.06218695640564, "opt": 61}, "33c.sql": {"speedup": 5.11782578194105, "speedupAbs": 2.3174943923950195, "opt": 62}, "5c.sql": {"speedup": 1.7317286758909682, "speedupAbs": 2.322685480117798, "opt": 62}, "10a.sql": {"speedup": 1.2527855585128969, "speedupAbs": 19.89346480369568, "opt": 62}, "25a.sql": {"speedup": 1.8109855062420293, "speedupAbs": 44.50770449638367, "opt": 55}, "30c.sql": {"speedup": 1.118056540839784, "speedupAbs": 9.592450141906738, "opt": 62}, "19b.sql": {"speedup": 1.3730219067855272, "speedupAbs": 21.17869997024536, "opt": 61}, "8b.sql": {"speedup": 1.642239660538988, "speedupAbs": 26.640761852264404, "opt": 62}, "18a.sql": {"speedup": 1.029952601538762, "speedupAbs": 3.933623790740967, "opt": 62}, "14c.sql": {"speedup": 2.195908889820357, "speedupAbs": 80.37971472740173, "opt": 62}, "27c.sql": {"speedup": 2.516523250464328, "speedupAbs": 4.880439281463623, "opt": 62}, "29c.sql": {"speedup": 1.175768822975139, "speedupAbs": 13.903613805770874, "opt": 49}, "31c.sql": {"speedup": 1.084020551176437, "speedupAbs": 8.629169464111328, "opt": 55}, "18c.sql": {"speedup": 1.2263179055461648, "speedupAbs": 33.02389121055603, "opt": 62}, "25b.sql": {"speedup": 1.0386452133693922, "speedupAbs": 3.1223442554473877, "opt": 59}, "21c.sql": {"speedup": 1.438185303271393, "speedupAbs": 0.6153945922851562, "opt": 42}, "17c.sql": {"speedup": 2.1983513395170773, "speedupAbs": 105.6894371509552, "opt": 62}, "27b.sql": {"speedup": 3.264107589232984, "speedupAbs": 2.8014886379241943, "opt": 62}, "17a.sql": {"speedup": 1.4808460072129617, "speedupAbs": 42.81381916999817, "opt": 61}, "10b.sql": {"speedup": 1.3181422915238148, "speedupAbs": 10.012125730514526, "opt": 57}, "6d.sql": {"speedup": 2.05655474070514, "speedupAbs": 139.7476875782013, "opt": 62}, "17f.sql": {"speedup": 1.266930173344229, "speedupAbs": 30.224326610565186, "opt": 59}, "13b.sql": {"speedup": 3.860037589155789, "speedupAbs": 96.07535576820374, "opt": 62}, "24a.sql": {"speedup": 1.1343844691791967, "speedupAbs": 8.284058094024658, "opt": 55}, "20c.sql": {"speedup": 1.1859602651290144, "speedupAbs": 16.56128978729248, "opt": 59}, "28b.sql": {"speedup": 5.96082117498131, "speedupAbs": 26.71239924430847, "opt": 62}, "25c.sql": {"speedup": 1.536629095050388, "speedupAbs": 30.799339056015015, "opt": 55}, "28c.sql": {"speedup": 7.680249476853734, "speedupAbs": 260.938768863678, "opt": 59}, "23a.sql": {"speedup": 1.3954363799648282, "speedupAbs": 25.87643599510193, "opt": 62}, "14a.sql": {"speedup": 3.369818255235467, "speedupAbs": 71.0397276878357, "opt": 62}, "2c.sql": {"speedup": 19.94673779364648, "speedupAbs": 19.422964811325073, "opt": 62}, "11d.sql": {"speedup": 1.238883759043549, "speedupAbs": 0.11343097686767578, "opt": 46}, "26a.sql": {"speedup": 1.2312151301368968, "speedupAbs": 35.69404602050781, "opt": 59}, "1c.sql": {"speedup": 29.05926601002489, "speedupAbs": 4.771368503570557, "opt": 62}, "7b.sql": {"speedup": 1.068683756807261, "speedupAbs": 2.5969674587249756, "opt": 62}, "7a.sql": {"speedup": 1.147542130398051, "speedupAbs": 6.022178649902344, "opt": 62}, "30b.sql": {"speedup": 1.212062025129066, "speedupAbs": 12.925229787826538, "opt": 62}, "3a.sql": {"speedup": 7.132970850898213, "speedupAbs": 37.19972491264343, "opt": 62}, "6b.sql": {"speedup": 1.0741490657477613, "speedupAbs": 10.529409885406494, "opt": 62}, "1d.sql": {"speedup": 10.539311250715762, "speedupAbs": 1.378248691558838, "opt": 46}, "17d.sql": {"speedup": 1.1518200529747358, "speedupAbs": 15.122003078460693, "opt": 62}, "32b.sql": {"speedup": 9.82096185964403, "speedupAbs": 4.37452244758606, "opt": 62}, "4c.sql": {"speedup": 20.78878673972649, "speedupAbs": 18.99178671836853, "opt": 62}, "29a.sql": {"speedup": 1.1154029301436736, "speedupAbs": 6.192698240280151, "opt": 62}, "15a.sql": {"speedup": 19.735825968696854, "speedupAbs": 76.14945697784424, "opt": 62}, "31a.sql": {"speedup": 1.04143863508812, "speedupAbs": 5.3952882289886475, "opt": 62}, "20a.sql": {"speedup": 1.2774048057322476, "speedupAbs": 33.2250874042511, "opt": 62}, "26b.sql": {"speedup": 1.173898690468217, "speedupAbs": 11.65126657485962, "opt": 59}, "28a.sql": {"speedup": 9.109185503970968, "speedupAbs": 267.066210269928, "opt": 55}, "33a.sql": {"speedup": 1.6932067246240539, "speedupAbs": 0.2474839687347412, "opt": 62}, "33b.sql": {"speedup": 3.2770706334025954, "speedupAbs": 0.5523390769958496, "opt": 46}, "16c.sql": {"speedup": 1.3901687845635278, "speedupAbs": 25.244259357452393, "opt": 55}, "19a.sql": {"speedup": 1.8650174951737735, "speedupAbs": 65.99111080169678, "opt": 62}, "6e.sql": {"speedup": 1.0786393808009462, "speedupAbs": 4.285958766937256, "opt": 62}, "18b.sql": {"speedup": 1.154443234195997, "speedupAbs": 8.252077102661133, "opt": 62}, "4b.sql": {"speedup": 12.112762821067504, "speedupAbs": 8.60397481918335, "opt": 62}, "22b.sql": {"speedup": 1.0287837938998112, "speedupAbs": 3.1287436485290527, "opt": 62}, "13c.sql": {"speedup": 1.8787932676087344, "speedupAbs": 17.78964638710022, "opt": 61}, "29b.sql": {"speedup": 1.0462511225516102, "speedupAbs": 3.137650489807129, "opt": 62}, "6c.sql": {"speedup": 1.3126756165667568, "speedupAbs": 11.453938245773315, "opt": 62}, "26c.sql": {"speedup": 1.2144953830062155, "speedupAbs": 44.878013372421265, "opt": 59}, "3b.sql": {"speedup": 2.3906344780694764, "speedupAbs": 12.524319410324097, "opt": 62}, "27a.sql": {"speedup": 2.453525192164456, "speedupAbs": 2.1714165210723877, "opt": 54},