{"12.sql": {"speedup": 1.011521979327404, "speedupAbs": 0.01217508316040039, "opt": 35}, "7.sql": {"speedup": 1.030375136891611, "speedupAbs": 0.0292356014251709, "opt": 34}, "3.sql": {"speedup": 1.0202592713981493, "speedupAbs": 0.02035236358642578, "opt": 39}, "19.sql": {"speedup": 1.8073479350369968, "speedupAbs": 0.0651390552520752, "opt": 46}, "22.sql": {"speedup": 1.0487945638925253, "speedupAbs": 0.02267765998840332, "opt": 43}, "14.sql": {"speedup": 1.0295824152236834, "speedupAbs": 0.02102971076965332, "opt": 62}, "6.sql": {"speedup": 1.0401821987397981, "speedupAbs": 0.02636408805847168, "opt": 18}, "17.sql": {"speedup": 5.954939341421144, "speedupAbs": 0.12814807891845703, "opt": 13}, "11.sql": {"speedup": 145.24380817267203, "speedupAbs": 23.562138080596924, "opt": 62}, "21.sql": {"speedup": 66.83837355810194, "speedupAbs": 295.5115604400635, "opt": 55}, "20.sql": {"speedup": 2.021778036292198, "speedupAbs": 7.3687522411346436, "opt": 62}, "4.sql": {"speedup": 1.0380915163038547, "speedupAbs": 0.06114315986633301, "opt": 54}, "9.sql": {"speedup": 1.4935406066296908, "speedupAbs": 1.157156229019165, "opt": 35}, "15.sql": {"speedup": 1.240324532767407, "speedupAbs": 0.35714221000671387, "opt": 15}, "2.sql": {"speedup": 1.0334170898371815, "speedupAbs": 5.394879341125488, "opt": 61}, "8.sql": {"speedup": 1.0826408911052179, "speedupAbs": 0.047713518142700195, "opt": 47}, "10.sql": {"speedup": 1.0232525776356984, "speedupAbs": 0.028204917907714844, "opt": 39}, "1.sql": {"speedup": 1.0029559407877369, "speedupAbs": 0.01273036003112793, "opt": 6}, "16.sql": {"speedup": 1.0151478190590242, "speedupAbs": 0.008794069290161133, "opt": 34}, "13.sql": {"speedup": 1.0212816609536242, "speedupAbs": 0.019778728485107422, "opt": 51}, "18.sql": {"speedup": 1.0, "speedupAbs": 0.0, "opt": 63}, "5.sql": {"speedup": 1.126138041003609, "speedupAbs": 0.11321806907653809, "opt": 55}, "avrgTOT": {"speedup": 10.91471605841275, "speedupAbs": 333.96833300590515, "speedupAvg": 15.180378772995688, "pg_def": 534.074836730957, "runtime": 4750.93751168251, "factor": 0.07029524850299129}, "35": {"total_speedup": 2.505062585957095, "count": 2, "average_speedup": 1.2525312929785475}, "34": {"total_speedup": 2.045522955950635, "count": 2, "average_speedup": 1.0227614779753176}, "39": {"total_speedup": 2.0435118490338477, "count": 2, "average_speedup": 1.0217559245169239}, "46": {"total_speedup": 1.8073479350369968, "count": 1, "average_speedup": 1.8073479350369968}, "43": {"total_speedup": 1.0487945638925253, "count": 1, "average_speedup": 1.0487945638925253}, "62": {"total_speedup": 148.2951686241879, "count": 3, "average_speedup": 49.4317228747293}, "18": {"total_speedup": 1.0401821987397981, "count": 1, "average_speedup": 1.0401821987397981}, "13": {"total_speedup": 5.954939341421144, "count": 1, "average_speedup": 5.954939341421144}, "55": {"total_speedup": 67.96451159910555, "count": 2, "average_speedup": 33.982255799552775}, "54": {"total_speedup": 1.0380915163038547, "count": 1, "average_speedup": 1.0380915163038547}, "15": {"total_speedup": 1.240324532767407, "count": 1, "average_speedup": 1.240324532767407}, "61": {"total_speedup": 1.0334170898371815, "count": 1, "average_speedup": 1.0334170898371815}, "47": {"total_speedup": 1.0826408911052179, "count": 1, "average_speedup": 1.0826408911052179}, "6": {"total_speedup": 1.0029559407877369, "count": 1, "average_speedup": 1.0029559407877369}, "51": {"total_speedup": 1.0212816609536242, "count": 1, "average_speedup": 1.0212816609536242}, "63": {"total_speedup": 1.0, "count": 1, "average_speedup": 1.0}}