{"12.sql": {"63": 1.0688583850860596, "62": 1.063819408416748, "59": 1.0672376155853271, "58": 1.058927059173584, "55": 1.06736421585083, "54": 1.0702171325683594, "51": 1.0658600330352783, "50": 1.067225456237793, "47": 1.0677003860473633, "46": 1.0664308071136475, "43": 1.0682587623596191, "42": 1.059281826019287, "39": 1.0591909885406494, "38": 1.066582441329956, "35": 1.0566833019256592, "34": 1.0650060176849365, "opt": 35}, "7.sql": {"63": 0.9917201995849609, "62": 0.9653410911560059, "59": 0.9661180973052979, "58": 0.9848694801330566, "55": 0.9754891395568848, "54": 0.9747374057769775, "51": 0.9768273830413818, "50": 0.9655451774597168, "47": 0.964601993560791, "46": 0.9752342700958252, "43": 0.9724819660186768, "42": 0.9630298614501953, "39": 0.9730710983276367, "38": 0.9627606868743896, "35": 0.9733960628509521, "34": 0.96248459815979, "opt": 34}, "3.sql": {"63": 1.0249474048614502, "62": 1.0118515491485596, "59": 1.0277831554412842, "58": 1.0112414360046387, "54": 1.016334056854248, "51": 1.020409345626831, "50": 1.0098352432250977, "47": 1.0106170177459717, "46": 1.0195484161376953, "43": 1.0130424499511719, "42": 1.0172679424285889, "39": 1.0045950412750244, "38": 1.0158050060272217, "35": 1.01655912399292, "34": 1.0182580947875977, "opt": 39}, "19.sql": {"63": 0.14582180976867676, "62": 0.14009666442871094, "59": 0.09833002090454102, "58": 0.09852337837219238, "47": 0.08560562133789062, "46": 0.08068275451660156, "30": 0.0864400863647461, "26": 0.09200739860534668, "opt": 46}, "22.sql": {"63": 0.48743557929992676, "62": 0.4729146957397461, "59": 0.4791090488433838, "58": 0.4781622886657715, "55": 0.4770524501800537, "54": 0.4737212657928467, "51": 0.47998762130737305, "50": 0.4704298973083496, "47": 0.4730656147003174, "46": 0.4774901866912842, "43": 0.46475791931152344, "42": 0.4714479446411133, "39": 0.47840189933776855, "38": 0.4793424606323242, "35": 0.4740712642669678, "34": 0.46747660636901855, "opt": 43}, "14.sql": {"63": 0.7319152355194092, "62": 0.7108855247497559, "59": 0.7278621196746826, "58": 0.725217342376709, "55": 0.7289409637451172, "54": 0.7249529361724854, "50": 0.715442419052124, "46": 0.724616289138794, "43": 0.7152397632598877, "42": 0.724240779876709, "39": 0.7175788879394531, "38": 0.7247483730316162, "35": 0.728062629699707, "34": 0.7312707901000977, "opt": 62}, "6.sql": {"63": 0.6824777126312256, "62": 0.6663146018981934, "59": 0.6681334972381592, "58": 0.6642730236053467, "55": 0.6641840934753418, "54": 0.6616396903991699, "51": 0.6636455059051514, "50": 0.6616792678833008, "47": 0.6644537448883057, "46": 0.664503812789917, "43": 0.6620805263519287, "42": 0.6618731021881104, "39": 0.6676735877990723, "38": 0.6624510288238525, "35": 0.6579086780548096, "34": 0.6631221771240234, "30": 0.6645498275756836, "27": 0.667241096496582, "26": 0.6621568202972412, "23": 0.6639828681945801, "22": 0.6573011875152588, "19": 0.661632776260376, "18": 0.6561136245727539, "15": 0.6577436923980713, "14": 0.6639318466186523, "11": 0.6610589027404785, "10": 0.658332347869873, "7": 0.6615607738494873, "opt": 18}, "17.sql": {"63": 0.15401077270507812, "62": 0.10718417167663574, "61": 0.04016447067260742, "47": 0.03512907028198242, "45": 0.025887489318847656, "29": 0.025962352752685547, "13": 0.025862693786621094, "opt": 13}, "11.sql": {"63": 23.72548747062683, "62": 0.16334939002990723, "opt": 62}, "21.sql": {"55": 4.488439559936523, "opt": 55}, "20.sql": {"63": 14.580447912216187, "62": 7.211695671081543, "opt": 62}, "4.sql": {"63": 1.6663079261779785, "62": 1.6574020385742188, "61": 1.7241160869598389, "60": 1.7164814472198486, "59": 1.61195707321167, "58": 1.6172974109649658, "55": 1.6243562698364258, "54": 1.6051647663116455, "51": 1.624464511871338, "50": 1.6235716342926025, "47": 1.6257331371307373, "46": 1.615095615386963, "43": 1.633549690246582, "42": 1.6146471500396729, "39": 1.6130542755126953, "38": 1.6143946647644043, "35": 1.609283685684204, "34": 1.6207847595214844, "opt": 54}, "9.sql": {"63": 3.501758098602295, "62": 3.391697645187378, "55": 2.352996826171875, "54": 2.3675286769866943, "51": 2.3558521270751953, "50": 2.3515055179595947, "39": 2.3487274646759033, "38": 2.353201389312744, "35": 2.34460186958313, "34": 2.3512003421783447, "opt": 35}, "15.sql": {"63": 1.8432252407073975, "62": 1.5703577995300293, "59": 1.525383472442627, "58": 1.528712272644043, "55": 1.52443528175354, "54": 1.5291178226470947, "51": 1.5175981521606445, "50": 1.537163496017456, "47": 1.518437385559082, "46": 1.5169353485107422, "43": 1.5373656749725342, "42": 1.5332934856414795, "39": 1.5122003555297852, "38": 1.521179437637329, "34": 1.530893087387085, "31": 1.5340280532836914, "30": 1.5256836414337158, "27": 1.516383409500122, "26": 1.5372412204742432, "23": 1.5328493118286133, "22": 1.5254466533660889, "19": 1.5366125106811523, "18": 1.518017053604126, "15": 1.4860830307006836, "11": 1.5012478828430176, "10": 1.4935555458068848, "opt": 15}, "2.sql": {"63": 166.83560824394226, "62": 166.49260115623474, "61": 161.44072890281677, "opt": 61}, "8.sql": {"63": 0.6250731945037842, "62": 0.6074929237365723, "59": 0.6028389930725098, "58": 0.6182770729064941, "47": 0.577359676361084, "opt": 47}, "10.sql": {"63": 1.241185188293457, "59": 1.2271318435668945, "55": 1.2163097858428955, "54": 1.2399489879608154, "51": 1.219327449798584, "47": 1.2259938716888428, "43": 1.2237088680267334, "42": 1.2289369106292725, "39": 1.2129802703857422, "38": 1.2303895950317383, "35": 1.2321465015411377, "34": 1.2355015277862549, "opt": 39}, "1.sql": {"63": 4.319433689117432, "62": 4.321429491043091, "59": 4.328857421875, "58": 4.325928688049316, "55": 4.322832822799683, "54": 4.325541734695435, "51": 4.319889545440674, "50": 4.317458391189575, "47": 4.331653833389282, "46": 4.317704916000366, "43": 4.328090190887451, "42": 4.3279128074646, "39": 4.32483172416687, "38": 4.32494854927063, "35": 4.3210577964782715, "34": 4.32385778427124, "31": 4.331865549087524, "30": 4.328890085220337, "26": 4.327697515487671, "23": 4.322984457015991, "22": 4.30841326713562, "18": 4.306897878646851, "15": 4.322758436203003, "10": 4.319930553436279, "6": 4.306703329086304, "3": 4.315544128417969, "2": 4.315898180007935, "opt": 6}, "16.sql": {"63": 0.5893442630767822, "59": 0.5827784538269043, "58": 0.5814473628997803, "55": 0.5821115970611572, "54": 0.5841019153594971, "50": 0.5808086395263672, "47": 0.5815589427947998, "39": 0.5818848609924316, "38": 0.5823776721954346, "34": 0.5805501937866211, "opt": 34}, "13.sql": {"63": 0.94915771484375, "62": 0.9488351345062256, "59": 0.9581148624420166, "58": 0.9532675743103027, "55": 0.9545509815216064, "54": 0.9294335842132568, "51": 0.9293789863586426, "50": 0.9462072849273682, "47": 0.9618020057678223, "46": 0.9496052265167236, "43": 0.9553725719451904, "42": 0.9520440101623535, "39": 0.9525661468505859, "38": 0.9560976028442383, "35": 0.9542922973632812, "34": 0.9559657573699951, "opt": 51}, "18.sql": {"63": 7.899829864501953, "50": 7.92588210105896, "42": 7.9107255935668945, "opt": 63}, "5.sql": {"63": 1.0107908248901367, "62": 0.906590461730957, "59": 0.8978919982910156, "58": 0.908297061920166, "55": 0.8975727558135986, "54": 0.9099531173706055, "51": 0.900519847869873, "50": 0.907611608505249, "47": 0.9069712162017822, "46": 0.9003970623016357, "43": 0.9054780006408691, "39": 0.9066908359527588, "38": 0.9074060916900635, "35": 0.900564432144165, "34": 0.9090495109558105, "opt": 55}, "runtime": 4750.93751168251}