{"12.sql": {"63": 13.456270933151245, "62": 1.1647522449493408, "59": 1.0769906044006348, "58": 1.076904296875, "55": 1.0587477684020996, "54": 1.0670521259307861, "51": 1.0696220397949219, "50": 1.0516610145568848, "47": 1.0616812705993652, "46": 1.0548095703125, "42": 1.0610995292663574, "38": 1.0649240016937256, "opt": 50}, "7.sql": {"63": 1.3358221054077148, "62": 0.9692087173461914, "opt": 62}, "3.sql": {"63": 1.029146671295166, "62": 1.027360200881958, "opt": 62}, "19.sql": {"63": 2.3337392807006836, "62": 0.14090704917907715, "61": 0.15055060386657715, "59": 0.1125798225402832, "58": 0.08006668090820312, "47": 0.09483838081359863, "30": 0.0863656997680664, "11": 0.09184432029724121, "opt": 58}, "22.sql": {"63": 0.5467145442962646, "62": 0.4996531009674072, "opt": 62}, "14.sql": {"63": 0.744828462600708, "62": 0.7140617370605469, "opt": 62}, "6.sql": {"63": 0.673647403717041, "62": 0.674262523651123, "59": 0.663909912109375, "opt": 59}, "17.sql": {"63": 0.2626020908355713, "62": 0.10333943367004395, "61": 0.038047075271606445, "47": 0.03652596473693848, "45": 0.02686285972595215, "29": 0.026922941207885742, "13": 0.02679157257080078, "opt": 13}, "11.sql": {"63": 23.857440948486328, "62": 0.1803600788116455, "47": 0.17268085479736328, "15": 0.16521143913269043, "opt": 15}, "21.sql": {"55": 4.50135064125061, "54": 4.7062859535217285, "50": 5.07966947555542, "39": 5.512232303619385, "38": 5.057171106338501, "37": 5.384704351425171, "36": 5.5583953857421875, "35": 5.28186821937561, "34": 5.431235074996948, "33": 5.41640043258667, "32": 4.511120080947876, "opt": 55}, "20.sql": {"63": 20.438669443130493, "62": 7.222171068191528, "61": 7.2190821170806885, "47": 7.22015380859375, "46": 7.195870399475098, "31": 7.166916131973267, "30": 7.153717041015625, "15": 7.140908718109131, "13": 7.121966361999512, "12": 7.116634130477905, "opt": 12}, "4.sql": {"63": 1.6297495365142822, "62": 1.6132309436798096, "opt": 62}, "9.sql": {"63": 3.363649606704712, "62": 3.3980014324188232, "55": 2.342064619064331, "opt": 55}, "15.sql": {"63": 1.7906997203826904, "62": 1.5540995597839355, "opt": 62}, "2.sql": {"63": 166.6036446094513, "62": 166.40488290786743, "opt": 62}, "8.sql": {"63": 0.6202964782714844, "62": 0.5949151515960693, "opt": 62}, "10.sql": {"63": 1.2493350505828857, "62": 1.2250313758850098, "opt": 62}, "1.sql": {"63": 4.333295822143555, "62": 4.3280651569366455, "opt": 62}, "16.sql": {"63": 0.5950682163238525, "62": 0.586646318435669, "opt": 62}, "13.sql": {"63": 0.9471080303192139, "62": 0.9463586807250977, "opt": 62}, "18.sql": {"63": 7.955471515655518, "62": 7.964447736740112, "59": 7.936269998550415, "opt": 59}, "5.sql": {"63": 0.9147660732269287, "62": 0.9154598712921143, "59": 0.915041446685791, "58": 0.9063324928283691, "opt": 58}, "runtime": 3733.324285030365}