{"26b.sql": {"63": 4.046463966369629, "62": 3.6716599464416504, "58": 3.6595866680145264, "47": 3.0284218788146973, "opt": 47}, "10a.sql": {"63": 2.4121034145355225, "62": 2.2652904987335205, "30": 2.2132787704467773, "14": 2.2109382152557373, "opt": 14}, "26c.sql": {"63": 7.260711908340454, "55": 4.919523000717163, "54": 4.706566572189331, "50": 4.612933874130249, "opt": 50}, "10b.sql": {"63": 2.289614200592041, "62": 2.1289050579071045, "58": 2.1130220890045166, "opt": 58}, "27a.sql": {"63": 1.9936268329620361, "62": 1.825695514678955, "61": 0.7229547500610352, "opt": 61}, "10c.sql": {"63": 3.6696455478668213, "62": 3.5450217723846436, "15": 2.317429542541504, "14": 2.1711316108703613, "opt": 14}, "27b.sql": {"63": 0.6570315361022949, "57": 0.5954742431640625, "opt": 57}, "11a.sql": {"63": 0.3483743667602539, "62": 0.31580448150634766, "58": 0.27831578254699707, "opt": 58}, "28a.sql": {"63": 276.2766377925873, "62": 274.0917513370514, "59": 272.57122778892517, "58": 272.22554111480713, "55": 5.404372692108154, "opt": 55}, "11b.sql": {"63": 14.272588968276978, "61": 2.6861565113067627, "opt": 61}, "27c.sql": {"63": 1.887796401977539, "62": 1.741957664489746, "58": 1.747206211090088, "54": 1.644822359085083, "49": 1.2047247886657715, "38": 1.1235415935516357, "opt": 38}, "11c.sql": {"63": 0.2685987949371338, "62": 0.2589993476867676, "opt": 62}, "28b.sql": {"63": 2.4692633152008057, "62": 2.2437641620635986, "58": 2.156731367111206, "opt": 58}, "11d.sql": {"63": 0.3406233787536621, "62": 0.30223822593688965, "58": 0.30432605743408203, "46": 0.29074883460998535, "opt": 46}, "28c.sql": {"63": 131.1543972492218, "62": 130.53967666625977, "59": 3.6710708141326904, "opt": 59}, "12a.sql": {"63": 1.5282742977142334, "62": 1.45180344581604, "58": 1.3542702198028564, "42": 1.353656530380249, "opt": 42}, "31a.sql": {"63": 4.741543769836426, "62": 4.492879629135132, "opt": 62}, "12b.sql": {"63": 1.235896110534668, "62": 1.079111099243164, "58": 1.0774259567260742, "46": 1.0763483047485352, "opt": 46}, "31b.sql": {"63": 4.569735288619995, "62": 4.346035957336426, "46": 4.318197965621948, "opt": 46}, "12c.sql": {"63": 2.1862146854400635, "62": 1.917731523513794, "46": 1.9098012447357178, "opt": 46}, "31c.sql": {"63": 5.636095762252808, "62": 5.413007497787476, "opt": 62}, "13a.sql": {"63": 8.230896234512329, "62": 8.062549114227295, "55": 2.4502687454223633, "opt": 55}, "32a.sql": {"63": 0.024704456329345703, "opt": 63}, "13b.sql": {"63": 3.8890221118927, "62": 3.787825584411621, "55": 2.5256335735321045, "54": 2.3914546966552734, "opt": 54}, "32b.sql": {"63": 0.2867252826690674, "62": 0.27178192138671875, "opt": 62}, "13c.sql": {"63": 3.7468748092651367, "62": 3.639915704727173, "55": 2.2127513885498047, "opt": 55}, "33a.sql": {"63": 0.30840611457824707, "62": 0.2605903148651123, "42": 0.23012709617614746, "opt": 42}, "13d.sql": {"63": 7.859295129776001, "62": 7.759850025177002, "55": 3.6107053756713867, "opt": 55}, "33b.sql": {"63": 0.3249053955078125, "62": 0.2876913547515869, "59": 0.246659517288208, "58": 0.24257135391235352, "47": 0.21436858177185059, "46": 0.1939537525177002, "opt": 46}, "14a.sql": {"63": 4.250089645385742, "62": 4.041222333908081, "59": 3.3918049335479736, "58": 3.1665549278259277, "42": 3.1078522205352783, "opt": 42}, "33c.sql": {"63": 0.45151185989379883, "62": 0.39635181427001953, "59": 0.3878791332244873, "47": 0.37134337425231934, "46": 0.3196866512298584, "43": 0.2810709476470947, "opt": 43}, "14b.sql": {"63": 3.330505132675171, "62": 2.9535579681396484, "46": 2.925784111022949, "opt": 46}, "3a.sql": {"63": 2.6589863300323486, "62": 2.40522837638855, "46": 2.376960277557373, "opt": 46}, "14c.sql": {"63": 4.672884702682495, "62": 4.369140386581421, "59": 3.3034350872039795, "58": 3.0654659271240234, "opt": 58}, "3b.sql": {"63": 1.4212660789489746, "62": 1.2094597816467285, "46": 1.141244888305664, "opt": 46}, "15a.sql": {"63": 1.8919956684112549, "62": 1.6089181900024414, "58": 1.6131887435913086, "47": 1.5925304889678955, "46": 1.491556167602539, "opt": 46}, "3c.sql": {"63": 2.1182596683502197, "62": 1.683161973953247, "opt": 62}, "15b.sql": {"63": 1.5932772159576416, "62": 1.4671330451965332, "58": 1.4555237293243408, "46": 1.426508903503418, "opt": 46}, "4a.sql": {"63": 0.7815752029418945, "62": 0.7700953483581543, "59": 0.7585768699645996, "46": 0.7007715702056885, "42": 0.6620588302612305, "opt": 42}, "15c.sql": {"63": 1.9123005867004395, "62": 1.5205137729644775, "opt": 62}, "4b.sql": {"63": 0.5643100738525391, "62": 0.5178241729736328, "opt": 62}, "15d.sql": {"63": 2.110151767730713, "62": 1.9386224746704102, "46": 1.8865776062011719, "opt": 46}, "4c.sql": {"63": 0.7341294288635254, "62": 0.7054946422576904, "46": 0.6896135807037354, "opt": 46}, "16a.sql": {"63": 2.814929962158203, "62": 2.568211317062378, "opt": 62}, "5a.sql": {"63": 0.6173887252807617, "62": 0.5495388507843018, "58": 0.5448691844940186, "46": 0.5447149276733398, "opt": 46}, "16b.sql": {"63": 7.974740505218506, "55": 7.14786696434021, "54": 7.164276838302612, "51": 7.177174091339111, "50": 6.929011583328247, "39": 7.136589050292969, "38": 6.9153125286102295, "34": 7.084239959716797, "opt": 38}, "5b.sql": {"63": 0.3545041084289551, "62": 0.3009958267211914, "59": 0.3006875514984131, "58": 0.28664684295654297, "opt": 58}, "16c.sql": {"63": 3.7217917442321777, "46": 3.5438623428344727, "opt": 46}, "5c.sql": {"63": 1.7551167011260986, "62": 1.5692386627197266, "42": 1.57391357421875, "opt": 62}, "16d.sql": {"63": 3.8905398845672607, "62": 3.5605669021606445, "46": 3.511831760406494, "opt": 46}, "6a.sql": {"63": 2.619941234588623, "62": 2.4237751960754395, "58": 2.4270341396331787, "42": 2.4133353233337402, "opt": 42}, "17a.sql": {"63": 6.0178611278533936, "62": 5.979605674743652, "55": 4.543264389038086, "54": 4.346994638442993, "34": 4.363203763961792, "opt": 54}, "6b.sql": {"63": 3.6786904335021973, "62": 3.4386982917785645, "55": 3.1491053104400635, "54": 3.0501456260681152, "38": 2.8727216720581055, "34": 2.8578736782073975, "opt": 34}, "17b.sql": {"63": 4.569076776504517, "62": 4.4390435218811035, "50": 4.211376905441284, "opt": 50}, "6c.sql": {"63": 2.6006150245666504, "62": 2.3809876441955566, "42": 2.372561454772949, "opt": 42}, "17c.sql": {"63": 4.348992824554443, "62": 4.226237535476685, "55": 3.8735220432281494, "54": 3.4011828899383545, "opt": 54}, "6d.sql": {"63": 4.659821033477783, "62": 4.59265661239624, "55": 3.1608026027679443, "54": 2.912440299987793, "34": 2.894299268722534, "opt": 34}, "17d.sql": {"63": 4.338789463043213, "62": 4.300677061080933, "54": 3.6132683753967285, "opt": 54}, "6e.sql": {"63": 2.627782106399536, "62": 2.5809340476989746, "58": 2.4649925231933594, "42": 2.4149057865142822, "opt": 42}, "17e.sql": {"63": 6.136307001113892, "62": 5.869591951370239, "46": 5.850395441055298, "38": 5.88036036491394, "opt": 46}, "6f.sql": {"63": 4.808286190032959, "62": 4.627460718154907, "46": 4.578915596008301, "opt": 46}, "17f.sql": {"63": 6.176802635192871, "62": 6.115293979644775, "55": 4.662436246871948, "54": 4.594916343688965, "38": 4.598875999450684, "opt": 54}, "7a.sql": {"63": 2.9162397384643555, "62": 2.7617690563201904, "47": 2.604400634765625, "46": 2.4805219173431396, "opt": 46}, "18a.sql": {"63": 3.6943259239196777, "62": 3.472698211669922, "opt": 62}, "7b.sql": {"63": 2.5967938899993896, "62": 2.4017465114593506, "opt": 62}, "18b.sql": {"63": 4.042506217956543, "58": 3.8500919342041016, "46": 3.735797643661499, "opt": 46}, "7c.sql": {"63": 4.571098327636719, "62": 4.36092734336853, "55": 3.973203420639038, "54": 3.728229284286499, "50": 3.707773447036743, "47": 3.2180638313293457, "46": 3.0481834411621094, "opt": 46}, "18c.sql": {"63": 4.84204888343811, "62": 4.718187570571899, "46": 4.638394117355347, "opt": 46}, "8a.sql": {"63": 1.796316146850586, "62": 1.6203510761260986, "30": 1.5854589939117432, "14": 1.589353322982788, "opt": 30}, "19a.sql": {"63": 4.2168614864349365, "62": 3.777996301651001, "46": 3.7400035858154297,