{"26b.sql": {"speedup": 1.336162571891531, "speedupAbs": 1.0180420875549316, "opt": 47}, "10a.sql": {"speedup": 1.0909863504514605, "speedupAbs": 0.20116519927978516, "opt": 14}, "26c.sql": {"speedup": 1.573990025970063, "speedupAbs": 2.647778034210205, "opt": 50}, "10b.sql": {"speedup": 1.0835732444570516, "speedupAbs": 0.17659211158752441, "opt": 58}, "27a.sql": {"speedup": 2.7576094254774937, "speedupAbs": 1.270672082901001, "opt": 61}, "10c.sql": {"speedup": 1.6901994929711963, "speedupAbs": 1.49851393699646, "opt": 14}, "27b.sql": {"speedup": 1.1033752402306214, "speedupAbs": 0.06155729293823242, "opt": 57}, "11a.sql": {"speedup": 1.251723361040176, "speedupAbs": 0.07005858421325684, "opt": 58}, "28a.sql": {"speedup": 51.12094474831943, "speedupAbs": 270.8722651004791, "opt": 55}, "11b.sql": {"speedup": 5.31338695574877, "speedupAbs": 11.586432456970215, "opt": 61}, "27c.sql": {"speedup": 1.6802194176096426, "speedupAbs": 0.7642548084259033, "opt": 38}, "11c.sql": {"speedup": 1.037063596244944, "speedupAbs": 0.009599447250366211, "opt": 62}, "28b.sql": {"speedup": 1.1449100026343173, "speedupAbs": 0.3125319480895996, "opt": 58}, "11d.sql": {"speedup": 1.1715382426573753, "speedupAbs": 0.04987454414367676, "opt": 46}, "28c.sql": {"speedup": 35.72646889411958, "speedupAbs": 127.48332643508911, "opt": 59}, "12a.sql": {"speedup": 1.1289971003833101, "speedupAbs": 0.17461776733398438, "opt": 42}, "31a.sql": {"speedup": 1.0553462725973723, "speedupAbs": 0.24866414070129395, "opt": 62}, "12b.sql": {"speedup": 1.148230647163427, "speedupAbs": 0.1595478057861328, "opt": 46}, "31b.sql": {"speedup": 1.0582505306613053, "speedupAbs": 0.2515373229980469, "opt": 46}, "12c.sql": {"speedup": 1.1447341399877433, "speedupAbs": 0.2764134407043457, "opt": 46}, "31c.sql": {"speedup": 1.041213366978804, "speedupAbs": 0.22308826446533203, "opt": 62}, "13a.sql": {"speedup": 3.359181008160611, "speedupAbs": 5.780627489089966, "opt": 55}, "32a.sql": {"speedup": 1.0, "speedupAbs": 0.0, "opt": 63}, "13b.sql": {"speedup": 1.6262160923775593, "speedupAbs": 1.4975674152374268, "opt": 54}, "32b.sql": {"speedup": 1.0549829113213374, "speedupAbs": 0.014943361282348633, "opt": 62}, "13c.sql": {"speedup": 1.693310341439111, "speedupAbs": 1.534123420715332, "opt": 55}, "33a.sql": {"speedup": 1.340155590987782, "speedupAbs": 0.07827901840209961, "opt": 42}, "13d.sql": {"speedup": 2.1766647544081654, "speedupAbs": 4.248589754104614, "opt": 55}, "33b.sql": {"speedup": 1.6751694220412758, "speedupAbs": 0.1309516429901123, "opt": 46}, "14a.sql": {"speedup": 1.3675327344405492, "speedupAbs": 1.1422374248504639, "opt": 42}, "33c.sql": {"speedup": 1.6063981840652746, "speedupAbs": 0.1704409122467041, "opt": 43}, "14b.sql": {"speedup": 1.1383290790757348, "speedupAbs": 0.4047210216522217, "opt": 46}, "3a.sql": {"speedup": 1.11864988032732, "speedupAbs": 0.2820260524749756, "opt": 46}, "14c.sql": {"speedup": 1.5243636085906618, "speedupAbs": 1.6074187755584717, "opt": 58}, "3b.sql": {"speedup": 1.2453646833494612, "speedupAbs": 0.28002119064331055, "opt": 46}, "15a.sql": {"speedup": 1.2684709496742348, "speedupAbs": 0.4004395008087158, "opt": 46}, "3c.sql": {"speedup": 1.2585001925721133, "speedupAbs": 0.43509769439697266, "opt": 62}, "15b.sql": {"speedup": 1.1169066046798943, "speedupAbs": 0.16676831245422363, "opt": 46}, "4a.sql": {"speedup": 1.1805222847545227, "speedupAbs": 0.11951637268066406, "opt": 42}, "15c.sql": {"speedup": 1.2576673889458514, "speedupAbs": 0.3917868137359619, "opt": 62}, "4b.sql": {"speedup": 1.089771592955884, "speedupAbs": 0.04648590087890625, "opt": 62}, "15d.sql": {"speedup": 1.1185077999413615, "speedupAbs": 0.22357416152954102, "opt": 46}, "4c.sql": {"speedup": 1.0645518728247239, "speedupAbs": 0.04451584815979004, "opt": 46}, "16a.sql": {"speedup": 1.0960663335827177, "speedupAbs": 0.2467186450958252, "opt": 62}, "5a.sql": {"speedup": 1.1334162034402766, "speedupAbs": 0.07267379760742188, "opt": 46}, "16b.sql": {"speedup": 1.1532003032726548, "speedupAbs": 1.0594279766082764, "opt": 38}, "5b.sql": {"speedup": 1.2367277614939565, "speedupAbs": 0.06785726547241211, "opt": 58}, "16c.sql": {"speedup": 1.0502077632212408, "speedupAbs": 0.17792940139770508, "opt": 46}, "5c.sql": {"speedup": 1.118451095312817, "speedupAbs": 0.18587803840637207, "opt": 62}, "16d.sql": {"speedup": 1.1078377752688617, "speedupAbs": 0.3787081241607666, "opt": 46}, "6a.sql": {"speedup": 1.0856101136287521, "speedupAbs": 0.2066059112548828, "opt": 42}, "17a.sql": {"speedup": 1.3843727973883289, "speedupAbs": 1.6708664894104004, "opt": 54}, "6b.sql": {"speedup": 1.2872123990482525, "speedupAbs": 0.8208167552947998, "opt": 34}, "17b.sql": {"speedup": 1.0849365609145714, "speedupAbs": 0.3576998710632324, "opt": 50}, "6c.sql": {"speedup": 1.0961212487604566, "speedupAbs": 0.22805356979370117, "opt": 42}, "17c.sql": {"speedup": 1.2786706758463282, "speedupAbs": 0.9478099346160889, "opt": 54}, "6d.sql": {"speedup": 1.609999727337976, "speedupAbs": 1.765521764755249, "opt": 34}, "17d.sql": {"speedup": 1.2007935786299915, "speedupAbs": 0.7255210876464844, "opt": 54}, "6e.sql": {"speedup": 1.088150983394066, "speedupAbs": 0.2128763198852539, "opt": 42}, "17e.sql": {"speedup": 1.048870467464849, "speedupAbs": 0.28591156005859375, "opt": 46}, "6f.sql": {"speedup": 1.0500927761639924, "speedupAbs": 0.2293705940246582, "opt": 46}, "17f.sql": {"speedup": 1.3442687903723425, "speedupAbs": 1.5818862915039062, "opt": 54}, "7a.sql": {"speedup": 1.1756557029691188, "speedupAbs": 0.4357178211212158, "opt": 46}, "18a.sql": {"speedup": 1.0638200323612863, "speedupAbs": 0.22162771224975586, "opt": 62}, "7b.sql": {"speedup": 1.081210643008918, "speedupAbs": 0.19504737854003906, "opt": 62}, "18b.sql": {"speedup": 1.0820998896488503, "speedupAbs": 0.30670857429504395, "opt": 46}, "7c.sql": {"speedup": 1.4996139228070877, "speedupAbs": 1.5229148864746094, "opt": 46}, "18c.sql": {"speedup": 1.043906309151427, "speedupAbs": 0.20365476608276367, "opt": 46}, "8a.sql": {"speedup": 1.1329943907401874, "speedupAbs": 0.21085715293884277, "opt": 30}, "19a.sql": {"speedup": 1.1275019902194927, "speedupAbs": 0.47685790061950684, "opt": 46}, "8b.sql": {"speedup": 1.1472504268591146, "speedupAbs": 0.23855304718017578, "opt": 30}, "19b.sql": {"speedup": 1.0924728934280012, "speedupAbs": 0.2791860103607178, "opt": 46}, "8c.sql": {"speedup": 1.015236423397027, "speedupAbs": 0.10442471504211426, "opt": 47}, "19c.sql": {"speedup": 1.082263496909366, "speedupAbs": 0.30927205085754395, "opt": 46}, "8d.sql": {"speedup": 1.031166251091249, "speedupAbs": 0.11115288734436035, "opt": 62}, "19d.sql": {"speedup": 1.0110616438253162, "speedupAbs": 0.14906549453735352, "opt": 35}, "9a.sql": {"speedup": 1.061582167553291, "speedupAbs": 0.15877270698547363, "opt": 46}, "1a.sql": {"speedup": 1.3272327252195246, "speedupAbs": 0.03205680847167969, "opt": 62}, "9b.sql": {"speedup": 1.1170251259696993, "speedupAbs": 0.22330570220947266, "opt": 14}, "1b.sql": {"speedup": 1.2961307245321854, "speedupAbs": 0.02812790870666504, "opt": 62}, "9c.sql": {"speedup": 1.0900432076240039, "speedupAbs": 0.2516775131225586, "opt": 14}, "1c.sql": {"speedup": 1.2408715617058543, "speedupAbs": 0.026688575744628906, "opt": 46}, "9d.sql": {"speedup": 1.1341594249686808, "speedupAbs": 0.7210865020751953, "opt": 54}, "1d.sql": {"speedup": 1.3360136521231059, "speedupAbs": 0.031124353408813477, "opt": 62}, "20a.sql": {"speedup": 1.1625706677173993, "speedupAbs": 0.5367019176483154, "opt": 34}, "20b.sql": {"speedup": 1.144968457676809, "speedupAbs": 0.45151805877685547, "opt": 62}, "20c.sql": {"speedup": 1.0677554175805744, "speedupAbs": 0.22208309173583984, "opt": 46}, "21a.sql": {"speedup": 1.623046672100624, "speedupAbs": 1.1896886825561523, "opt": 55}, "21b.sql": {"speedup": 4.030007116912649, "speedupAbs": 1.3317599296569824, "opt": 47}, "21c.sql": {"speedup": 1.2767769762974912, "speedupAbs": 0.21320748329162598, "opt": 46},