{"1.sql": {"speedup": 1.0818829722620311, "speedupAbs": 0.17977356910705566, "opt": 18}, "10.sql": {"speedup": 1.215038978525924, "speedupAbs": 0.1475067138671875, "opt": 42}, "11.sql": {"speedup": 1.6496157718675992, "speedupAbs": 0.09829473495483398, "opt": 46}, "12.sql": {"speedup": 1.2366243392672702, "speedupAbs": 0.1392817497253418, "opt": 59}, "13.sql": {"speedup": 1.0, "speedupAbs": 0.0, "opt": 63}, "14.sql": {"speedup": 1.1537858612845127, "speedupAbs": 0.06422734260559082, "opt": 58}, "15.sql": {"speedup": 1.255503969993867, "speedupAbs": 0.2229914665222168, "opt": 10}, "16.sql": {"speedup": 1.106434178939856, "speedupAbs": 0.03911185264587402, "opt": 38}, "17.sql": {"speedup": 1.396331942560217, "speedupAbs": 0.007383108139038086, "opt": 61}, "18.sql": {"speedup": 1.1310047680261184, "speedupAbs": 0.5806355476379395, "opt": 37}, "19.sql": {"speedup": 2.1474598365276214, "speedupAbs": 0.06212139129638672, "opt": 62}, "2.sql": {"speedup": 1.4143818063804652, "speedupAbs": 23.598958730697632, "opt": 54}, "20.sql": {"speedup": 1.0157243029995089, "speedupAbs": 0.07583475112915039, "opt": 46}, "21.sql": {"speedup": 111.97193269463591, "speedupAbs": 297.32075715065, "opt": 55}, "22.sql": {"speedup": 1.1136214787169643, "speedupAbs": 0.033875465393066406, "opt": 62}, "3.sql": {"speedup": 1.1500562987814542, "speedupAbs": 0.09503459930419922, "opt": 54}, "4.sql": {"speedup": 1.1323272246583778, "speedupAbs": 0.11885619163513184, "opt": 62}, "5.sql": {"speedup": 1.1573853521909812, "speedupAbs": 0.07856130599975586, "opt": 43}, "6.sql": {"speedup": 1.291440172976488, "speedupAbs": 0.11797142028808594, "opt": 6}, "7.sql": {"speedup": 1.2089404867815547, "speedupAbs": 0.11417222023010254, "opt": 42}, "8.sql": {"speedup": 1.3419856210183077, "speedupAbs": 0.10217070579528809, "opt": 46}, "9.sql": {"speedup": 1.275818430874097, "speedupAbs": 0.3555872440338135, "opt": 35}, "avrgTOT": {"speedup": 6.293058931330415, "speedupAbs": 323.5531072616577, "speedupAvg": 14.706959420984441, "pg_def": 403.2178568840027, "runtime": 7578.994755268097, "factor": 0.04269076806482266}, "18": {"total_speedup": 1.0818829722620311, "count": 1, "average_speedup": 1.0818829722620311}, "42": {"total_speedup": 2.423979465307479, "count": 2, "average_speedup": 1.2119897326537394}, "46": {"total_speedup": 4.007325695885416, "count": 3, "average_speedup": 1.3357752319618053}, "59": {"total_speedup": 1.2366243392672702, "count": 1, "average_speedup": 1.2366243392672702}, "63": {"total_speedup": 1.0, "count": 1, "average_speedup": 1.0}, "58": {"total_speedup": 1.1537858612845127, "count": 1, "average_speedup": 1.1537858612845127}, "10": {"total_speedup": 1.255503969993867, "count": 1, "average_speedup": 1.255503969993867}, "38": {"total_speedup": 1.106434178939856, "count": 1, "average_speedup": 1.106434178939856}, "61": {"total_speedup": 1.396331942560217, "count": 1, "average_speedup": 1.396331942560217}, "37": {"total_speedup": 1.1310047680261184, "count": 1, "average_speedup": 1.1310047680261184}, "62": {"total_speedup": 4.393408539902964, "count": 3, "average_speedup": 1.464469513300988}, "54": {"total_speedup": 2.564438105161919, "count": 2, "average_speedup": 1.2822190525809596}, "55": {"total_speedup": 111.97193269463591, "count": 1, "average_speedup": 111.97193269463591}, "43": {"total_speedup": 1.1573853521909812, "count": 1, "average_speedup": 1.1573853521909812}, "6": {"total_speedup": 1.291440172976488, "count": 1, "average_speedup": 1.291440172976488}, "35": {"total_speedup": 1.275818430874097, "count": 1, "average_speedup": 1.275818430874097}}