{"1.sql": {"63": 2.375267505645752, "62": 2.2108161449432373, "58": 2.213599681854248, "54": 2.213930130004883, "50": 2.1980674266815186, "46": 2.199312448501587, "26": 2.200260877609253, "18": 2.1954939365386963, "14": 2.1959683895111084, "opt": 18}, "10.sql": {"63": 0.8334600925445557, "62": 0.7491540908813477, "54": 0.7401485443115234, "50": 0.7436745166778564, "42": 0.6859533786773682, "opt": 42}, "11.sql": {"63": 0.24960684776306152, "62": 0.17943596839904785, "58": 0.17085003852844238, "46": 0.15131211280822754, "opt": 46}, "12.sql": {"63": 0.7279014587402344, "62": 0.643444299697876, "59": 0.5886197090148926, "opt": 59}, "13.sql": {"63": 0.5607335567474365, "62": 0.5658516883850098, "opt": 63}, "14.sql": {"63": 0.4818687438964844, "62": 0.46862125396728516, "59": 0.4307372570037842, "58": 0.41764140129089355, "opt": 58}, "15.sql": {"63": 1.09574294090271, "62": 0.9236800670623779, "58": 0.9104487895965576, "54": 0.9022183418273926, "50": 0.9111297130584717, "46": 0.8867142200469971, "34": 0.8938524723052979, "22": 0.8983266353607178, "18": 0.8906865119934082, "14": 0.8860821723937988, "10": 0.8727514743804932, "opt": 10}, "16.sql": {"63": 0.4065864086151123, "59": 0.4079859256744385, "55": 0.3856544494628906, "51": 0.384411096572876, "47": 0.3850727081298828, "39": 0.3853316307067871, "38": 0.3674745559692383, "opt": 38}, "17.sql": {"63": 0.02601170539855957, "61": 0.018628597259521484, "opt": 61}, "18.sql": {"63": 5.01280665397644, "62": 5.010648965835571, "61": 4.757548809051514, "60": 4.594442367553711, "56": 4.5502729415893555, "45": 4.506303071975708, "37": 4.432171106338501, "opt": 37}, "19.sql": {"63": 0.11625957489013672, "62": 0.05413818359375, "opt": 62}, "2.sql": {"63": 80.54875326156616, "61": 79.16056776046753, "55": 57.24679636955261, "54": 56.94979453086853, "opt": 54}, "20.sql": {"63": 4.898608207702637, "61": 4.898510217666626, "46": 4.822773456573486, "opt": 46}, "21.sql": {"55": 2.6792428493499756, "opt": 55}, "22.sql": {"63": 0.3320186138153076, "62": 0.2981431484222412, "opt": 62}, "3.sql": {"63": 0.7283608913421631, "62": 0.7138888835906982, "59": 0.6663341522216797, "58": 0.6383771896362305, "54": 0.6333262920379639, "opt": 54}, "4.sql": {"63": 1.0170552730560303, "62": 0.8981990814208984, "60": 0.9294521808624268, "56": 0.9362242221832275, "54": 0.9138407707214355, "52": 0.9354948997497559, "46": 0.9109656810760498, "44": 0.9301533699035645, "43": 0.9170200824737549, "39": 0.9368951320648193, "35": 0.9369750022888184, "34": 0.9120335578918457, "33": 0.9341609477996826, "32": 0.9257755279541016, "opt": 62}, "5.sql": {"63": 0.5777266025543213, "62": 0.5434932708740234, "58": 0.529066801071167, "55": 0.5138189792633057, "51": 0.5050349235534668, "50": 0.5034148693084717, "43": 0.49916529655456543, "opt": 43}, "6.sql": {"63": 0.522759199142456, "62": 0.4740715026855469, "58": 0.46306514739990234, "55": 0.46120667457580566, "54": 0.4381272792816162, "50": 0.4306764602661133, "46": 0.42472219467163086, "43": 0.4224095344543457, "42": 0.41452956199645996, "6": 0.4047877788543701, "opt": 6}, "7.sql": {"63": 0.6606063842773438, "62": 0.5651633739471436, "59": 0.5636594295501709, "58": 0.5485990047454834, "55": 0.5509469509124756, "42": 0.5464341640472412, "opt": 42}, "8.sql": {"63": 0.4009280204772949, "62": 0.36132192611694336, "58": 0.3599975109100342, "47": 0.3330411911010742, "46": 0.29875731468200684, "opt": 46}, "9.sql": {"63": 1.6447949409484863, "62": 1.5233864784240723, "55": 1.3109798431396484, "54": 1.3282639980316162, "50": 1.3403751850128174, "39": 1.3487207889556885, "35": 1.2892076969146729, "34": 1.3107118606567383, "opt": 35}, "runtime": 7578.994755268097}