{"10c.sql": {"63": 54.51022028923035, "62": 47.637227058410645, "opt": 62}, "22d.sql": {"63": 115.84163570404053, "49": 27.302252054214478, "59": 11.617253541946411, "opt": 59}, "11a.sql": {"63": 4.51264500617981, "60": 2.592449426651001, "49": 2.1998801231384277, "62": 0.46567749977111816, "47": 0.453319787979126, "46": 0.4509584903717041, "42": 0.45286059379577637, "43": 0.4530773162841797, "opt": 46}, "14b.sql": {"63": 42.452065229415894, "47": 24.32790780067444, "51": 15.468233585357666, "39": 7.862105369567871, "55": 5.6912548542022705, "38": 5.688740968704224, "50": 5.672388792037964, "46": 5.330620765686035, "58": 5.241169691085815, "43": 5.244328022003174, "opt": 58}, "15c.sql": {"63": 55.61616778373718, "60": 5.778544902801514, "49": 5.71565580368042, "62": 2.8298141956329346, "47": 2.785548210144043, "46": 2.7813801765441895, "42": 2.7996554374694824, "opt": 46}, "11c.sql": {"63": 4.243863105773926, "49": 2.2077271938323975, "62": 0.48072147369384766, "47": 0.46991562843322754, "46": 0.4703035354614258, "42": 0.4679732322692871, "43": 0.46782803535461426, "58": 0.4745924472808838, "59": 0.47466397285461426, "opt": 43}, "31b.sql": {"63": 79.81816530227661, "49": 78.17104697227478, "opt": 49}, "7c.sql": {"63": 116.21746635437012, "47": 100.01924085617065, "opt": 47}, "24b.sql": {"63": 87.15393090248108, "60": 80.05282282829285, "opt": 60}, "17b.sql": {"63": 184.45440983772278, "62": 129.7540946006775, "opt": 62}, "22a.sql": {"63": 118.65801334381104, "49": 34.532281160354614, "62": 19.327197551727295, "opt": 62}, "13d.sql": {"63": 158.5565948486328, "60": 65.42479944229126, "62": 21.33048725128174, "opt": 62}, "8c.sql": {"63": 78.08136630058289, "opt": 63}, "16b.sql": {"63": 188.9907214641571, "47": 130.37458443641663, "opt": 47}, "17e.sql": {"63": 213.43593645095825, "49": 99.92809391021729, "47": 77.2149453163147, "51": 62.59349489212036, "39": 60.48709011077881, "opt": 39}, "16d.sql": {"63": 133.4460575580597, "49": 48.06758117675781, "opt": 49}, "9c.sql": {"63": 128.7476625442505, "49": 103.04272150993347, "opt": 49}, "8d.sql": {"63": 55.008415937423706, "47": 52.88000822067261, "opt": 47}, "2a.sql": {"63": 28.965988397598267, "49": 28.521543741226196, "opt": 49}, "23b.sql": {"63": 40.38865113258362, "60": 14.966629266738892, "47": 10.330801248550415, "48": 5.738973379135132, "56": 5.386202335357666, "46": 2.6071832180023193, "opt": 46}, "2b.sql": {"63": 9.966644763946533, "62": 1.825070858001709, "47": 1.0144250392913818, "46": 1.0161011219024658, "opt": 47}, "19c.sql": {"63": 96.16446685791016, "60": 95.81978702545166, "opt": 60}, "32a.sql": {"63": 0.054032087326049805, "62": 0.044492483139038086, "opt": 62}, "2d.sql": {"63": 57.3203399181366, "62": 1.6309399604797363, "47": 1.2255711555480957, "46": 1.2203974723815918, "opt": 46}, "15b.sql": {"63": 13.902567863464355, "49": 5.643287181854248, "opt": 49}, "23c.sql": {"63": 27.504557371139526, "60": 17.050844430923462, "49": 6.98875880241394, "47": 3.6067659854888916, "59": 3.367523431777954, "42": 2.6314890384674072, "43": 2.6068673133850098, "46": 2.5674355030059814, "opt": 46}, "9d.sql": {"60": 271.257404088974, "opt": 60}, "11b.sql": {"63": 74.10042214393616, "60": 4.25306510925293, "49": 2.9194912910461426, "47": 0.4573521614074707, "59": 0.4566516876220703, "58": 0.45959973335266113, "46": 0.45325541496276855, "42": 0.4559326171875, "43": 0.45014095306396484, "opt": 43}, "1a.sql": {"63": 0.18088817596435547, "62": 0.15834903717041016, "opt": 62}, "12c.sql": {"63": 23.09095811843872, "62": 9.591893672943115, "47": 4.110249996185303, "59": 4.074593544006348, "46": 3.5865397453308105, "opt": 46}, "33c.sql": {"63": 10.639350414276123, "62": 0.622016191482544, "47": 0.465221643447876, "46": 0.46335434913635254, "42": 0.4542121887207031, "43": 0.45618391036987305, "opt": 42}, "5c.sql": {"63": 25.760393142700195, "49": 14.170131206512451, "62": 3.176253080368042, "47": 2.8530149459838867, "46": 2.8556673526763916, "opt": 47}, "10a.sql": {"63": 128.67934584617615, "62": 92.24628639221191, "opt": 62}, "25a.sql": {"63": 119.26427459716797, "62": 104.36478352546692, "opt": 62}, "30c.sql": {"63": 64.91470170021057, "51": 56.76679563522339, "opt": 51}, "19b.sql": {"63": 72.23647022247314, "49": 45.295159339904785, "opt": 49}, "8b.sql": {"63": 92.69509196281433, "62": 75.11951565742493, "opt": 62}, "18a.sql": {"63": 132.01177263259888, "49": 130.93999481201172, "opt": 49}, "14c.sql": {"63": 65.903244972229, "49": 33.376924991607666, "47": 15.083277225494385, "59": 8.745077133178711, "42": 6.674037456512451, "43": 5.545700311660767, "opt": 43}, "27c.sql": {"63": 23.414022207260132, "62": 3.213980197906494, "47": 3.1831343173980713, "46": 3.193197250366211, "49": 2.3185598850250244, "48": 2.29682993888855, "40": 2.258209466934204, "25": 1.0076727867126465, "opt": 25}, "29c.sql": {"63": 101.51189970970154, "49": 98.5181622505188, "opt": 49}, "31c.sql": {"63": 175.4435567855835, "62": 157.11808967590332, "opt": 62}, "18c.sql": {"63": 136.27104234695435, "49": 123.62832474708557, "opt": 49}, "25b.sql": {"63": 55.91779708862305, "47": 47.124274015426636, "opt": 47}, "21c.sql": {"63": 1.5273559093475342, "62": 1.4402961730957031, "opt": 62}, "17c.sql": {"63": 171.01108121871948, "62": 58.443615198135376, "51": 53.71640920639038, "38": 46.15338587760925, "opt": 38}, "27b.sql": {"63": 1.3408968448638916, "62": 1.2610599994659424, "opt": 62}, "17a.sql": {"63": 92.81630849838257, "47": 73.03498411178589, "opt": 47}, "10b.sql": {"63": 32.1292200088501, "opt": 63}, "6d.sql": {"63": 141.1932554244995, "62": 79.31427073478699, "49": 47.91618084907532, "51": 47.01349639892578, "opt": 51}, "17f.sql": {"63": 198.81227350234985, "49": 189.93789911270142, "opt": 49}, "13b.sql": {"63": 83.58514833450317, "60": 49.407808780670166, "49": 24.90544104576111, "62": 8.273363590240479, "47": 8.225965976715088, "51": 7.337165832519531, "55": 6.172809839248657, "opt": 55}, "24a.sql": {"63": 82.70593762397766, "62": 68.1914176940918, "opt": 62}, "20c.sql": {"63": 108.92040705680847, "62": 88.48606729507446, "opt": 62}, "28b.sql": {"63": 10.34890866279602, "62": 7.906665086746216, "opt": 62}, "25c.sql": {"63": 115.91451001167297, "62": 87.22803401947021, "opt": 62}, "28c.sql": {"63": 284.27246022224426, "49": 21.922772884368896, "38": 20.00377058982849, "43": 15.512431859970093, "34": 15.27288031578064, "opt": 34}, "23a.sql": {"63": 92.12086391448975, "60": 9.787296295166016, "57": 5.619154930114746, "46": 5.027538537979126, "42": 2.734201669692993, "43": 2.5142457485198975, "opt": 43}, "14a.sql": {"63": 142.81732296943665, "60": 64.32301092147827, "49": 28.345611095428467, "48": 15.794532060623169, "39": 9.73270583152771, "38": 8.472604036331177, "43": 6.343881845474243, "opt": 43}, "2c.sql": {"63": 21.548404455184937, "49": 8.864463329315186, "62": 1.0453238487243652, "47": 0.9744267463684082, "46": 0.9743053913116455, "35": 0.8981213569641113, "opt": 35}, "11d.sql": {"63": 3.942399501800537, "62": 0.4725072383880615, "47": 0.4688878059387207, "46": 0.4648263454437256, "42": 0.472761869430542, "43": 0.4727671146392822, "opt": 46}, "26a.sql": {"63": 203.4878213405609, "62": 164.97373151779175, "opt": 62}, "1c.sql": {"63": 2.587223768234253, "62": 0.16148900985717773, "47": 0.15061235427856445, "42": 0.14829301834106445, "43": 0.1482553482055664, "59": 0.14924979209899902, "58": 0.15325117111206055, "opt": 43}, "7b.sql": {"63": 37.61086130142212, "opt": 63}, "7a.sql": {"63": 44.10118651390076, "47": 38.473005294799805, "opt": 47}, "30b.sql": {"63": 36.82862186431885, "opt": 63}, "3a.sql": {"63": 29.456910610198975, "60": 14.275874137878418, "49": 11.387954711914062, "62": 4.32217812538147, "47": 4.0967183113098145, "opt": 47}, "6b.sql": {"63": 175.23552131652832, "60": 132.51916527748108, "opt": 60}, "1d.sql": {"63": 1.415482997894287, "62": 0.15471720695495605, "47": 0.1493973731994629, "59": 0.14855241775512695, "42": 0.14814519882202148, "46": 0.145918607711792, "43": 0.14908885955810547, "58": 0.1482524871826172,