{"26b.sql": {"speedup": 1.1317994655285395, "speedupAbs": 0.5031311511993408, "opt": 62}, "10a.sql": {"speedup": 1.0275465001341204, "speedupAbs": 0.06233620643615723, "opt": 46}, "26c.sql": {"speedup": 1.4562328004922045, "speedupAbs": 2.2106494903564453, "opt": 55}, "10b.sql": {"speedup": 1.0316084076069683, "speedupAbs": 0.06693434715270996, "opt": 62}, "27a.sql": {"speedup": 2.6190791876195525, "speedupAbs": 1.1278817653656006, "opt": 61}, "10c.sql": {"speedup": 1.0439031598068884, "speedupAbs": 0.15428924560546875, "opt": 62}, "27b.sql": {"speedup": 1.0101310429477552, "speedupAbs": 0.007184743881225586, "opt": 62}, "11a.sql": {"speedup": 1.0094137971561772, "speedupAbs": 0.0023488998413085938, "opt": 62}, "28a.sql": {"speedup": 1.0253081779707875, "speedupAbs": 6.885815143585205, "opt": 62}, "11b.sql": {"speedup": 6.32330253307063, "speedupAbs": 12.789843082427979, "opt": 61}, "27c.sql": {"speedup": 1.082155577426808, "speedupAbs": 0.14201879501342773, "opt": 62}, "11c.sql": {"speedup": 1.0057190719459805, "speedupAbs": 0.0014765262603759766, "opt": 62}, "28b.sql": {"speedup": 1.0594054504033188, "speedupAbs": 0.13245272636413574, "opt": 62}, "11d.sql": {"speedup": 1.0, "speedupAbs": 0.0, "opt": 63}, "28c.sql": {"speedup": 35.47699310007717, "speedupAbs": 126.52559423446655, "opt": 59}, "12a.sql": {"speedup": 1.0481180706419957, "speedupAbs": 0.06860804557800293, "opt": 62}, "31a.sql": {"speedup": 1.0, "speedupAbs": 0.0, "opt": 63}, "12b.sql": {"speedup": 1.1310147289217236, "speedupAbs": 0.13908720016479492, "opt": 62}, "31b.sql": {"speedup": 1.0046313587183064, "speedupAbs": 0.019764184951782227, "opt": 62}, "12c.sql": {"speedup": 1.0661953206353705, "speedupAbs": 0.132537841796875, "opt": 62}, "31c.sql": {"speedup": 1.038678633314625, "speedupAbs": 0.2105100154876709, "opt": 62}, "13a.sql": {"speedup": 3.1937615787629756, "speedupAbs": 5.423721075057983, "opt": 55}, "32a.sql": {"speedup": 1.0328724263221638, "speedupAbs": 0.0007765293121337891, "opt": 62}, "13b.sql": {"speedup": 1.5212485694378766, "speedupAbs": 1.2435681819915771, "opt": 55}, "32b.sql": {"speedup": 1.1358597347202781, "speedupAbs": 0.034203529357910156, "opt": 62}, "13c.sql": {"speedup": 1.6578998795103925, "speedupAbs": 1.4198930263519287, "opt": 55}, "33a.sql": {"speedup": 1.0218272276911955, "speedupAbs": 0.004895210266113281, "opt": 62}, "13d.sql": {"speedup": 2.1363815745463914, "speedupAbs": 4.106856822967529, "opt": 55}, "33b.sql": {"speedup": 1.0757384175705513, "speedupAbs": 0.022006988525390625, "opt": 62}, "14a.sql": {"speedup": 1.1506434016276603, "speedupAbs": 0.5269880294799805, "opt": 59}, "33c.sql": {"speedup": 1.0898256696759883, "speedupAbs": 0.0344846248626709, "opt": 58}, "14b.sql": {"speedup": 1.0764350674126917, "speedupAbs": 0.22500348091125488, "opt": 62}, "3a.sql": {"speedup": 1.0874392804678203, "speedupAbs": 0.2048938274383545, "opt": 62}, "14c.sql": {"speedup": 1.3366412828358425, "speedupAbs": 1.1075031757354736, "opt": 59}, "3b.sql": {"speedup": 1.0716241251927505, "speedupAbs": 0.0824587345123291, "opt": 62}, "15a.sql": {"speedup": 1.077193820394914, "speedupAbs": 0.1142125129699707, "opt": 62}, "3c.sql": {"speedup": 1.0295341262003503, "speedupAbs": 0.04827141761779785, "opt": 62}, "15b.sql": {"speedup": 1.0132160237538987, "speedupAbs": 0.018791675567626953, "opt": 62}, "4a.sql": {"speedup": 1.0716307305733574, "speedupAbs": 0.04012727737426758, "opt": 62}, "15c.sql": {"speedup": 1.033512543134015, "speedupAbs": 0.05062294006347656, "opt": 62}, "4b.sql": {"speedup": 1.069601762849679, "speedupAbs": 0.029633283615112305, "opt": 62}, "15d.sql": {"speedup": 1.0397740447375534, "speedupAbs": 0.07402300834655762, "opt": 62}, "4c.sql": {"speedup": 1.0540826676913158, "speedupAbs": 0.03167843818664551, "opt": 62}, "16a.sql": {"speedup": 1.02355332637319, "speedupAbs": 0.0603175163269043, "opt": 62}, "5a.sql": {"speedup": 1.0, "speedupAbs": 0.0, "opt": 63}, "16b.sql": {"speedup": 1.149519945541664, "speedupAbs": 1.0526463985443115, "opt": 55}, "5b.sql": {"speedup": 1.305621057920742, "speedupAbs": 0.08265852928161621, "opt": 62}, "16c.sql": {"speedup": 1.0055867891406025, "speedupAbs": 0.019268035888671875, "opt": 62}, "5c.sql": {"speedup": 1.1133000600774094, "speedupAbs": 0.17935895919799805, "opt": 62}, "16d.sql": {"speedup": 1.0115843803951494, "speedupAbs": 0.03996562957763672, "opt": 62}, "6a.sql": {"speedup": 1.0266689839361736, "speedupAbs": 0.06446361541748047, "opt": 58}, "17a.sql": {"speedup": 1.2856144223576935, "speedupAbs": 1.285264492034912, "opt": 55}, "6b.sql": {"speedup": 1.130876714385492, "speedupAbs": 0.3994448184967041, "opt": 55}, "17b.sql": {"speedup": 1.1662526548403802, "speedupAbs": 0.6160266399383545, "opt": 50}, "6c.sql": {"speedup": 1.021313617948134, "speedupAbs": 0.051062583923339844, "opt": 62}, "17c.sql": {"speedup": 1.1311424618564834, "speedupAbs": 0.4857137203216553, "opt": 55}, "6d.sql": {"speedup": 1.4673253269431255, "speedupAbs": 1.4353234767913818, "opt": 55}, "17d.sql": {"speedup": 1.1236417719534848, "speedupAbs": 0.46433043479919434, "opt": 54}, "6e.sql": {"speedup": 1.0363960735840843, "speedupAbs": 0.0872201919555664, "opt": 42}, "17e.sql": {"speedup": 1.0, "speedupAbs": 0.0, "opt": 63}, "6f.sql": {"speedup": 1.0460871616305303, "speedupAbs": 0.21396088600158691, "opt": 62}, "17f.sql": {"speedup": 1.2511742681702176, "speedupAbs": 1.1625492572784424, "opt": 55}, "7a.sql": {"speedup": 1.0458181439879344, "speedupAbs": 0.11991453170776367, "opt": 47}, "18a.sql": {"speedup": 1.0035537440861937, "speedupAbs": 0.012336015701293945, "opt": 46}, "7b.sql": {"speedup": 1.0723902958244556, "speedupAbs": 0.17408347129821777, "opt": 62}, "18b.sql": {"speedup": 1.0, "speedupAbs": 0.0, "opt": 63}, "7c.sql": {"speedup": 1.0112160071997665, "speedupAbs": 0.050256967544555664, "opt": 62}, "18c.sql": {"speedup": 1.051434974842967, "speedupAbs": 0.23640847206115723, "opt": 62}, "8a.sql": {"speedup": 1.0224883091602364, "speedupAbs": 0.035883426666259766, "opt": 30}, "19a.sql": {"speedup": 1.0660077641868189, "speedupAbs": 0.2520327568054199, "opt": 62}, "8b.sql": {"speedup": 1.0299268159456543, "speedupAbs": 0.0488276481628418, "opt": 30}, "19b.sql": {"speedup": 1.0001556404999685, "speedupAbs": 0.00046253204345703125, "opt": 46}, "8c.sql": {"speedup": 1.0016854195672573, "speedupAbs": 0.01160120964050293, "opt": 47}, "19c.sql": {"speedup": 1.075938300865466, "speedupAbs": 0.28792738914489746, "opt": 62}, "8d.sql": {"speedup": 1.0, "speedupAbs": 0.0, "opt": 63}, "19d.sql": {"speedup": 1.0399363114681015, "speedupAbs": 0.5359823703765869, "opt": 55}, "9a.sql": {"speedup": 1.0609385909718647, "speedupAbs": 0.1583104133605957, "opt": 62}, "1a.sql": {"speedup": 1.018632080878476, "speedupAbs": 0.0015501976013183594, "opt": 62}, "9b.sql": {"speedup": 1.0126871190803481, "speedupAbs": 0.024311065673828125, "opt": 14}, "1b.sql": {"speedup": 1.0057065989089007, "speedupAbs": 0.0004551410675048828, "opt": 62}, "9c.sql": {"speedup": 1.025782594049713, "speedupAbs": 0.07458066940307617, "opt": 62}, "1c.sql": {"speedup": 1.1590172379860846, "speedupAbs": 0.013099431991577148, "opt": 62}, "9d.sql": {"speedup": 1.055487040265324, "speedupAbs": 0.3069162368774414, "opt": 55}, "1d.sql": {"speedup": 1.11660324037553, "speedupAbs": 0.009620904922485352, "opt": 62}, "20a.sql": {"speedup": 1.0346261049846708, "speedupAbs": 0.12418079376220703, "opt": 46}, "20b.sql": {"speedup": 1.0, "speedupAbs": 0.0, "opt": 63}, "20c.sql": {"speedup": 1.0436221166025272, "speedupAbs": 0.14501500129699707, "opt": 62}, "21a.sql": {"speedup": 1.0264904872631921, "speedupAbs": 0.07093000411987305, "opt": 62}, "21b.sql": {"speedup": 1.0521646840876249, "speedupAbs": 0.07422399520874023, "opt": 62}, "21c.sql": {"speedup": 1.0705693755690264, "speedupAbs": 0.05492281913757324, "opt": 62}, "22a.sql": {"speedup": 1.0936338581130314, "speedupAbs": 0.23977446556091309, "opt": 58}, "22b.sql": {"speedup": 1.0584332675522334, "speedupAbs": 0.13838863372802734,