{"26b.sql": {"63": 4.32053017616272, "62": 3.817399024963379, "opt": 62}, "10a.sql": {"63": 2.3252809047698975, "46": 2.2629446983337402, "opt": 46}, "26c.sql": {"63": 7.05609130859375, "55": 4.845441818237305, "opt": 55}, "10b.sql": {"63": 2.18454647064209, "62": 2.11761212348938, "opt": 62}, "27a.sql": {"63": 1.8245010375976562, "61": 0.6966192722320557, "opt": 61}, "10c.sql": {"63": 3.66859769821167, "62": 3.514308452606201, "opt": 62}, "27b.sql": {"63": 0.7163658142089844, "62": 0.7091810703277588, "opt": 62}, "11a.sql": {"63": 0.2518656253814697, "62": 0.24951672554016113, "opt": 62}, "28a.sql": {"63": 278.96447491645813, "62": 272.0786597728729, "opt": 62}, "11b.sql": {"63": 15.192457437515259, "61": 2.4026143550872803, "opt": 61}, "27c.sql": {"63": 1.8706755638122559, "62": 1.7286567687988281, "opt": 62}, "11c.sql": {"63": 0.25965237617492676, "62": 0.2581758499145508, "59": 0.26137828826904297, "58": 0.2584095001220703, "opt": 62}, "28b.sql": {"63": 2.3620920181274414, "62": 2.2296392917633057, "opt": 62}, "11d.sql": {"63": 0.2567403316497803, "62": 0.25893425941467285, "opt": 63}, "28c.sql": {"63": 130.19545006752014, "62": 130.0458800792694, "59": 3.669855833053589, "opt": 59}, "12a.sql": {"63": 1.4944350719451904, "62": 1.4258270263671875, "opt": 62}, "31a.sql": {"63": 4.499578475952148, "opt": 63}, "12b.sql": {"63": 1.20070219039917, "62": 1.061614990234375, "opt": 62}, "31b.sql": {"63": 4.287234306335449, "62": 4.267470121383667, "opt": 62}, "12c.sql": {"63": 2.1347615718841553, "62": 2.0022237300872803, "opt": 62}, "31c.sql": {"63": 5.653050184249878, "62": 5.442540168762207, "opt": 62}, "13a.sql": {"63": 7.896059513092041, "55": 2.4723384380340576, "opt": 55}, "32a.sql": {"63": 0.0243990421295166, "62": 0.023622512817382812, "opt": 62}, "13b.sql": {"63": 3.629317045211792, "55": 2.385748863220215, "opt": 55}, "32b.sql": {"63": 0.28595972061157227, "62": 0.2517561912536621, "opt": 62}, "13c.sql": {"63": 3.578113555908203, "62": 3.6066887378692627, "55": 2.1582205295562744, "opt": 55}, "33a.sql": {"63": 0.22916603088378906, "62": 0.22427082061767578, "opt": 62}, "13d.sql": {"63": 7.720833778381348, "55": 3.6139769554138184, "opt": 55}, "33b.sql": {"63": 0.312572717666626, "62": 0.29056572914123535, "opt": 62}, "14a.sql": {"63": 4.025236368179321, "62": 3.9959394931793213, "59": 3.498248338699341, "opt": 59}, "33c.sql": {"63": 0.41839075088500977, "58": 0.38390612602233887, "opt": 58}, "14b.sql": {"63": 3.1687240600585938, "62": 2.943720579147339, "opt": 62}, "3a.sql": {"63": 2.548163652420044, "62": 2.3432698249816895, "opt": 62}, "14c.sql": {"63": 4.397364616394043, "62": 4.366624116897583, "59": 3.2898614406585693, "opt": 59}, "3b.sql": {"63": 1.2337291240692139, "62": 1.1512703895568848, "opt": 62}, "15a.sql": {"63": 1.5937676429748535, "62": 1.4795551300048828, "opt": 62}, "3c.sql": {"63": 1.6826999187469482, "62": 1.6344285011291504, "opt": 62}, "15b.sql": {"63": 1.4406774044036865, "62": 1.4218857288360596, "opt": 62}, "4a.sql": {"63": 0.6003236770629883, "62": 0.5601963996887207, "opt": 62}, "15c.sql": {"63": 1.561189889907837, "62": 1.5105669498443604, "opt": 62}, "4b.sql": {"63": 0.45538806915283203, "62": 0.4257547855377197, "opt": 62}, "15d.sql": {"63": 1.9351112842559814, "62": 1.8610882759094238, "opt": 62}, "4c.sql": {"63": 0.6174194812774658, "62": 0.5857410430908203, "opt": 62}, "16a.sql": {"63": 2.621209144592285, "62": 2.560891628265381, "opt": 62}, "5a.sql": {"63": 0.4939742088317871, "opt": 63}, "16b.sql": {"63": 8.092820167541504, "55": 7.040173768997192, "opt": 55}, "5b.sql": {"63": 0.3531193733215332, "62": 0.270460844039917, "opt": 62}, "16c.sql": {"63": 3.4681248664855957, "62": 3.448856830596924, "opt": 62}, "5c.sql": {"63": 1.7624027729034424, "62": 1.5830438137054443, "opt": 62}, "16d.sql": {"63": 3.4899239540100098, "62": 3.449958324432373, "opt": 62}, "6a.sql": {"63": 2.4816391468048096, "62": 2.4708292484283447, "58": 2.417175531387329, "opt": 58}, "17a.sql": {"63": 5.7852630615234375, "62": 5.763502836227417, "55": 4.499998569488525, "opt": 55}, "6b.sql": {"63": 3.45151424407959, "55": 3.0520694255828857, "opt": 55}, "17b.sql": {"63": 4.321390867233276, "51": 4.3198912143707275, "50": 3.705364227294922, "opt": 50}, "6c.sql": {"63": 2.4468352794647217, "62": 2.395772695541382, "opt": 62}, "17c.sql": {"63": 4.189424276351929, "55": 3.7037105560302734, "opt": 55}, "6d.sql": {"63": 4.506681680679321, "62": 4.464932203292847, "55": 3.0713582038879395, "opt": 55}, "17d.sql": {"63": 4.219779968261719, "55": 4.199826002120972, "54": 3.7554495334625244, "opt": 54}, "6e.sql": {"63": 2.483637809753418, "62": 2.4894518852233887, "58": 2.46004056930542, "42": 2.3964176177978516, "opt": 42}, "17e.sql": {"63": 5.752953290939331, "opt": 63}, "6f.sql": {"63": 4.85648775100708, "62": 4.642526865005493, "opt": 62}, "17f.sql": {"63": 5.791006088256836, "55": 4.6284568309783936, "opt": 55}, "7a.sql": {"63": 2.7370989322662354, "62": 2.721804618835449, "47": 2.6171844005584717, "opt": 47}, "18a.sql": {"63": 3.4836089611053467, "46": 3.4712729454040527, "opt": 46}, "7b.sql": {"63": 2.578873634338379, "62": 2.404790163040161, "opt": 62}, "18b.sql": {"63": 3.7424206733703613, "opt": 63}, "7c.sql": {"63": 4.5310821533203125, "62": 4.480825185775757, "opt": 62}, "18c.sql": {"63": 4.832667589187622, "62": 4.596259117126465, "opt": 62}, "8a.sql": {"63": 1.6315314769744873, "62": 1.6308107376098633, "46": 1.6321628093719482, "30": 1.5956480503082275, "opt": 30}, "19a.sql": {"63": 4.070261716842651, "62": 3.8182289600372314, "opt": 62}, "8b.sql": {"63": 1.6803960800170898, "62": 1.6650753021240234, "46": 1.6652860641479492, "30": 1.631568431854248, "opt": 30}, "19b.sql": {"63": 2.972259998321533, "46": 2.971797466278076, "opt": 46}, "8c.sql": {"63": 6.894878149032593, "62": 7.097803115844727, "47": 6.88327693939209, "46": 7.032482862472534, "opt": 47}, "19c.sql": {"63": 4.079523801803589, "62": 3.7915964126586914, "opt": 62}, "8d.sql": {"63": 3.5273735523223877, "opt": 63}, "19d.sql": {"63": 13.956910610198975, "55": 13.420928239822388, "opt": 55}, "9a.sql": {"63": 2.756178379058838, "62": 2.597867965698242, "opt": 62}, "1a.sql": {"63": 0.08475065231323242, "62": 0.08320045471191406, "opt": 62}, "9b.sql": {"63": 1.940511703491211, "46": 1.9375665187835693, "30": 1.925752878189087, "14": 1.9162006378173828, "opt": 14}, "1b.sql": {"63": 0.08021211624145508, "62": 0.0797569751739502, "opt": 62}, "9c.sql": {"63": 2.9672558307647705, "62": 2.8926751613616943, "opt": 62}, "1c.sql": {"63": 0.09547686576843262, "62": 0.08237743377685547, "opt": 62}, "9d.sql": {"63": 5.838230133056641, "55": 5.531313896179199, "opt": 55}, "1d.sql": {"63": 0.09213066101074219, "62": 0.08250975608825684, "opt": 62}, "20a.sql": {"63": 3.710515260696411, "50": 3.686892032623291, "46": 3.586334466934204, "opt": 46}, "20b.sql": {"63": 3.14682936668396, "opt": 63}, "20c.sql": {"63": 3.469360828399658, "62": 3.324345827102661, "opt": 62}, "21a.sql": {"63": 2.748495101928711, "62": 2.677565097808838, "opt": 62}, "21b.sql": {"63": 1.4971022605895996, "62": 1.4228782653808594, "opt": 62}, "21c.sql": {"63": 0.8332040309906006, "62": 0.7782812118530273, "opt": 62}, "22a.sql": {"63": 2.8005411624908447, "58": 2.5607666969299316, "opt": 58}, "22b.sql": {"63": 2.5067079067230225, "62": 2.5157220363616943, "58": 2.368319272994995, "opt": 58}, "22c.sql": {"63": 5.994856834411621, "59": 3.543790578842163, "opt": 59}, "22d.sql": {"63": 4.824930906295776, "62": 4.701425790786743, "opt": 62}, "23a.sql": {"63": 29.437607526779175, "62": 29.161941528320312, "61": 3.0478711128234863, "opt": 61}, "23b.sql": {"63": 1.6291780471801758, "62": 1.461317539215088, "opt": 62}, "23c.sql": {"63": 1.814401388168335, "62": 1.740722417831421, "opt": 62}, "24a.sql": {"63": 4.005022764205933, "62": 4.005798101425171, "47": 3.955383062362671, "opt": 47}, "24b.sql": {"63": 4.892094373703003, "62": 4.031901121139526, "opt": 62}, "25a.sql": {"63": 4.1399312019348145, "62": 4.1132237911224365,