{
    "1.sql": {
        "63": 2.4360439777374268,
        "62": 2.20939564704895,
        "opt": 62
    },
    "10.sql": {
        "63": 0.6907119750976562,
        "62": 0.6905910968780518,
        "50": 0.6767020225524902,
        "opt": 50
    },
    "11.sql": {
        "63": 0.18816709518432617,
        "58": 0.17147493362426758,
        "opt": 58
    },
    "12.sql": {
        "63": 0.7544956207275391,
        "62": 0.6379404067993164,
        "opt": 62
    },
    "13.sql": {
        "63": 0.5415632724761963,
        "62": 0.5444827079772949,
        "46": 0.5401439666748047,
        "opt": 46
    },
    "14.sql": {
        "63": 0.5334877967834473,
        "62": 0.4794657230377197,
        "opt": 62
    },
    "15.sql": {
        "63": 0.8995709419250488,
        "58": 0.856234073638916,
        "opt": 58
    },
    "16.sql": {
        "63": 0.3227524757385254,
        "59": 0.3121476173400879,
        "opt": 59
    },
    "17.sql": {
        "63": 0.02714371681213379,
        "61": 0.018452882766723633,
        "opt": 61
    },
    "18.sql": {
        "63": 4.716655969619751,
        "60": 4.506462335586548,
        "opt": 60
    },
    "19.sql": {
        "63": 0.09248518943786621,
        "62": 0.08530926704406738,
        "opt": 62
    },
    "2.sql": {
        "63": 81.40993189811707,
        "61": 79.90642619132996,
        "opt": 61
    },
    "20.sql": {
        "63": 4.975057363510132,
        "62": 4.944119215011597,
        "61": 4.942621231079102,
        "60": 4.926259756088257,
        "31": 4.856127500534058,
        "opt": 31
    },
    "21.sql": {
        "55": 2.6439883708953857,
        "opt": 55
    },
    "22.sql": {
        "63": 0.31465816497802734,
        "62": 0.3262059688568115,
        "opt": 63
    },
    "3.sql": {
        "63": 0.8005106449127197,
        "62": 0.725024938583374,
        "opt": 62
    },
    "4.sql": {
        "63": 0.9393801689147949,
        "62": 0.9235613346099854,
        "opt": 62
    },
    "5.sql": {
        "63": 0.5596888065338135,
        "62": 0.5389389991760254,
        "opt": 62
    },
    "6.sql": {
        "63": 0.41374707221984863,
        "62": 0.3981916904449463,
        "opt": 62
    },
    "7.sql": {
        "63": 0.5930831432342529,
        "62": 0.5778238773345947,
        "opt": 62
    },
    "8.sql": {
        "63": 0.2924919128417969,
        "opt": 63
    },
    "9.sql": {
        "63": 1.6379821300506592,
        "62": 1.5505847930908203,
        "opt": 62
    },
    "runtime": 2954.691517829895
}