{"1.sql": {"speedup": 1.102583858618173, "speedupAbs": 0.22664833068847656, "opt": 62}, "10.sql": {"speedup": 1.02070328161917, "speedupAbs": 0.014009952545166016, "opt": 50}, "11.sql": {"speedup": 1.0973446159578877, "speedupAbs": 0.016692161560058594, "opt": 58}, "12.sql": {"speedup": 1.1827054889233386, "speedupAbs": 0.11655521392822266, "opt": 62}, "13.sql": {"speedup": 1.0026276435338695, "speedupAbs": 0.0014193058013916016, "opt": 46}, "14.sql": {"speedup": 1.1126713989134893, "speedupAbs": 0.05402207374572754, "opt": 62}, "15.sql": {"speedup": 1.050613342332845, "speedupAbs": 0.04333686828613281, "opt": 58}, "16.sql": {"speedup": 1.033973856628492, "speedupAbs": 0.0106048583984375, "opt": 59}, "17.sql": {"speedup": 1.4709743271703037, "speedupAbs": 0.008690834045410156, "opt": 61}, "18.sql": {"speedup": 1.0466427140360965, "speedupAbs": 0.21019363403320312, "opt": 60}, "19.sql": {"speedup": 1.084116563679911, "speedupAbs": 0.007175922393798828, "opt": 62}, "2.sql": {"speedup": 1.0188158296954375, "speedupAbs": 1.5035057067871094, "opt": 61}, "20.sql": {"speedup": 1.024490679654312, "speedupAbs": 0.11892986297607422, "opt": 31}, "21.sql": {"speedup": 113.46494685920464, "speedupAbs": 297.3560116291046, "opt": 55}, "22.sql": {"speedup": 1.0, "speedupAbs": 0.0, "opt": 63}, "3.sql": {"speedup": 1.1041146342867008, "speedupAbs": 0.0754857063293457, "opt": 62}, "4.sql": {"speedup": 1.0171280820363595, "speedupAbs": 0.01581883430480957, "opt": 62}, "5.sql": {"speedup": 1.0385012170013899, "speedupAbs": 0.020749807357788086, "opt": 62}, "6.sql": {"speedup": 1.0390650587347026, "speedupAbs": 0.015555381774902344, "opt": 62}, "7.sql": {"speedup": 1.0264081608569842, "speedupAbs": 0.015259265899658203, "opt": 62}, "8.sql": {"speedup": 1.0, "speedupAbs": 0.0, "opt": 63}, "9.sql": {"speedup": 1.0563641133005228, "speedupAbs": 0.08739733695983887, "opt": 62}, "avrgTOT": {"speedup": 6.181581442099302, "speedupAbs": 299.91806268692017, "speedupAvg": 13.632639213041825, "pg_def": 403.139609336853, "runtime": 2954.691517829895, "factor": 0.10150571079149347}, "62": {"total_speedup": 10.763658576351572, "count": 10, "average_speedup": 1.0763658576351571}, "50": {"total_speedup": 1.02070328161917, "count": 1, "average_speedup": 1.02070328161917}, "58": {"total_speedup": 2.147957958290733, "count": 2, "average_speedup": 1.0739789791453664}, "46": {"total_speedup": 1.0026276435338695, "count": 1, "average_speedup": 1.0026276435338695}, "59": {"total_speedup": 1.033973856628492, "count": 1, "average_speedup": 1.033973856628492}, "61": {"total_speedup": 2.489790156865741, "count": 2, "average_speedup": 1.2448950784328705}, "60": {"total_speedup": 1.0466427140360965, "count": 1, "average_speedup": 1.0466427140360965}, "31": {"total_speedup": 1.024490679654312, "count": 1, "average_speedup": 1.024490679654312}, "55": {"total_speedup": 113.46494685920464, "count": 1, "average_speedup": 113.46494685920464}, "63": {"total_speedup": 2.0, "count": 2, "average_speedup": 1.0}}