{
    "10c.sql": {
        "speedup": 9.601824224902833,
        "speedupAbs": 6.626905679702759,
        "opt": 62
    },
    "22d.sql": {
        "speedup": 1.0531916093673348,
        "speedupAbs": 157.62786388397217,
        "opt": 43
    },
    "11a.sql": {
        "speedup": 2.4807537347745106,
        "speedupAbs": 0.305941104888916,
        "opt": 47
    },
    "14b.sql": {
        "speedup": 1.1251796923021793,
        "speedupAbs": 41.67561483383179,
        "opt": 47
    },
    "15c.sql": {
        "speedup": 3.601367171583815,
        "speedupAbs": 20.828123331069946,
        "opt": 62
    },
    "11c.sql": {
        "speedup": 1.1156975727376743,
        "speedupAbs": 4.044731378555298,
        "opt": 43
    },
    "31b.sql": {
        "speedup": 4.288053176717483,
        "speedupAbs": 24.382606744766235,
        "opt": 62
    },
    "7c.sql": {
        "speedup": 24.615871889935192,
        "speedupAbs": 6.468828201293945,
        "opt": 62
    },
    "24b.sql": {
        "speedup": 79.11859916482575,
        "speedupAbs": 0.9556450843811035,
        "opt": 62
    },
    "17b.sql": {
        "speedup": 1.3037079403350624,
        "speedupAbs": 143.2966170310974,
        "opt": 39
    },
    "22a.sql": {
        "speedup": 1.22583299238661,
        "speedupAbs": 62.472864627838135,
        "opt": 59
    },
    "13d.sql": {
        "speedup": 1.1796670616041187,
        "speedupAbs": 89.50685048103333,
        "opt": 51
    },
    "8c.sql": {
        "speedup": 0,
        "speedupAbs": 0.0,
        "opt": 63
    },
    "16b.sql": {
        "speedup": 3.8340906508620525,
        "speedupAbs": 29.973156929016113,
        "opt": 51
    },
    "17e.sql": {
        "speedup": 1.56272967108887,
        "speedupAbs": 115.01433372497559,
        "opt": 54
    },
    "16d.sql": {
        "speedup": 1.584404243711727,
        "speedupAbs": 95.88900542259216,
        "opt": 39
    },
    "9c.sql": {
        "speedup": 6.471463087670896,
        "speedupAbs": 15.116124391555786,
        "opt": 62
    },
    "8d.sql": {
        "speedup": 95.22182877546658,
        "speedupAbs": 0.579176664352417,
        "opt": 39
    },
    "2a.sql": {
        "speedup": 1.0856084053849864,
        "speedupAbs": 12.003628492355347,
        "opt": 47
    },
    "23b.sql": {
        "speedup": 1.134055990526163,
        "speedupAbs": 19.403589725494385,
        "opt": 43
    },
    "2b.sql": {
        "speedup": 1.0255746539673334,
        "speedupAbs": 39.347288846969604,
        "opt": 47
    },
    "19c.sql": {
        "speedup": 33.617804358909304,
        "speedupAbs": 2.9335339069366455,
        "opt": 62
    },
    "32a.sql": {
        "speedup": 1.2056271326571686,
        "speedupAbs": 0.19724678993225098,
        "opt": 42
    },
    "2d.sql": {
        "speedup": 1.0333548806300805,
        "speedupAbs": 36.89515519142151,
        "opt": 47
    },
    "15b.sql": {
        "speedup": 1.1416050722110322,
        "speedupAbs": 33.27019166946411,
        "opt": 58
    },
    "23c.sql": {
        "speedup": 7.816629040001779,
        "speedupAbs": 4.823393106460571,
        "opt": 62
    },
    "9d.sql": {
        "speedup": 1.3447103864133088,
        "speedupAbs": 220.68256998062134,
        "opt": 55
    },
    "11b.sql": {
        "speedup": 5.9352080614674945,
        "speedupAbs": 5.565297365188599,
        "opt": 62
    },
    "1a.sql": {
        "speedup": 1.0371116661603883,
        "speedupAbs": 4.229680776596069,
        "opt": 47
    },
    "12c.sql": {
        "speedup": 1.0474056011429318,
        "speedupAbs": 75.35294008255005,
        "opt": 46
    },
    "33c.sql": {
        "speedup": 1.1740361556184955,
        "speedupAbs": 2.6448018550872803,
        "opt": 42
    },
    "5c.sql": {
        "speedup": 1.1173923122646292,
        "speedupAbs": 24.653224229812622,
        "opt": 58
    },
    "10a.sql": {
        "speedup": 5.307085873068023,
        "speedupAbs": 25.34897541999817,
        "opt": 62
    },
    "25a.sql": {
        "speedup": 20.546311584801973,
        "speedupAbs": 5.170919179916382,
        "opt": 62
    },
    "30c.sql": {
        "speedup": 4.7158832157554444,
        "speedupAbs": 19.514188289642334,
        "opt": 62
    },
    "19b.sql": {
        "speedup": 3.567264278043625,
        "speedupAbs": 15.750965595245361,
        "opt": 48
    },
    "8b.sql": {
        "speedup": 1.8318278059126807,
        "speedupAbs": 38.45819854736328,
        "opt": 42
    },
    "18a.sql": {
        "speedup": 8.347701082388436,
        "speedupAbs": 18.32430672645569,
        "opt": 62
    },
    "14c.sql": {
        "speedup": 1.0465243021824526,
        "speedupAbs": 118.6882963180542,
        "opt": 58
    },
    "27c.sql": {
        "speedup": 1.0398492891196653,
        "speedupAbs": 25.292755603790283,
        "opt": 24
    },
    "29c.sql": {
        "speedup": 14.700065349166398,
        "speedupAbs": 6.693682432174683,
        "opt": 39
    },
    "31c.sql": {
        "speedup": 1.531709767141824,
        "speedupAbs": 97.56161403656006,
        "opt": 39
    },
    "18c.sql": {
        "speedup": 6.130421313818107,
        "speedupAbs": 29.895622730255127,
        "opt": 62
    },
    "25b.sql": {
        "speedup": 3.0341572945858672,
        "speedupAbs": 19.455080032348633,
        "opt": 59
    },
    "21c.sql": {
        "speedup": 1.3076174253917574,
        "speedupAbs": 4.591199636459351,
        "opt": 47
    },
    "17c.sql": {
        "speedup": 1.3466229691269778,
        "speedupAbs": 147.36727333068848,
        "opt": 35
    },
    "27b.sql": {
        "speedup": 1.3915172485909877,
        "speedupAbs": 2.9206864833831787,
        "opt": 56
    },
    "17a.sql": {
        "speedup": 4.878148558185347,
        "speedupAbs": 36.555060386657715,
        "opt": 62
    },
    "10b.sql": {
        "speedup": 24.75628117743011,
        "speedupAbs": 1.455826759338379,
        "opt": 51
    },
    "6d.sql": {
        "speedup": 1.3750275153289775,
        "speedupAbs": 114.72159337997437,
        "opt": 50
    },
    "17f.sql": {
        "speedup": 1.345263120008598,
        "speedupAbs": 164.74488139152527,
        "opt": 51
    },
    "13b.sql": {
        "speedup": 1.044987943224291,
        "speedupAbs": 115.2715060710907,
        "opt": 38
    },
    "24a.sql": {
        "speedup": 59.144895565914354,
        "speedupAbs": 1.1318104267120361,
        "opt": 47
    },
    "20c.sql": {
        "speedup": 14.631759484795134,
        "speedupAbs": 7.642687082290649,
        "opt": 62
    },
    "28b.sql": {
        "speedup": 7.708006399257895,
        "speedupAbs": 3.585933208465576,
        "opt": 62
    },
    "25c.sql": {
        "speedup": 6.7415442803855035,
        "speedupAbs": 19.14572286605835,
        "opt": 62
    },
    "28c.sql": {
        "speedup": 1.0760362850314849,
        "speedupAbs": 243.1574079990387,
        "opt": 50
    },
    "23a.sql": {
        "speedup": 1.0437208718697863,
        "speedupAbs": 57.7692129611969,
        "opt": 42
    },
    "14a.sql": {
        "speedup": 1.087288672912799,
        "speedupAbs": 134.4380238056183,
        "opt": 42
    },
    "2c.sql": {
        "speedup": 1.0470801502030012,
        "speedupAbs": 18.774881601333618,
        "opt": 34
    },
    "11d.sql": {
        "speedup": 8.8359924770786,
        "speedupAbs": 0.06084918975830078,
        "opt": 62
    },
    "26a.sql": {
        "speedup": 1.6267129322847333,
        "speedupAbs": 95.07675075531006,
        "opt": 51
    },
    "1c.sql": {
        "speedup": 1.0350942534348522,
        "speedupAbs": 4.265273094177246,
        "opt": 58
    },
    "7b.sql": {
        "speedup": 10.072076036200341,
        "speedupAbs": 7.274174451828003,
        "opt": 55
    },
    "7a.sql": {
        "speedup": 3.7943821010855823,
        "speedupAbs": 13.831556558609009,
        "opt": 62
    },
    "30b.sql": {
        "speedup": 14.953490242575063,
        "speedupAbs": 5.101512670516968,