{"10c.sql": {"63": 48.67489218711853, "57": 35.0565767288208, "opt": 57}, "22d.sql": {"63": 106.14007115364075, "62": 65.87613677978516, "58": 25.75482726097107, "54": 22.10963010787964, "35": 18.470389366149902, "opt": 35}, "11a.sql": {"63": 1.5648808479309082, "62": 0.4610402584075928, "58": 0.4673185348510742, "46": 0.4572162628173828, "43": 0.46070027351379395, "42": 0.45916199684143066, "opt": 46}, "14b.sql": {"63": 14.477932929992676, "58": 8.5503511428833, "51": 8.560441255569458, "46": 8.144022703170776, "43": 5.426293611526489, "opt": 43}, "15c.sql": {"63": 25.829378366470337, "62": 18.7244930267334, "opt": 62}, "11c.sql": {"63": 0.5364048480987549, "62": 0.4713294506072998, "opt": 62}, "31b.sql": {"63": 56.364157915115356, "46": 51.475849866867065, "opt": 46}, "7c.sql": {"63": 148.28256559371948, "62": 144.2688443660736, "opt": 62}, "24b.sql": {"63": 74.9828691482544, "62": 65.31370902061462, "opt": 62}, "17b.sql": {"63": 215.06713318824768, "62": 92.01479315757751, "55": 63.373576402664185, "54": 58.418091773986816, "51": 51.94926166534424, "opt": 51}, "22a.sql": {"63": 112.54153800010681, "62": 100.35940361022949, "opt": 62}, "13d.sql": {"63": 95.25302767753601, "62": 49.490673542022705, "61": 43.06670594215393, "60": 41.11871290206909, "59": 28.586777210235596, "opt": 59}, "8c.sql": {"63": 70.06396865844727, "opt": 63}, "16b.sql": {"63": 88.78106641769409, "55": 78.45315456390381, "opt": 55}, "17e.sql": {"63": 110.34741544723511, "61": 64.76034116744995, "51": 64.83080768585205, "35": 63.71495819091797, "opt": 35}, "16d.sql": {"63": 87.6747088432312, "56": 82.44052052497864, "opt": 56}, "9c.sql": {"63": 99.67497968673706, "62": 98.07235145568848, "opt": 62}, "8d.sql": {"63": 56.04408502578735, "opt": 63}, "2a.sql": {"63": 16.04240322113037, "62": 1.0928561687469482, "47": 1.0237574577331543, "opt": 47}, "23b.sql": {"63": 33.40033960342407, "62": 14.9360511302948, "61": 5.762917518615723, "60": 5.260441541671753, "58": 3.0385193824768066, "47": 2.648287057876587, "43": 2.6368138790130615, "opt": 43}, "2b.sql": {"63": 15.606908321380615, "62": 1.1086056232452393, "47": 0.9934542179107666, "opt": 47}, "19c.sql": {"63": 96.26435089111328, "62": 86.05314755439758, "opt": 62}, "32a.sql": {"63": 0.24138998985290527, "62": 0.04530143737792969, "59": 0.04573345184326172, "58": 0.044423580169677734, "47": 0.04393792152404785, "46": 0.043190956115722656, "43": 0.05153656005859375, "42": 0.04980969429016113, "opt": 46}, "2d.sql": {"63": 67.62480521202087, "62": 1.257676601409912, "47": 1.1956803798675537, "opt": 47}, "15b.sql": {"63": 41.257080078125, "62": 22.54435682296753, "61": 5.931122064590454, "60": 5.565589189529419, "59": 3.2598743438720703, "58": 3.109351634979248, "42": 2.9563534259796143, "opt": 42}, "23c.sql": {"63": 13.277760028839111, "62": 5.829544544219971, "61": 5.295001268386841, "60": 5.2805869579315186, "59": 4.2334089279174805, "43": 3.8351707458496094, "42": 2.85819411277771, "opt": 42}, "9d.sql": {"63": 249.73653554916382, "62": 122.53105664253235, "55": 78.57940626144409, "54": 75.81845426559448, "51": 74.09895968437195, "35": 72.15039086341858, "opt": 35}, "11b.sql": {"63": 39.790590047836304, "62": 23.851705074310303, "61": 4.117737770080566, "60": 4.050327301025391, "59": 0.5865159034729004, "58": 0.45596814155578613, "47": 0.455794095993042, "46": 0.4530627727508545, "43": 0.4515659809112549, "42": 0.44969820976257324, "opt": 42}, "1a.sql": {"63": 1.4424691200256348, "62": 0.1614055633544922, "58": 0.16149473190307617, "47": 0.15460658073425293, "46": 0.153717041015625, "opt": 46}, "12c.sql": {"63": 31.530184268951416, "61": 22.429413080215454, "60": 10.34606146812439, "59": 4.083436965942383, "58": 4.018487453460693, "47": 3.645937442779541, "46": 3.6070713996887207, "opt": 46}, "33c.sql": {"63": 2.030078411102295, "62": 0.5527036190032959, "58": 0.5464341640472412, "47": 0.47356271743774414, "46": 0.46450185775756836, "43": 0.4629862308502197, "42": 0.46269655227661133, "opt": 42}, "5c.sql": {"63": 33.51339292526245, "62": 7.216801404953003, "59": 5.130904674530029, "50": 3.2763593196868896, "46": 3.0862722396850586, "opt": 46}, "10a.sql": {"63": 77.21694779396057, "62": 72.94392442703247, "opt": 62}, "25a.sql": {"63": 105.52074837684631, "62": 97.02479457855225, "opt": 62}, "30c.sql": {"63": 72.7067174911499, "62": 65.2191812992096, "opt": 62}, "19b.sql": {"63": 68.3704891204834, "61": 56.679441928863525, "opt": 61}, "8b.sql": {"63": 62.76822876930237, "62": 39.714186906814575, "59": 37.317601680755615, "58": 36.361655950546265, "57": 22.52772355079651, "opt": 57}, "18a.sql": {"63": 134.57718706130981, "62": 131.6723597049713, "opt": 62}, "14c.sql": {"63": 142.41126894950867, "62": 60.65236854553223, "61": 27.12489342689514, "60": 21.176992654800415, "59": 6.056966543197632, "58": 5.564120769500732, "opt": 58}, "27c.sql": {"63": 3.542240619659424, "62": 3.218820333480835, "opt": 62}, "29c.sql": {"63": 89.69692516326904, "49": 75.72309494018555, "opt": 49}, "31c.sql": {"63": 120.82297325134277, "55": 90.14638543128967, "opt": 55}, "18c.sql": {"63": 181.63856029510498, "62": 131.26544547080994, "opt": 62}, "25b.sql": {"63": 73.09574866294861, "62": 71.63353967666626, "opt": 62}, "21c.sql": {"63": 1.9046895503997803, "62": 1.4494245052337646, "opt": 62}, "17c.sql": {"63": 171.7314314842224, "62": 85.6360456943512, "59": 83.84159469604492, "55": 58.158204555511475, "54": 53.38981533050537, "51": 46.573333740234375, "35": 46.01784157752991, "opt": 35}, "27b.sql": {"63": 3.867274045944214, "62": 1.2573871612548828, "57": 1.1618015766143799, "56": 1.1309773921966553, "opt": 56}, "17a.sql": {"63": 100.40728831291199, "61": 58.487693309783936, "55": 55.30070948600769, "51": 52.642855167388916, "35": 52.204805850982666, "opt": 35}, "10b.sql": {"63": 34.30659461021423, "57": 33.898393392562866, "opt": 57}, "6d.sql": {"63": 256.0814290046692, "62": 158.90337419509888, "60": 68.81465554237366, "57": 64.40427207946777, "55": 49.45083165168762, "44": 49.06833839416504, "35": 46.765217304229736, "opt": 35}, "17f.sql": {"63": 115.46714687347412, "55": 59.782787561416626, "54": 58.482420682907104, "51": 53.618037700653076, "35": 53.57866835594177, "opt": 35}, "13b.sql": {"63": 83.57566452026367, "62": 52.99697661399841, "61": 24.148908853530884, "60": 17.472724199295044, "59": 10.127017259597778, "58": 10.1312894821167, "55": 7.32599139213562, "35": 7.433728456497192, "opt": 55}, "24a.sql": {"63": 78.4135582447052, "61": 72.85165452957153, "opt": 61}, "20c.sql": {"63": 109.14962267875671, "59": 107.15173316001892, "opt": 59}, "28b.sql": {"63": 34.318411111831665, "62": 4.33295750617981, "opt": 62}, "25c.sql": {"63": 99.29423999786377, "59": 95.36985230445862, "opt": 59}, "28c.sql": {"59": 33.61546802520752, "55": 30.939820766448975, "50": 11.958099126815796, "opt": 50}, "23a.sql": {"63": 66.78793025016785, "61": 6.242133617401123, "60": 5.536485433578491, "57": 5.29341721534729, "56": 5.279217958450317, "47": 2.561541795730591, "46": 2.5668346881866455, "opt": 47}, "14a.sql": {"63": 59.078179121017456, "62": 30.220680952072144, "61": 20.572489261627197, "60": 17.742852926254272, "59": 13.646366357803345, "58": 11.8808753490448, "39": 10.818131923675537, "opt": 39}, "2c.sql": {"63": 20.563896656036377, "62": 2.7174229621887207, "59": 1.260775089263916, "58": 1.2348277568817139, "50": 0.9206695556640625, "39": 0.9158158302307129, "38": 0.9115123748779297, "35": 0.9266765117645264, "34": 0.9012529850006104, "opt": 34}, "11d.sql": {"63": 0.5453259944915771, "62": 0.4734914302825928, "opt": 62}, "26a.sql": {"63": 187.47575855255127, "62": 175.1210606098175, "opt": 62}, "1c.sql": {"63": 4.39104962348938, "62": 0.1633765697479248, "59": 0.1578221321105957, "58": 0.14992523193359375, "43": 0.15205788612365723, "42": 0.15034151077270508, "opt": 58}, "7b.sql": {"63": 39.195305824279785, "62": 37.95754623413086, "opt": 62}, "7a.sql": {"63": 45.727569341659546, "62": 39.186959981918335, "opt": 62}, "30b.sql": {"63": 67.76409649848938,