{
    "12.sql": {
        "speedup": 151.55678556785531,
        "speedupAbs": 0.006978034973144531,
        "opt": 50
    },
    "7.sql": {
        "speedup": 260.29040243747244,
        "speedupAbs": 0.0037560462951660156,
        "opt": 50
    },
    "3.sql": {
        "speedup": 74.72355693683005,
        "speedupAbs": 0.01365518569946289,
        "opt": 47
    },
    "19.sql": {
        "speedup": 41.1181824450114,
        "speedupAbs": 0.003457784652709961,
        "opt": 47
    },
    "22.sql": {
        "speedup": 62.3947824472365,
        "speedupAbs": 0.007704257965087891,
        "opt": 47
    },
    "14.sql": {
        "speedup": 93.928810244764,
        "speedupAbs": 0.0075588226318359375,
        "opt": 50
    },
    "6.sql": {
        "speedup": 408.7619820085519,
        "speedupAbs": 0.0016167163848876953,
        "opt": 62
    },
    "17.sql": {
        "speedup": 6.547071567025197,
        "speedupAbs": 0.006273031234741211,
        "opt": 47
    },
    "11.sql": {
        "speedup": 22.633289226697844,
        "speedupAbs": 0.0077478885650634766,
        "opt": 62
    },
    "21.sql": {
        "speedup": 1.0151291262637394,
        "speedupAbs": 295.5289058685303,
        "opt": 55
    },
    "20.sql": {
        "speedup": 19.195370772422443,
        "speedupAbs": 0.3953361511230469,
        "opt": 47
    },
    "4.sql": {
        "speedup": 2082.042737689648,
        "speedupAbs": 0.0007698535919189453,
        "opt": 50
    },
    "9.sql": {
        "speedup": 3.2528152090086686,
        "speedupAbs": 1.0430779457092285,
        "opt": 51
    },
    "15.sql": {
        "speedup": 25.833139106147385,
        "speedupAbs": 0.06239914894104004,
        "opt": 50
    },
    "2.sql": {
        "speedup": 6.370442353596802,
        "speedupAbs": 26.172536373138428,
        "opt": 50
    },
    "8.sql": {
        "speedup": 913.6338185889908,
        "speedupAbs": 0.0006387233734130859,
        "opt": 47
    },
    "10.sql": {
        "speedup": 193.4846217166822,
        "speedupAbs": 0.006371974945068359,
        "opt": 50
    },
    "1.sql": {
        "speedup": 631.324775171936,
        "speedupAbs": 0.006760358810424805,
        "opt": 47
    },
    "16.sql": {
        "speedup": 472.5625482625435,
        "speedupAbs": 0.0012350082397460938,
        "opt": 62
    },
    "13.sql": {
        "speedup": 49.26686574592511,
        "speedupAbs": 0.019161701202392578,
        "opt": 34
    },
    "18.sql": {
        "speedup": 72.92201222480656,
        "speedupAbs": 0.11019110679626465,
        "opt": 50
    },
    "5.sql": {
        "speedup": 34.34266631280964,
        "speedupAbs": 0.026950836181640625,
        "opt": 47
    },
    "avrgTOT": {
        "speedup": 255.78190023464666,
        "speedupAbs": 323.433082818985,
        "speedupAvg": 14.701503764499318,
        "pg_def": 502.7657811641693,
        "runtime": 1615.8656680583954,
        "factor": 0.2001608730307503
    },
    "50": {
        "total_speedup": 2886.428951340973,
        "count": 8,
        "average_speedup": 360.80361891762163
    },
    "47": {
        "total_speedup": 1783.280224242262,
        "count": 8,
        "average_speedup": 222.91002803028275
    },
    "62": {
        "total_speedup": 903.9578194977933,
        "count": 3,
        "average_speedup": 301.31927316593107
    },
    "55": {
        "total_speedup": 1.0151291262637394,
        "count": 1,
        "average_speedup": 1.0151291262637394
    },
    "51": {
        "total_speedup": 3.2528152090086686,
        "count": 1,
        "average_speedup": 3.2528152090086686
    },
    "34": {
        "total_speedup": 49.26686574592511,
        "count": 1,
        "average_speedup": 49.26686574592511
    }
}