{"12.sql": {"63": 1.0575685501098633, "50": 1.0505905151367188, "opt": 50}, "7.sql": {"63": 0.9776628017425537, "50": 0.9739067554473877, "opt": 50}, "3.sql": {"63": 1.0203640460968018, "47": 1.0067088603973389, "opt": 47}, "19.sql": {"63": 0.14217782020568848, "47": 0.13872003555297852, "opt": 47}, "22.sql": {"63": 0.48070549964904785, "50": 0.5077688694000244, "47": 0.47300124168395996, "opt": 47}, "14.sql": {"63": 0.7099912166595459, "50": 0.70243239402771, "opt": 50}, "6.sql": {"63": 0.6608521938323975, "62": 0.6592354774475098, "opt": 62}, "17.sql": {"63": 0.041069984436035156, "47": 0.034796953201293945, "opt": 47}, "11.sql": {"63": 0.17536020278930664, "62": 0.16761231422424316, "opt": 62}, "21.sql": {"50": 4.5187952518463135, "34": 4.540903806686401, "35": 4.745678663253784, "38": 4.51413893699646, "39": 4.553807020187378, "37": 5.186017036437988, "36": 4.496999263763428, "33": 4.5457377433776855, "32": 4.806727647781372, "55": 4.471094131469727, "51": 4.486463308334351, "54": 4.492401838302612, "opt": 55}, "20.sql": {"63": 7.588624000549316, "47": 7.1932878494262695, "opt": 47}, "4.sql": {"63": 1.6028680801391602, "62": 1.6037485599517822, "59": 1.6097829341888428, "58": 1.6107583045959473, "55": 1.6147050857543945, "54": 1.6046643257141113, "51": 1.6104180812835693, "50": 1.6020982265472412, "opt": 50}, "9.sql": {"63": 3.392939805984497, "50": 2.3720486164093018, "39": 2.3513739109039307, "38": 2.3587887287139893, "35": 2.369576930999756, "34": 2.372891902923584, "55": 2.380094051361084, "51": 2.3498618602752686, "54": 2.3661868572235107, "opt": 51}, "15.sql": {"63": 1.6119658946990967, "50": 1.5495667457580566, "opt": 50}, "2.sql": {"63": 166.7306342124939, "50": 140.55809783935547, "opt": 50}, "8.sql": {"63": 0.5835592746734619, "47": 0.5829205513000488, "opt": 47}, "10.sql": {"63": 1.2328791618347168, "50": 1.2265071868896484, "opt": 50}, "1.sql": {"63": 4.267982006072998, "47": 4.261221647262573, "opt": 47}, "16.sql": {"63": 0.5836186408996582, "62": 0.5823836326599121, "opt": 62}, "13.sql": {"63": 0.9440369606018066, "50": 0.9613347053527832, "47": 0.9499292373657227, "34": 0.9248752593994141, "opt": 34}, "18.sql": {"63": 8.035357236862183, "50": 7.925166130065918, "opt": 50}, "5.sql": {"63": 0.9255635738372803, "47": 0.8986127376556396, "opt": 47}, "runtime": 1615.8656680583954}