{"10c.sql": {"63": 57.753504037857056, "57": 37.034504652023315, "opt": 57}, "22d.sql": {"63": 136.72509288787842, "59": 41.90271258354187, "62": 18.637346029281616, "42": 18.30701780319214, "43": 6.445750951766968, "opt": 43}, "11a.sql": {"63": 4.05736780166626, "59": 0.4938971996307373, "62": 0.46307945251464844, "47": 0.4594447612762451, "46": 0.455564022064209, "42": 0.45250511169433594, "43": 0.4580965042114258, "opt": 42}, "14b.sql": {"63": 40.730857610702515, "59": 6.467304706573486, "62": 5.332451820373535, "47": 5.245800256729126, "46": 5.211637258529663, "43": 5.223449230194092, "opt": 46}, "15c.sql": {"63": 56.311609983444214, "59": 3.700575590133667, "47": 2.829690933227539, "62": 2.8223328590393066, "46": 2.77642560005188, "opt": 46}, "11c.sql": {"63": 0.6483767032623291, "59": 0.47038817405700684, "opt": 59}, "31b.sql": {"63": 38.36666488647461, "opt": 63}, "7c.sql": {"63": 145.25425148010254, "59": 143.8427698612213, "opt": 59}, "24b.sql": {"63": 77.66572856903076, "57": 77.14946603775024, "opt": 57}, "17b.sql": {"63": 165.0906617641449, "59": 112.2403793334961, "opt": 59}, "22a.sql": {"63": 127.67056822776794, "59": 21.486008405685425, "48": 19.837748765945435, "43": 17.837629556655884, "49": 13.419616222381592, "opt": 49}, "13d.sql": {"63": 170.3313229084015, "59": 51.02940058708191, "58": 36.51278305053711, "46": 23.485111474990845, "opt": 46}, "8c.sql": {"63": 69.94053840637207, "47": 68.82017254829407, "opt": 47}, "16b.sql": {"63": 115.02755379676819, "47": 76.9698395729065, "opt": 47}, "17e.sql": {"63": 175.17999029159546, "62": 166.6884696483612, "opt": 62}, "16d.sql": {"63": 105.91304683685303, "47": 79.14667272567749, "opt": 47}, "9c.sql": {"63": 104.22039532661438, "59": 98.39739775657654, "opt": 59}, "8d.sql": {"63": 55.08094787597656, "opt": 63}, "2a.sql": {"63": 22.562663316726685, "59": 1.3628783226013184, "62": 1.035959005355835, "47": 1.0384042263031006, "46": 1.0391743183135986, "opt": 62}, "23b.sql": {"63": 35.344839572906494, "59": 7.865537166595459, "57": 5.2755067348480225, "62": 2.6837832927703857, "47": 2.625330686569214, "46": 2.5961477756500244, "42": 2.5982167720794678, "43": 2.6039745807647705, "opt": 46}, "2b.sql": {"63": 17.563085794448853, "59": 1.3197994232177734, "47": 1.0097723007202148, "62": 1.0143139362335205, "46": 1.0094068050384521, "opt": 46}, "19c.sql": {"63": 111.33824944496155, "59": 100.74029731750488, "opt": 59}, "32a.sql": {"63": 0.32331299781799316, "59": 0.04555773735046387, "47": 0.04316139221191406, "62": 0.051053762435913086, "46": 0.04394054412841797, "58": 0.04134798049926758, "42": 0.043250083923339844, "43": 0.04358625411987305, "opt": 58}, "2d.sql": {"63": 72.14500999450684, "59": 2.6987392902374268, "62": 1.236823558807373, "47": 1.2226736545562744, "46": 1.228095293045044, "opt": 47}, "15b.sql": {"63": 61.751293420791626, "59": 45.67891979217529, "opt": 59}, "23c.sql": {"63": 18.134845972061157, "59": 3.0994224548339844, "62": 2.72209095954895, "58": 2.680244207382202, "47": 2.579425096511841, "46": 2.5630977153778076, "opt": 46}, "9d.sql": {"63": 283.25677275657654, "59": 149.34436345100403, "opt": 59}, "11b.sql": {"63": 97.34063196182251, "59": 0.6440281867980957, "47": 0.45672059059143066, "58": 0.4584391117095947, "46": 0.4530971050262451, "42": 0.44957852363586426, "43": 0.4541149139404297, "opt": 42}, "1a.sql": {"63": 1.2912745475769043, "59": 0.15586614608764648, "62": 0.15094470977783203, "58": 0.1563563346862793, "47": 0.15203118324279785, "46": 0.1491398811340332, "42": 0.15553569793701172, "opt": 46}, "12c.sql": {"63": 52.69793224334717, "59": 52.65749168395996, "opt": 59}, "33c.sql": {"63": 4.5749287605285645, "59": 1.069223165512085, "62": 0.7261025905609131, "47": 0.4679121971130371, "46": 0.4666454792022705, "42": 0.463512659072876, "43": 0.46712613105773926, "opt": 42}, "5c.sql": {"63": 22.14954900741577, "59": 3.312293767929077, "62": 2.911426544189453, "47": 2.880800485610962, "46": 2.8557794094085693, "opt": 46}, "10a.sql": {"63": 115.60309839248657, "59": 75.03029441833496, "opt": 59}, "25a.sql": {"63": 97.53999328613281, "59": 95.61617827415466, "opt": 59}, "30c.sql": {"63": 75.87181878089905, "59": 72.25896573066711, "opt": 59}, "19b.sql": {"63": 65.4778139591217, "48": 51.83362293243408, "opt": 48}, "8b.sql": {"63": 49.30316400527954, "57": 44.46544098854065, "opt": 57}, "18a.sql": {"63": 132.1827094554901, "59": 119.2626781463623, "opt": 59}, "14c.sql": {"63": 145.59863758087158, "59": 30.179595708847046, "62": 26.14763617515564, "58": 12.294190168380737, "42": 8.72403883934021, "43": 5.992152452468872, "opt": 43}, "27c.sql": {"63": 46.708969593048096, "59": 3.2465503215789795, "47": 3.1770336627960205, "46": 3.1864757537841797, "49": 2.3178281784057617, "48": 2.295314311981201, "41": 2.251224994659424, "25": 1.0071723461151123, "opt": 25}, "29c.sql": {"63": 111.7943823337555, "48": 93.86170983314514, "opt": 48}, "31c.sql": {"63": 147.3830726146698, "59": 110.56457376480103, "opt": 59}, "18c.sql": {"63": 130.24693202972412, "57": 124.7232666015625, "opt": 57}, "25b.sql": {"63": 61.614827394485474, "40": 52.18010687828064, "opt": 40}, "21c.sql": {"63": 10.941157817840576, "59": 1.4200658798217773, "62": 1.432194709777832, "47": 1.4125378131866455, "46": 1.3995037078857422, "42": 1.3972382545471191, "43": 1.4011213779449463, "opt": 42}, "17c.sql": {"63": 145.45055222511292, "59": 78.82657051086426, "opt": 59}, "27b.sql": {"63": 1.3421883583068848, "59": 1.2874512672424316, "opt": 59}, "17a.sql": {"63": 164.60032987594604, "59": 161.63812160491943, "opt": 59}, "10b.sql": {"63": 32.43245720863342, "47": 28.04626727104187, "opt": 47}, "6d.sql": {"63": 191.4434506893158, "59": 110.97449851036072, "opt": 59}, "17f.sql": {"63": 138.3761806488037, "40": 93.70579314231873, "opt": 40}, "13b.sql": {"63": 45.893742084503174, "57": 21.995776414871216, "opt": 57}, "24a.sql": {"63": 88.25533032417297, "57": 80.5663845539093, "opt": 57}, "20c.sql": {"63": 109.8847906589508, "47": 93.89466595649719, "opt": 47}, "28b.sql": {"63": 31.661025524139404, "59": 30.238100051879883, "opt": 59}, "25c.sql": {"63": 106.81859302520752, "59": 105.05120992660522, "opt": 59}, "28c.sql": {"59": 47.01245141029358, "40": 19.763509511947632, "48": 18.15552568435669, "58": 9.504907369613647, "42": 9.494871616363525, "43": 8.368751764297485, "opt": 43}, "23a.sql": {"63": 69.64668083190918, "57": 6.803248167037964, "33": 5.374224901199341, "40": 5.314100980758667, "47": 3.373297929763794, "46": 2.6543147563934326, "42": 2.6119399070739746, "43": 2.5756328105926514, "opt": 43}, "14a.sql": {"63": 143.95506310462952, "59": 24.386149168014526, "62": 14.529679775238037, "58": 8.03592848777771, "42": 6.080851316452026, "43": 5.840405464172363, "opt": 43}, "2c.sql": {"63": 14.298963069915771, "59": 1.3214223384857178, "62": 1.1607599258422852, "47": 0.957953691482544, "46": 0.9690890312194824, "opt": 47}, "11d.sql": {"63": 0.8405327796936035, "59": 0.48431992530822754, "opt": 59}, "26a.sql": {"63": 199.51644706726074, "62": 167.889253616333, "opt": 62}, "1c.sql": {"63": 2.9053597450256348, "59": 0.1591353416442871, "62": 0.1552715301513672, "47": 0.15567779541015625, "46": 0.15628814697265625, "58": 0.15617728233337402, "42": 0.15392088890075684, "43": 0.1596393585205078, "opt": 42}, "7b.sql": {"63": 40.270243883132935, "59": 38.388484954833984, "opt": 59}, "7a.sql": {"63": 50.6435604095459, "59": 39.25869560241699, "opt": 59}, "30b.sql": {"63": 71.69840383529663, "40": 65.97549557685852, "opt": 40}, "3a.sql": {"63": 10.841970205307007, "59": 7.0580267906188965, "opt": 59}, "6b.sql": {"63": 191.83000659942627, "59": 140.28967356681824, "opt": 59}, "1d.sql": {"63": 0.15324783325195312, "59": 0.1497945785522461, "opt": 59}, "17d.sql": {"63": 156.43408751487732, "59": 90.80868577957153, "opt": 59}, "32b.sql": {"63": 0.8576319217681885, "59": 0.4652397632598877, "opt": 59}, "4c.sql": {"63": 24.665610551834106, "59": 0.9980030059814453, "47": 0.9350664615631104, "62": 0.919752836227417,