{"26b.sql": {"speedup": 1.220458313968002, "speedupAbs": 0.6733474731445312, "opt": 47}, "10a.sql": {"speedup": 1.0447189272044106, "speedupAbs": 0.09837460517883301, "opt": 14}, "26c.sql": {"speedup": 1.5453586909452204, "speedupAbs": 2.692713737487793, "opt": 55}, "10b.sql": {"speedup": 1.0198717379963675, "speedupAbs": 0.04213118553161621, "opt": 62}, "27a.sql": {"speedup": 2.838964805278974, "speedupAbs": 1.3110675811767578, "opt": 61}, "10c.sql": {"speedup": 1.58020723656894, "speedupAbs": 1.349301815032959, "opt": 15}, "27b.sql": {"speedup": 1.0551305694589268, "speedupAbs": 0.03644227981567383, "opt": 46}, "11a.sql": {"speedup": 1.1784723155740766, "speedupAbs": 0.0569767951965332, "opt": 46}, "28a.sql": {"speedup": 62.47864600075201, "speedupAbs": 272.95809745788574, "opt": 55}, "11b.sql": {"speedup": 5.623587274453214, "speedupAbs": 11.79959225654602, "opt": 61}, "27c.sql": {"speedup": 1.6240340809351521, "speedupAbs": 0.757716178894043, "opt": 49}, "11c.sql": {"speedup": 1.2009018107216574, "speedupAbs": 0.057341814041137695, "opt": 58}, "28b.sql": {"speedup": 1.0441801140902887, "speedupAbs": 0.0976722240447998, "opt": 62}, "11d.sql": {"speedup": 1.0684560231239912, "speedupAbs": 0.02173900604248047, "opt": 62}, "28c.sql": {"speedup": 36.24151220801748, "speedupAbs": 129.04096364974976, "opt": 59}, "12a.sql": {"speedup": 1.1233740177934088, "speedupAbs": 0.16713714599609375, "opt": 42}, "31a.sql": {"speedup": 1.0559899327019524, "speedupAbs": 0.2496025562286377, "opt": 62}, "12b.sql": {"speedup": 1.2179335820988655, "speedupAbs": 0.2289900779724121, "opt": 42}, "31b.sql": {"speedup": 1.0108268824222504, "speedupAbs": 0.04601120948791504, "opt": 46}, "12c.sql": {"speedup": 1.1421225550476228, "speedupAbs": 0.2706165313720703, "opt": 46}, "31c.sql": {"speedup": 1.050806056598647, "speedupAbs": 0.2770235538482666, "opt": 46}, "13a.sql": {"speedup": 3.2344874585264716, "speedupAbs": 5.616001129150391, "opt": 55}, "32a.sql": {"speedup": 1.035405007965361, "speedupAbs": 0.0008265972137451172, "opt": 62}, "13b.sql": {"speedup": 1.6414401986813194, "speedupAbs": 1.5236988067626953, "opt": 55}, "32b.sql": {"speedup": 1.0213293865874233, "speedupAbs": 0.0052776336669921875, "opt": 62}, "13c.sql": {"speedup": 1.859339514942208, "speedupAbs": 1.7828314304351807, "opt": 55}, "33a.sql": {"speedup": 1.0129712124395882, "speedupAbs": 0.0029435157775878906, "opt": 62}, "13d.sql": {"speedup": 2.094824234734645, "speedupAbs": 4.042588233947754, "opt": 55}, "33b.sql": {"speedup": 1.3846934705049976, "speedupAbs": 0.08990049362182617, "opt": 59}, "14a.sql": {"speedup": 1.3529201756363496, "speedupAbs": 1.1044178009033203, "opt": 58}, "33c.sql": {"speedup": 1.2525122187057578, "speedupAbs": 0.07297134399414062, "opt": 42}, "14b.sql": {"speedup": 1.0727223419825311, "speedupAbs": 0.2116858959197998, "opt": 46}, "3a.sql": {"speedup": 1.14663785735986, "speedupAbs": 0.3447742462158203, "opt": 46}, "14c.sql": {"speedup": 1.4299880758306849, "speedupAbs": 1.393728494644165, "opt": 59}, "3b.sql": {"speedup": 1.0, "speedupAbs": 0.0, "opt": 63}, "15a.sql": {"speedup": 1.1895045649086644, "speedupAbs": 0.28305506706237793, "opt": 42}, "3c.sql": {"speedup": 1.2147536538224801, "speedupAbs": 0.36101865768432617, "opt": 58}, "15b.sql": {"speedup": 1.0072582530629464, "speedupAbs": 0.01036977767944336, "opt": 62}, "4a.sql": {"speedup": 1.2674601377719374, "speedupAbs": 0.16673636436462402, "opt": 62}, "15c.sql": {"speedup": 1.1888698099424366, "speedupAbs": 0.2910122871398926, "opt": 46}, "4b.sql": {"speedup": 1.1707058981887095, "speedupAbs": 0.09161639213562012, "opt": 43}, "15d.sql": {"speedup": 1.129039116852332, "speedupAbs": 0.2386014461517334, "opt": 46}, "4c.sql": {"speedup": 1.1683469939122986, "speedupAbs": 0.1187753677368164, "opt": 42}, "16a.sql": {"speedup": 1.0724269401832198, "speedupAbs": 0.18845629692077637, "opt": 58}, "5a.sql": {"speedup": 1.0890665186787098, "speedupAbs": 0.05119800567626953, "opt": 38}, "16b.sql": {"speedup": 1.1480023936430717, "speedupAbs": 1.0241987705230713, "opt": 38}, "5b.sql": {"speedup": 1.150065266674115, "speedupAbs": 0.0505976676940918, "opt": 62}, "16c.sql": {"speedup": 1.0, "speedupAbs": 0.0, "opt": 63}, "5c.sql": {"speedup": 1.0682145749593424, "speedupAbs": 0.11199378967285156, "opt": 46}, "16d.sql": {"speedup": 1.0995137506337709, "speedupAbs": 0.34319567680358887, "opt": 46}, "6a.sql": {"speedup": 1.0981535538478284, "speedupAbs": 0.23369741439819336, "opt": 42}, "17a.sql": {"speedup": 1.3469969937527253, "speedupAbs": 1.5430479049682617, "opt": 55}, "6b.sql": {"speedup": 1.205579145481353, "speedupAbs": 0.5891335010528564, "opt": 50}, "17b.sql": {"speedup": 1.0729948131215943, "speedupAbs": 0.2960512638092041, "opt": 50}, "6c.sql": {"speedup": 1.0854553318496558, "speedupAbs": 0.20396876335144043, "opt": 46}, "17c.sql": {"speedup": 1.2989288020844934, "speedupAbs": 1.0080771446228027, "opt": 54}, "6d.sql": {"speedup": 1.3613321956437565, "speedupAbs": 1.1885349750518799, "opt": 55}, "17d.sql": {"speedup": 1.1326746974369784, "speedupAbs": 0.4949760437011719, "opt": 55}, "6e.sql": {"speedup": 1.092596157107781, "speedupAbs": 0.22193193435668945, "opt": 46}, "17e.sql": {"speedup": 1.0295495068791212, "speedupAbs": 0.17432832717895508, "opt": 62}, "6f.sql": {"speedup": 1.036612432776013, "speedupAbs": 0.1671454906463623, "opt": 62}, "17f.sql": {"speedup": 1.2963507092942135, "speedupAbs": 1.384253740310669, "opt": 55}, "7a.sql": {"speedup": 1.1002124466428849, "speedupAbs": 0.25551724433898926, "opt": 46}, "18a.sql": {"speedup": 1.0772063180301967, "speedupAbs": 0.26841259002685547, "opt": 62}, "7b.sql": {"speedup": 1.0612691849016016, "speedupAbs": 0.14858102798461914, "opt": 58}, "18b.sql": {"speedup": 1.064657639147881, "speedupAbs": 0.24035906791687012, "opt": 62}, "7c.sql": {"speedup": 1.203044845691149, "speedupAbs": 0.790247917175293, "opt": 55}, "18c.sql": {"speedup": 1.0013554053574947, "speedupAbs": 0.0062618255615234375, "opt": 46}, "8a.sql": {"speedup": 1.1263958070895497, "speedupAbs": 0.20106792449951172, "opt": 30}, "19a.sql": {"speedup": 1.1188117084566975, "speedupAbs": 0.44814205169677734, "opt": 62}, "8b.sql": {"speedup": 1.1290365992433775, "speedupAbs": 0.20962977409362793, "opt": 14}, "19b.sql": {"speedup": 1.0808351958538338, "speedupAbs": 0.24009013175964355, "opt": 62}, "8c.sql": {"speedup": 1.0038549850934022, "speedupAbs": 0.026548385620117188, "opt": 47}, "19c.sql": {"speedup": 1.0922051778226147, "speedupAbs": 0.34499454498291016, "opt": 46}, "8d.sql": {"speedup": 1.0265362147857222, "speedupAbs": 0.0950629711151123, "opt": 62}, "19d.sql": {"speedup": 1.022164894063584, "speedupAbs": 0.29899168014526367, "opt": 39}, "9a.sql": {"speedup": 1.061867572339712, "speedupAbs": 0.15829753875732422, "opt": 46}, "1a.sql": {"speedup": 1.188960021060441, "speedupAbs": 0.01882457733154297, "opt": 62}, "9b.sql": {"speedup": 1.1030631983657493, "speedupAbs": 0.19718480110168457, "opt": 30}, "1b.sql": {"speedup": 1.2987004293888398, "speedupAbs": 0.028725862503051758, "opt": 62}, "9c.sql": {"speedup": 1.0613822365012904, "speedupAbs": 0.1724388599395752, "opt": 30}, "1c.sql": {"speedup": 1.333254209628366, "speedupAbs": 0.03213357925415039, "opt": 62}, "9d.sql": {"speedup": 1.0917822571703886, "speedupAbs": 0.5009210109710693, "opt": 38}, "1d.sql": {"speedup": 1.2443101830126702, "speedupAbs": 0.02283930778503418, "opt": 62}, "20a.sql": {"speedup": 1.1784082909725502, "speedupAbs": 0.5819535255432129, "opt": 34}, "20b.sql": {"speedup": 1.1222029458290983, "speedupAbs": 0.3866140842437744, "opt": 38}, "20c.sql": {"speedup": 1.0720893565361462, "speedupAbs": 0.23552632331848145, "opt": 46}, "21a.sql": {"speedup": 1.626639212969124, "speedupAbs": 1.1743063926696777, "opt": 55}, "21b.sql": {"speedup": 1.2238024210008398, "speedupAbs": 0.3437786102294922, "opt": 62}, "21c.sql": {"speedup": 1.0019174583884687, "speedupAbs": 0.0014986991882324219, "opt": 62}, "22a.sql": {"speedup": 1.1596216263539207,