{"26b.sql": {"63": 3.7276549339294434, "62": 3.421431064605713, "47": 3.054307460784912, "opt": 47}, "10a.sql": {"63": 2.298217296600342, "62": 2.291217088699341, "46": 2.269831657409668, "30": 2.210589647293091, "14": 2.199842691421509, "opt": 14}, "26c.sql": {"63": 7.630223274230957, "62": 7.541978597640991, "55": 4.937509536743164, "opt": 55}, "10b.sql": {"63": 2.1622872352600098, "62": 2.1201560497283936, "opt": 62}, "27a.sql": {"63": 2.02400541305542, "62": 1.846980094909668, "61": 0.7129378318786621, "opt": 61}, "10c.sql": {"63": 3.6748533248901367, "62": 3.5525312423706055, "46": 3.5607709884643555, "15": 2.3255515098571777, "opt": 15}, "27b.sql": {"63": 0.6974599361419678, "62": 0.7002828121185303, "57": 0.6873974800109863, "46": 0.661017656326294, "opt": 46}, "11a.sql": {"63": 0.3762240409851074, "62": 0.33135485649108887, "46": 0.3192472457885742, "opt": 46}, "28a.sql": {"63": 277.3979821205139, "62": 273.23690962791443, "58": 272.6774015426636, "55": 4.439884662628174, "opt": 55}, "11b.sql": {"63": 14.351634979248047, "61": 2.5520427227020264, "opt": 61}, "27c.sql": {"63": 1.9719386100769043, "62": 1.8001651763916016, "58": 1.740856409072876, "54": 1.7156002521514893, "49": 1.2142224311828613, "opt": 49}, "11c.sql": {"63": 0.34276390075683594, "62": 0.3140091896057129, "58": 0.28542208671569824, "opt": 58}, "28b.sql": {"63": 2.308445692062378, "62": 2.210773468017578, "opt": 62}, "11d.sql": {"63": 0.33930063247680664, "62": 0.31756162643432617, "opt": 62}, "28c.sql": {"63": 132.7025818824768, "62": 129.4513909816742, "59": 3.661618232727051, "opt": 59}, "12a.sql": {"63": 1.5218563079833984, "62": 1.395630121231079, "42": 1.3547191619873047, "opt": 42}, "31a.sql": {"63": 4.707592487335205, "62": 4.457989931106567, "opt": 62}, "12b.sql": {"63": 1.2797234058380127, "62": 1.0787229537963867, "42": 1.0507333278656006, "opt": 42}, "31b.sql": {"63": 4.295730352401733, "46": 4.249719142913818, "opt": 46}, "12c.sql": {"63": 2.1747233867645264, "62": 1.9436018466949463, "46": 1.904106855392456, "opt": 46}, "31c.sql": {"63": 5.72959303855896, "62": 5.489601135253906, "46": 5.452569484710693, "opt": 46}, "13a.sql": {"63": 8.129329681396484, "62": 7.990826368331909, "55": 2.5133285522460938, "opt": 55}, "32a.sql": {"63": 0.024173498153686523, "62": 0.023346900939941406, "opt": 62}, "13b.sql": {"63": 3.89913272857666, "62": 3.662095785140991, "55": 2.375433921813965, "opt": 55}, "32b.sql": {"63": 0.2527124881744385, "62": 0.2474348545074463, "58": 0.24988508224487305, "opt": 62}, "13c.sql": {"63": 3.8574845790863037, "62": 3.6997530460357666, "55": 2.074653148651123, "opt": 55}, "33a.sql": {"63": 0.22987031936645508, "62": 0.2269268035888672, "42": 0.22898101806640625, "opt": 62}, "13d.sql": {"63": 7.735042333602905, "62": 7.720038652420044, "55": 3.6924540996551514, "opt": 55}, "33b.sql": {"63": 0.323594331741333, "62": 0.2839393615722656, "59": 0.23369383811950684, "opt": 59}, "14a.sql": {"63": 4.233787775039673, "62": 4.131894111633301, "59": 3.5993287563323975, "58": 3.1293699741363525, "opt": 58}, "33c.sql": {"63": 0.3619527816772461, "58": 0.3536701202392578, "46": 0.3171093463897705, "42": 0.28898143768310547, "opt": 42}, "14b.sql": {"63": 3.1225643157958984, "62": 2.919585704803467, "46": 2.9108784198760986, "opt": 46}, "3a.sql": {"63": 2.695969581604004, "62": 2.420609474182129, "46": 2.3511953353881836, "42": 2.3553104400634766, "opt": 46}, "14c.sql": {"63": 4.635047435760498, "62": 4.376028299331665, "59": 3.241318941116333, "opt": 59}, "3b.sql": {"63": 1.1269848346710205, "opt": 63}, "15a.sql": {"63": 1.7767133712768555, "62": 1.5688722133636475, "58": 1.5393195152282715, "46": 1.526057481765747, "42": 1.4936583042144775, "opt": 42}, "3c.sql": {"63": 2.0421013832092285, "62": 1.702735185623169, "58": 1.6810827255249023, "opt": 58}, "15b.sql": {"63": 1.4390575885772705, "62": 1.4286878108978271, "42": 1.4322848320007324, "opt": 62}, "4a.sql": {"63": 0.7901427745819092, "62": 0.6234064102172852, "opt": 62}, "15c.sql": {"63": 1.8318212032318115, "62": 1.6644062995910645, "47": 1.6626410484313965, "46": 1.540808916091919, "opt": 46}, "4b.sql": {"63": 0.6283078193664551, "62": 0.547325849533081, "43": 0.536691427230835, "opt": 43}, "15d.sql": {"63": 2.0876643657684326, "62": 1.941908836364746, "46": 1.8490629196166992, "opt": 46}, "4c.sql": {"63": 0.8243143558502197, "62": 0.731935977935791, "42": 0.7055389881134033, "opt": 42}, "16a.sql": {"63": 2.790475606918335, "62": 2.6491575241088867, "58": 2.6020193099975586, "opt": 58}, "5a.sql": {"63": 0.6260268688201904, "62": 0.580085277557373, "38": 0.5748288631439209, "34": 0.5801224708557129, "opt": 38}, "16b.sql": {"63": 7.9443488121032715, "55": 7.211483001708984, "54": 6.950862646102905, "50": 7.1580212116241455, "39": 7.063003063201904, "38": 6.9201500415802, "35": 7.125355243682861, "34": 7.1122190952301025, "opt": 38}, "5b.sql": {"63": 0.3877687454223633, "62": 0.3371710777282715, "opt": 62}, "16c.sql": {"63": 3.7100329399108887, "opt": 63}, "5c.sql": {"63": 1.7537806034088135, "62": 1.6578738689422607, "46": 1.641786813735962, "opt": 46}, "16d.sql": {"63": 3.791921854019165, "62": 3.4544243812561035, "46": 3.448726177215576, "opt": 46}, "6a.sql": {"63": 2.6146342754364014, "62": 2.4068655967712402, "58": 2.3989944458007812, "42": 2.380936861038208, "opt": 42}, "17a.sql": {"63": 5.989910364151001, "62": 5.791066884994507, "55": 4.446862459182739, "opt": 55}, "6b.sql": {"63": 3.454859495162964, "62": 3.457587957382202, "55": 3.1359448432922363, "54": 2.9929099082946777, "50": 2.8657259941101074, "opt": 50}, "17b.sql": {"63": 4.351836204528809, "51": 4.313840389251709, "50": 4.0557849407196045, "opt": 50}, "6c.sql": {"63": 2.590815305709839, "62": 2.4011058807373047, "58": 2.401193141937256, "46": 2.3868465423583984, "42": 2.3887882232666016, "opt": 46}, "17c.sql": {"63": 4.380375623703003, "62": 4.192943572998047, "55": 3.8329005241394043, "54": 3.3722984790802, "opt": 54}, "6d.sql": {"63": 4.477848768234253, "62": 4.474019765853882, "55": 3.289313793182373, "opt": 55}, "17d.sql": {"63": 4.225725412368774, "55": 3.7307493686676025, "opt": 55}, "6e.sql": {"63": 2.6187045574188232, "62": 2.4134185314178467, "58": 2.4056320190429688, "46": 2.396772623062134, "opt": 46}, "17e.sql": {"63": 6.073862552642822, "62": 5.899534225463867, "54": 6.0511486530303955, "34": 6.066054344177246, "opt": 62}, "6f.sql": {"63": 4.7324113845825195, "62": 4.565265893936157, "46": 4.572427749633789, "opt": 62}, "17f.sql": {"63": 6.055252313613892, "55": 4.670998573303223, "opt": 55}, "7a.sql": {"63": 2.8052728176116943, "62": 2.733330488204956, "47": 2.6734793186187744, "46": 2.549755573272705, "opt": 46}, "18a.sql": {"63": 3.7449750900268555, "62": 3.4765625, "opt": 62}, "7b.sql": {"63": 2.573634147644043, "62": 2.4363667964935303, "58": 2.425053119659424, "46": 2.430863857269287, "opt": 58}, "18b.sql": {"63": 3.957770824432373, "62": 3.717411756515503, "opt": 62}, "7c.sql": {"63": 4.6822350025177, "62": 4.645440578460693, "59": 4.635149240493774, "58": 4.52574896812439, "55": 3.8919870853424072, "opt": 55}, "18c.sql": {"63": 4.626153230667114, "46": 4.619891405105591, "opt": 46}, "8a.sql": {"63": 1.7918479442596436, "62": 1.6092169284820557, "30": 1.5907800197601318, "opt": 30}, "19a.sql": {"63": 4.220009803771973, "62": 3.7718677520751953, "opt": 62}, "8b.sql": {"63": 1.8342058658599854, "62": 1.6822309494018555, "46": 1.6657307147979736, "30": 1.6302096843719482, "14": 1.6245760917663574, "opt": 14}, "19b.sql": {"63": 3.2102088928222656, "62": 2.970118761062622, "opt": 62}, "8c.sql": {"63": 6.913315773010254, "47": 6.886767387390137, "opt": 47}, "19c.sql": {"63": 4.086590766906738, "62": 3.8206543922424316, "46": 3.741596221923828, "opt": 46}, "8d.sql": {"63": 3.6774492263793945, "62": 3.5823862552642822, "46": 3.597954273223877, "opt": 62}, "19d.sql": {"63": 13.788416862487793, "47": 13.70484709739685, "39": 13.48942518234253, "34": 14.963342905044556, "opt": 39}, "9a.sql": {"63": 2.7169487476348877,