{"1.sql": {"speedup": 1.0184014425448653, "speedupAbs": 0.03979754447937012, "opt": 30}, "10.sql": {"speedup": 1.2287191610444492, "speedupAbs": 0.15722370147705078, "opt": 62}, "11.sql": {"speedup": 1.164439856067516, "speedupAbs": 0.023468971252441406, "opt": 26}, "12.sql": {"speedup": 1.1721069050406576, "speedupAbs": 0.10030889511108398, "opt": 39}, "13.sql": {"speedup": 1.0385441563682596, "speedupAbs": 0.02088141441345215, "opt": 62}, "14.sql": {"speedup": 1.1135184382173753, "speedupAbs": 0.04756045341491699, "opt": 50}, "15.sql": {"speedup": 1.2417960443010236, "speedupAbs": 0.21375060081481934, "opt": 62}, "16.sql": {"speedup": 1.06806289221326, "speedupAbs": 0.020917177200317383, "opt": 51}, "17.sql": {"speedup": 1.336443171260452, "speedupAbs": 0.006216287612915039, "opt": 61}, "18.sql": {"speedup": 1.065510505863228, "speedupAbs": 0.2932436466217041, "opt": 41}, "19.sql": {"speedup": 1.2642276642714916, "speedupAbs": 0.023285627365112305, "opt": 62}, "2.sql": {"speedup": 1.4071508379082522, "speedupAbs": 23.421969175338745, "opt": 55}, "20.sql": {"speedup": 1.0134068685434419, "speedupAbs": 0.06503081321716309, "opt": 12}, "21.sql": {"speedup": 114.61396057536373, "speedupAbs": 297.38251781463623, "opt": 55}, "22.sql": {"speedup": 1.0699309459691002, "speedupAbs": 0.020629167556762695, "opt": 62}, "3.sql": {"speedup": 1.1340709429773852, "speedupAbs": 0.08639740943908691, "opt": 34}, "4.sql": {"speedup": 1.218060923302488, "speedupAbs": 0.19403457641601562, "opt": 46}, "5.sql": {"speedup": 1.0800477478790815, "speedupAbs": 0.04032182693481445, "opt": 54}, "6.sql": {"speedup": 1.2150443838725782, "speedupAbs": 0.09468865394592285, "opt": 58}, "7.sql": {"speedup": 1.142865492392182, "speedupAbs": 0.07867574691772461, "opt": 59}, "8.sql": {"speedup": 1.4006286083644364, "speedupAbs": 0.11718416213989258, "opt": 47}, "9.sql": {"speedup": 1.1430979192109625, "speedupAbs": 0.18367934226989746, "opt": 35}, "avrgTOT": {"speedup": 6.325001612862556, "speedupAbs": 322.63178300857544, "speedupAvg": 14.665081045844339, "pg_def": 402.8370428085327, "runtime": 4258.052307128906, "factor": 0.07576980265564602}, "30": {"total_speedup": 1.0184014425448653, "count": 1, "average_speedup": 1.0184014425448653}, "62": {"total_speedup": 5.843217971954324, "count": 5, "average_speedup": 1.1686435943908648}, "26": {"total_speedup": 1.164439856067516, "count": 1, "average_speedup": 1.164439856067516}, "39": {"total_speedup": 1.1721069050406576, "count": 1, "average_speedup": 1.1721069050406576}, "50": {"total_speedup": 1.1135184382173753, "count": 1, "average_speedup": 1.1135184382173753}, "51": {"total_speedup": 1.06806289221326, "count": 1, "average_speedup": 1.06806289221326}, "61": {"total_speedup": 1.336443171260452, "count": 1, "average_speedup": 1.336443171260452}, "41": {"total_speedup": 1.065510505863228, "count": 1, "average_speedup": 1.065510505863228}, "55": {"total_speedup": 116.02111141327198, "count": 2, "average_speedup": 58.01055570663599}, "12": {"total_speedup": 1.0134068685434419, "count": 1, "average_speedup": 1.0134068685434419}, "34": {"total_speedup": 1.1340709429773852, "count": 1, "average_speedup": 1.1340709429773852}, "46": {"total_speedup": 1.218060923302488, "count": 1, "average_speedup": 1.218060923302488}, "54": {"total_speedup": 1.0800477478790815, "count": 1, "average_speedup": 1.0800477478790815}, "58": {"total_speedup": 1.2150443838725782, "count": 1, "average_speedup": 1.2150443838725782}, "59": {"total_speedup": 1.142865492392182, "count": 1, "average_speedup": 1.142865492392182}, "47": {"total_speedup": 1.4006286083644364, "count": 1, "average_speedup": 1.4006286083644364}, "35": {"total_speedup": 1.1430979192109625, "count": 1, "average_speedup": 1.1430979192109625}}