{"1.sql": {"63": 2.202538013458252, "62": 2.2048864364624023, "50": 2.202620029449463, "46": 2.1964781284332275, "38": 2.1862449645996094, "30": 2.162740468978882, "opt": 30}, "10.sql": {"63": 0.8446331024169922, "62": 0.6874094009399414, "opt": 62}, "11.sql": {"63": 0.16618967056274414, "62": 0.15258121490478516, "47": 0.1446681022644043, "26": 0.14272069931030273, "opt": 26}, "12.sql": {"63": 0.6831378936767578, "62": 0.6306273937225342, "59": 0.6026577949523926, "54": 0.5914266109466553, "51": 0.587773323059082, "46": 0.5881679058074951, "43": 0.5908451080322266, "39": 0.5828289985656738, "35": 0.5831518173217773, "opt": 39}, "13.sql": {"63": 0.5626344680786133, "62": 0.5417530536651611, "opt": 62}, "14.sql": {"63": 0.46652722358703613, "59": 0.4571657180786133, "54": 0.4485917091369629, "51": 0.4268629550933838, "50": 0.41896677017211914, "opt": 50}, "15.sql": {"63": 1.0977625846862793, "62": 0.88401198387146, "opt": 62}, "16.sql": {"63": 0.32823848724365234, "51": 0.30732131004333496, "38": 0.3076455593109131, "35": 0.30905866622924805, "opt": 51}, "17.sql": {"63": 0.024692773818969727, "61": 0.018476486206054688, "opt": 61}, "18.sql": {"63": 4.769527912139893, "61": 4.575150728225708, "60": 4.574537515640259, "48": 4.515618562698364, "45": 4.5168421268463135, "41": 4.4762842655181885, "opt": 41}, "19.sql": {"63": 0.11141276359558105, "62": 0.08812713623046875, "opt": 62}, "2.sql": {"63": 80.9484851360321, "60": 79.97607612609863, "55": 57.52651596069336, "opt": 55}, "20.sql": {"63": 4.915590286254883, "62": 4.905539274215698, "47": 4.885219573974609, "31": 4.854708433151245, "15": 4.850816488265991, "12": 4.85055947303772, "opt": 12}, "21.sql": {"55": 2.6174821853637695, "opt": 55}, "22.sql": {"63": 0.31562256813049316, "62": 0.29499340057373047, "opt": 62}, "3.sql": {"63": 0.7308130264282227, "62": 0.6938562393188477, "59": 0.6935746669769287, "58": 0.6625258922576904, "46": 0.663508415222168, "38": 0.6545326709747314, "34": 0.6444156169891357, "opt": 34}, "4.sql": {"63": 1.083852767944336, "62": 0.9320981502532959, "57": 0.9718799591064453, "54": 0.9419455528259277, "49": 0.9323835372924805, "46": 0.8898181915283203, "opt": 46}, "5.sql": {"63": 0.544044017791748, "62": 0.5039434432983398, "54": 0.5037221908569336, "51": 0.5092873573303223, "opt": 54}, "6.sql": {"63": 0.5350100994110107, "62": 0.47977185249328613, "58": 0.4403214454650879, "opt": 58}, "7.sql": {"63": 0.6293737888336182, "62": 0.5744199752807617, "59": 0.5506980419158936, "58": 0.5526440143585205, "54": 0.55352783203125, "50": 0.5547449588775635, "47": 0.554330587387085, "opt": 59}, "8.sql": {"63": 0.4096848964691162, "62": 0.35974621772766113, "59": 0.35528564453125, "58": 0.34888362884521484, "47": 0.29250073432922363, "opt": 47}, "9.sql": {"63": 1.467271327972412, "62": 1.499027967453003, "55": 1.2889127731323242, "54": 1.2941982746124268, "39": 1.3126275539398193, "35": 1.2835919857025146, "opt": 35}, "runtime": 4258.052307128906}