{"12.sql": {"63": 1.0482125282287598, "59": 1.0480530261993408, "opt": 59}, "7.sql": {"63": 0.9651849269866943, "62": 0.9653036594390869, "59": 0.9642214775085449, "opt": 59}, "3.sql": {"63": 1.0171606540679932, "59": 1.0080912113189697, "opt": 59}, "19.sql": {"63": 0.14730143547058105, "59": 0.14130115509033203, "opt": 59}, "22.sql": {"63": 0.4989283084869385, "59": 0.4751260280609131, "opt": 59}, "14.sql": {"63": 0.7198343276977539, "59": 0.7029547691345215, "opt": 59}, "6.sql": {"63": 0.6542110443115234, "59": 0.6584177017211914, "43": 0.654975175857544, "39": 0.6595315933227539, "34": 0.6523675918579102, "opt": 34}, "17.sql": {"63": 0.0389554500579834, "45": 0.02643752098083496, "opt": 45}, "11.sql": {"63": 0.33942627906799316, "59": 0.20931601524353027, "opt": 59}, "21.sql": {"39": 4.489003419876099, "38": 4.476140022277832, "37": 4.540116786956787, "36": 4.830564975738525, "35": 4.504385232925415, "34": 4.515140771865845, "33": 4.9650959968566895, "32": 4.496767997741699, "51": 4.493370532989502, "50": 4.495736360549927, "54": 4.941938400268555, "55": 4.479462385177612, "opt": 38}, "20.sql": {"63": 7.552083969116211, "59": 7.259580850601196, "opt": 59}, "4.sql": {"63": 1.6168081760406494, "59": 1.6086549758911133, "opt": 59}, "9.sql": {"63": 3.4021589756011963, "34": 2.3619496822357178, "opt": 34}, "15.sql": {"63": 1.5757498741149902, "59": 1.5372827053070068, "opt": 59}, "2.sql": {"63": 165.41428542137146, "39": 140.38335156440735, "opt": 39}, "8.sql": {"63": 0.5995316505432129, "43": 0.591127872467041, "opt": 43}, "10.sql": {"63": 1.218324899673462, "59": 1.2235000133514404, "58": 1.2300350666046143, "55": 1.2263011932373047, "54": 1.2277874946594238, "51": 1.2291760444641113, "50": 1.2279727458953857, "47": 1.2420775890350342, "46": 1.2184665203094482, "42": 1.2329397201538086, "39": 1.2077422142028809, "opt": 39}, "1.sql": {"63": 4.278807163238525, "59": 4.257756471633911, "opt": 59}, "16.sql": {"63": 0.59613037109375, "59": 0.5824112892150879, "opt": 59}, "13.sql": {"63": 0.952923059463501, "59": 0.9525785446166992, "opt": 59}, "18.sql": {"63": 7.934128761291504, "59": 7.921128511428833, "opt": 59}, "5.sql": {"63": 0.9254164695739746, "62": 0.9078776836395264, "opt": 62}, "runtime": 1646.4710211753845}