{
    "10c.sql": {
        "speedup": 7.931074345424496,
        "speedupAbs": 6.872993230819702,
        "opt": 62
    },
    "22d.sql": {
        "speedup": 1.1114638753519188,
        "speedupAbs": 104.22438216209412,
        "opt": 59
    },
    "11a.sql": {
        "speedup": 1.1110273992383635,
        "speedupAbs": 4.0616865158081055,
        "opt": 46
    },
    "14b.sql": {
        "speedup": 1.1408504045726877,
        "speedupAbs": 37.21089553833008,
        "opt": 58
    },
    "15c.sql": {
        "speedup": 1.0526429707113185,
        "speedupAbs": 52.83478760719299,
        "opt": 46
    },
    "11c.sql": {
        "speedup": 1.123893985789349,
        "speedupAbs": 3.7760350704193115,
        "opt": 43
    },
    "31b.sql": {
        "speedup": 48.45927815167212,
        "speedupAbs": 1.647118330001831,
        "opt": 49
    },
    "7c.sql": {
        "speedup": 7.174703572764093,
        "speedupAbs": 16.198225498199463,
        "opt": 47
    },
    "24b.sql": {
        "speedup": 12.27328608323485,
        "speedupAbs": 7.101108074188232,
        "opt": 60
    },
    "17b.sql": {
        "speedup": 3.372090435647119,
        "speedupAbs": 54.70031523704529,
        "opt": 62
    },
    "22a.sql": {
        "speedup": 1.194574034227026,
        "speedupAbs": 99.33081579208374,
        "opt": 62
    },
    "13d.sql": {
        "speedup": 1.1554404451510762,
        "speedupAbs": 137.22610759735107,
        "opt": 62
    },
    "8c.sql": {
        "speedup": 0,
        "speedupAbs": 0.0,
        "opt": 63
    },
    "16b.sql": {
        "speedup": 3.2242097662409237,
        "speedupAbs": 58.61613702774048,
        "opt": 47
    },
    "17e.sql": {
        "speedup": 1.3954726796451091,
        "speedupAbs": 152.94884634017944,
        "opt": 39
    },
    "16d.sql": {
        "speedup": 1.562994131707002,
        "speedupAbs": 85.37847638130188,
        "opt": 49
    },
    "9c.sql": {
        "speedup": 5.0086737165577535,
        "speedupAbs": 25.704941034317017,
        "opt": 49
    },
    "8d.sql": {
        "speedup": 25.84486774056203,
        "speedupAbs": 2.1284077167510986,
        "opt": 47
    },
    "2a.sql": {
        "speedup": 65.17344281747668,
        "speedupAbs": 0.4444446563720703,
        "opt": 49
    },
    "23b.sql": {
        "speedup": 1.0690069328141723,
        "speedupAbs": 37.7814679145813,
        "opt": 46
    },
    "2b.sql": {
        "speedup": 1.1133154759927943,
        "speedupAbs": 8.952219724655151,
        "opt": 47
    },
    "19c.sql": {
        "speedup": 278.99649994604806,
        "speedupAbs": 0.3446798324584961,
        "opt": 60
    },
    "32a.sql": {
        "speedup": 5.663975807257823,
        "speedupAbs": 0.009539604187011719,
        "opt": 62
    },
    "2d.sql": {
        "speedup": 1.0217539879575035,
        "speedupAbs": 56.099942445755005,
        "opt": 46
    },
    "15b.sql": {
        "speedup": 1.6832661825405015,
        "speedupAbs": 8.259280681610107,
        "opt": 49
    },
    "23c.sql": {
        "speedup": 1.1029563682842982,
        "speedupAbs": 24.937121868133545,
        "opt": 46
    },
    "9d.sql": {
        "speedup": 10.43747060734053,
        "speedupAbs": 28.742595911026,
        "opt": 60
    },
    "11b.sql": {
        "speedup": 1.0061118701216818,
        "speedupAbs": 73.65028119087219,
        "opt": 43
    },
    "1a.sql": {
        "speedup": 8.025514089870528,
        "speedupAbs": 0.022539138793945312,
        "opt": 62
    },
    "12c.sql": {
        "speedup": 1.1838834502379123,
        "speedupAbs": 19.50441837310791,
        "opt": 46
    },
    "33c.sql": {
        "speedup": 1.0445955841405317,
        "speedupAbs": 10.18513822555542,
        "opt": 42
    },
    "5c.sql": {
        "speedup": 1.124545677880887,
        "speedupAbs": 22.90737819671631,
        "opt": 47
    },
    "10a.sql": {
        "speedup": 3.5319390623445086,
        "speedupAbs": 36.43305945396423,
        "opt": 62
    },
    "25a.sql": {
        "speedup": 8.004587138126439,
        "speedupAbs": 14.89949107170105,
        "opt": 62
    },
    "30c.sql": {
        "speedup": 7.967041002001623,
        "speedupAbs": 8.147906064987183,
        "opt": 51
    },
    "19b.sql": {
        "speedup": 2.681252984954484,
        "speedupAbs": 26.94131088256836,
        "opt": 49
    },
    "8b.sql": {
        "speedup": 5.274085489554626,
        "speedupAbs": 17.575576305389404,
        "opt": 62
    },
    "18a.sql": {
        "speedup": 123.17083829956368,
        "speedupAbs": 1.0717778205871582,
        "opt": 49
    },
    "14c.sql": {
        "speedup": 1.091880813622357,
        "speedupAbs": 60.35754466056824,
        "opt": 43
    },
    "27c.sql": {
        "speedup": 1.0449726444856997,
        "speedupAbs": 22.406349420547485,
        "opt": 25
    },
    "29c.sql": {
        "speedup": 33.90808348886185,
        "speedupAbs": 2.9937374591827393,
        "opt": 49
    },
    "31c.sql": {
        "speedup": 9.573756332405186,
        "speedupAbs": 18.325467109680176,
        "opt": 62
    },
    "18c.sql": {
        "speedup": 10.778619491458764,
        "speedupAbs": 12.642717599868774,
        "opt": 49
    },
    "25b.sql": {
        "speedup": 6.358975421246851,
        "speedupAbs": 8.793523073196411,
        "opt": 47
    },
    "21c.sql": {
        "speedup": 17.54376908436145,
        "speedupAbs": 0.08705973625183105,
        "opt": 62
    },
    "17c.sql": {
        "speedup": 1.3696479079765054,
        "speedupAbs": 124.85769534111023,
        "opt": 38
    },
    "27b.sql": {
        "speedup": 16.79546377590635,
        "speedupAbs": 0.07983684539794922,
        "opt": 62
    },
    "17a.sql": {
        "speedup": 4.692118014164538,
        "speedupAbs": 19.78132438659668,
        "opt": 47
    },
    "10b.sql": {
        "speedup": 0,
        "speedupAbs": 0.0,
        "opt": 63
    },
    "6d.sql": {
        "speedup": 1.4991889646496086,
        "speedupAbs": 94.17975902557373,
        "opt": 51
    },
    "17f.sql": {
        "speedup": 22.40296214392933,
        "speedupAbs": 8.874374389648438,
        "opt": 49
    },
    "13b.sql": {
        "speedup": 1.079739353690072,
        "speedupAbs": 77.41233849525452,
        "opt": 55
    },
    "24a.sql": {
        "speedup": 5.698151783420922,
        "speedupAbs": 14.514519929885864,
        "opt": 62
    },
    "20c.sql": {
        "speedup": 5.330263092756061,
        "speedupAbs": 20.43433976173401,
        "opt": 62
    },
    "28b.sql": {
        "speedup": 4.2374596720343565,
        "speedupAbs": 2.4422435760498047,
        "opt": 62
    },
    "25c.sql": {
        "speedup": 4.040737176751148,
        "speedupAbs": 28.68647599220276,
        "opt": 62
    },
    "28c.sql": {
        "speedup": 1.0567765954173287,
        "speedupAbs": 268.9995799064636,
        "opt": 34
    },
    "23a.sql": {
        "speedup": 1.0280587059302138,
        "speedupAbs": 89.60661816596985,
        "opt": 43
    },
    "14a.sql": {
        "speedup": 1.0464843693632078,
        "speedupAbs": 136.4734411239624,
        "opt": 43
    },
    "2c.sql": {
        "speedup": 1.0434919634124284,
        "speedupAbs": 20.650283098220825,
        "opt": 35
    },
    "11d.sql": {
        "speedup": 1.1336640020337312,
        "speedupAbs": 3.4775731563568115,
        "opt": 46
    },
    "26a.sql": {
        "speedup": 5.283464370492816,
        "speedupAbs": 38.514089822769165,
        "opt": 62
    },
    "1c.sql": {
        "speedup": 1.06078608767055,
        "speedupAbs": 2.4389684200286865,
        "opt": 43
    },
    "7b.sql": {
        "speedup": 0,
        "speedupAbs": 0.0,
        "opt": 63
    },
    "7a.sql": {
        "speedup": 7.8357794102702165,
        "speedupAbs": 5.628181219100952,
        "opt": 47
    },
    "30b.sql": {
        "speedup": 0,
        "speedupAbs": 0.0,
        "opt": 63
    },
    "3a.sql": {
        "speedup": 1.1615412952325783,