{"12.sql": {"63": 1.0440633296966553, "62": 1.0502476692199707, "59": 1.0505859851837158, "58": 1.0496549606323242, "55": 1.0474364757537842, "54": 1.0437819957733154, "opt": 54}, "7.sql": {"63": 0.962860107421875, "54": 0.9659285545349121, "62": 0.958176851272583, "opt": 62}, "3.sql": {"63": 1.0213308334350586, "54": 1.0146703720092773, "opt": 54}, "19.sql": {"63": 0.14123821258544922, "60": 0.11063838005065918, "opt": 60}, "22.sql": {"63": 0.4830200672149658, "54": 0.49498414993286133, "62": 0.49600934982299805, "47": 0.4971888065338135, "51": 0.464963436126709, "opt": 51}, "14.sql": {"63": 0.7090427875518799, "54": 0.7118465900421143, "62": 0.7198219299316406, "50": 0.7109007835388184, "39": 0.7201480865478516, "38": 0.7107737064361572, "51": 0.721508264541626, "35": 0.7100021839141846, "46": 0.7273764610290527, "43": 0.7219254970550537, "42": 0.7107348442077637, "55": 0.7150435447692871, "59": 0.7211878299713135, "58": 0.7202208042144775, "opt": 63}, "6.sql": {"63": 0.6727311611175537, "54": 0.6728694438934326, "62": 0.6606931686401367, "opt": 62}, "17.sql": {"63": 0.04194235801696777, "31": 0.033780574798583984, "opt": 31}, "11.sql": {"63": 0.34798765182495117, "31": 0.16529369354248047, "62": 0.1642627716064453, "15": 0.1657090187072754, "14": 0.1631462574005127, "47": 0.16353559494018555, "opt": 14}, "21.sql": {"54": 4.4927027225494385, "51": 4.505002498626709, "50": 4.518033742904663, "39": 4.514164447784424, "38": 4.509689807891846, "37": 5.169938802719116, "36": 4.510266304016113, "35": 4.468847036361694, "34": 4.827018976211548, "33": 5.116432428359985, "32": 4.9971771240234375, "55": 4.491311073303223, "opt": 35}, "20.sql": {"63": 7.205531120300293, "60": 7.195541858673096, "opt": 60}, "4.sql": {"63": 1.6111526489257812, "54": 1.6165540218353271, "62": 1.6005914211273193, "opt": 62}, "9.sql": {"63": 3.392608165740967, "54": 2.376324415206909, "opt": 54}, "15.sql": {"63": 1.5894784927368164, "31": 1.5336863994598389, "opt": 31}, "2.sql": {"63": 165.95666646957397, "54": 79.93881368637085, "23": 74.77610754966736, "opt": 23}, "8.sql": {"63": 0.5778183937072754, "62": 0.5729858875274658, "opt": 62}, "10.sql": {"63": 1.2268798351287842, "54": 1.2264621257781982, "opt": 54}, "1.sql": {"63": 4.262242078781128, "54": 4.276389122009277, "62": 4.2713623046875, "23": 4.268388748168945, "34": 4.27463960647583, "31": 4.250457525253296, "opt": 31}, "16.sql": {"63": 0.5818700790405273, "62": 0.5809042453765869, "opt": 62}, "13.sql": {"63": 0.9412705898284912, "54": 0.9221742153167725, "opt": 54}, "18.sql": {"63": 7.995858907699585, "54": 7.956039190292358, "opt": 54}, "5.sql": {"63": 0.9182286262512207, "54": 0.9113175868988037, "opt": 54}, "runtime": 6059.601186513901}