{
    "12.sql": {
        "speedup": 3711.117796610367,
        "speedupAbs": 0.00028133392333984375,
        "opt": 54
    },
    "7.sql": {
        "speedup": 205.59629384513397,
        "speedupAbs": 0.004683256149291992,
        "opt": 62
    },
    "3.sql": {
        "speedup": 153.34235395188944,
        "speedupAbs": 0.00666046142578125,
        "opt": 54
    },
    "19.sql": {
        "speedup": 4.6156531224434145,
        "speedupAbs": 0.03059983253479004,
        "opt": 60
    },
    "22.sql": {
        "speedup": 26.7502871855813,
        "speedupAbs": 0.018056631088256836,
        "opt": 51
    },
    "14.sql": {
        "speedup": 0,
        "speedupAbs": 0.0,
        "opt": 63
    },
    "6.sql": {
        "speedup": 55.88399912855751,
        "speedupAbs": 0.012037992477416992,
        "opt": 62
    },
    "17.sql": {
        "speedup": 5.138871848800865,
        "speedupAbs": 0.008161783218383789,
        "opt": 31
    },
    "11.sql": {
        "speedup": 1.8826283631354308,
        "speedupAbs": 0.18484139442443848,
        "opt": 14
    },
    "21.sql": {
        "speedup": 1.0151214076470358,
        "speedupAbs": 295.5311529636383,
        "opt": 35
    },
    "20.sql": {
        "speedup": 721.3277006062352,
        "speedupAbs": 0.009989261627197266,
        "opt": 60
    },
    "4.sql": {
        "speedup": 152.5535363568643,
        "speedupAbs": 0.010561227798461914,
        "opt": 62
    },
    "9.sql": {
        "speedup": 3.3382489525766297,
        "speedupAbs": 1.0162837505340576,
        "opt": 54
    },
    "15.sql": {
        "speedup": 28.489314513544333,
        "speedupAbs": 0.05579209327697754,
        "opt": 31
    },
    "2.sql": {
        "speedup": 1.8200882779776664,
        "speedupAbs": 91.18055891990662,
        "opt": 23
    },
    "8.sql": {
        "speedup": 119.56909566332803,
        "speedupAbs": 0.00483250617980957,
        "opt": 62
    },
    "10.sql": {
        "speedup": 2937.1615296806053,
        "speedupAbs": 0.0004177093505859375,
        "opt": 54
    },
    "1.sql": {
        "speedup": 361.6804038197016,
        "speedupAbs": 0.011784553527832031,
        "opt": 31
    },
    "16.sql": {
        "speedup": 602.4537151320737,
        "speedupAbs": 0.0009658336639404297,
        "opt": 62
    },
    "13.sql": {
        "speedup": 49.29053885337586,
        "speedupAbs": 0.01909637451171875,
        "opt": 54
    },
    "18.sql": {
        "speedup": 200.8014980600658,
        "speedupAbs": 0.03981971740722656,
        "opt": 54
    },
    "5.sql": {
        "speedup": 132.86404250181178,
        "speedupAbs": 0.006911039352416992,
        "opt": 54
    },
    "avrgTOT": {
        "speedup": 430.7587599037144,
        "speedupAbs": 388.15348863601685,
        "speedupAvg": 17.64334039254622,
        "runtime": 6059.601186513901,
        "factor": 0.06405594637150076
    },
    "54": {
        "total_speedup": 7187.916008610691,
        "count": 7,
        "average_speedup": 1026.8451440872416
    },
    "62": {
        "total_speedup": 1136.0566401259575,
        "count": 5,
        "average_speedup": 227.2113280251915
    },
    "60": {
        "total_speedup": 725.9433537286786,
        "count": 2,
        "average_speedup": 362.9716768643393
    },
    "51": {
        "total_speedup": 26.7502871855813,
        "count": 1,
        "average_speedup": 26.7502871855813
    },
    "63": {
        "total_speedup": 0,
        "count": 1,
        "average_speedup": 0.0
    },
    "31": {
        "total_speedup": 395.3085901820468,
        "count": 3,
        "average_speedup": 131.76953006068229
    },
    "14": {
        "total_speedup": 1.8826283631354308,
        "count": 1,
        "average_speedup": 1.8826283631354308
    },
    "35": {
        "total_speedup": 1.0151214076470358,
        "count": 1,
        "average_speedup": 1.0151214076470358
    },
    "23": {
        "total_speedup": 1.8200882779776664,
        "count": 1,
        "average_speedup": 1.8200882779776664
    }
}