{"10c.sql": {"63": 64.72949004173279, "60": 45.69068622589111, "opt": 60}, "22d.sql": {"63": 114.32946968078613, "62": 75.35189366340637, "opt": 62}, "11a.sql": {"63": 0.7320640087127686, "62": 0.46003031730651855, "58": 0.4675168991088867, "47": 0.46140575408935547, "46": 0.4546065330505371, "42": 0.4546360969543457, "opt": 46}, "14b.sql": {"63": 15.953392028808594, "62": 10.38187551498413, "59": 7.75534725189209, "58": 6.823652744293213, "43": 5.595314979553223, "42": 5.2853477001190186, "opt": 42}, "15c.sql": {"63": 21.000960111618042, "62": 19.601290225982666, "61": 14.967467546463013, "60": 6.680382490158081, "opt": 60}, "11c.sql": {"63": 0.7204458713531494, "62": 0.4855968952178955, "43": 0.48610973358154297, "42": 0.4710521697998047, "opt": 42}, "31b.sql": {"63": 65.27527475357056, "58": 41.202000856399536, "opt": 58}, "7c.sql": {"63": 145.33072543144226, "62": 143.4937150478363, "61": 136.17588877677917, "59": 134.63090896606445, "57": 87.81028699874878, "opt": 57}, "24b.sql": {"63": 76.03816151618958, "61": 70.34344530105591, "58": 64.2322735786438, "opt": 58}, "17b.sql": {"63": 262.8903605937958, "62": 121.00472354888916, "opt": 62}, "22a.sql": {"63": 122.59501528739929, "62": 118.14126801490784, "61": 53.71595621109009, "opt": 61}, "13d.sql": {"63": 98.60743689537048, "62": 49.677897453308105, "opt": 62}, "8c.sql": {"63": 73.56106090545654, "47": 71.06504225730896, "opt": 47}, "16b.sql": {"63": 86.03325605392456, "55": 77.11506080627441, "54": 75.3160662651062, "39": 72.14099621772766, "opt": 39}, "17e.sql": {"63": 146.56329226493835, "62": 110.21077513694763, "opt": 62}, "16d.sql": {"63": 108.37763738632202, "60": 70.31157851219177, "opt": 60}, "9c.sql": {"63": 82.37655520439148, "62": 66.36361932754517, "opt": 62}, "8d.sql": {"63": 53.53834533691406, "opt": 63}, "2a.sql": {"63": 7.8527672290802, "62": 1.183661699295044, "47": 1.0140271186828613, "opt": 47}, "23b.sql": {"63": 33.56522512435913, "62": 22.449409246444702, "61": 6.0553648471832275, "opt": 61}, "2b.sql": {"63": 14.249269008636475, "62": 1.6634223461151123, "59": 1.3849053382873535, "58": 1.295985460281372, "47": 1.2124736309051514, "46": 1.0175187587738037, "opt": 46}, "19c.sql": {"63": 98.99532794952393, "62": 85.70908188819885, "59": 79.84416460990906, "opt": 59}, "32a.sql": {"63": 0.23886752128601074, "62": 0.04936385154724121, "59": 0.044554710388183594, "58": 0.041579246520996094, "47": 0.0444033145904541, "46": 0.043678998947143555, "43": 0.04355001449584961, "42": 0.04341483116149902, "opt": 58}, "2d.sql": {"63": 79.47366738319397, "62": 1.28218412399292, "opt": 62}, "15b.sql": {"63": 33.88528609275818, "62": 18.654045581817627, "opt": 62}, "23c.sql": {"63": 6.305122375488281, "62": 2.900132417678833, "59": 2.6785569190979004, "47": 2.603044271469116, "46": 2.5883872509002686, "42": 2.5730764865875244, "opt": 42}, "9d.sql": {"63": 294.4974398612976, "62": 130.4395124912262, "opt": 62}, "11b.sql": {"63": 40.815762519836426, "62": 31.001620769500732, "61": 4.525684356689453, "opt": 61}, "1a.sql": {"63": 1.5983631610870361, "62": 0.16646099090576172, "59": 0.16752338409423828, "58": 0.162858247756958, "47": 0.15704894065856934, "46": 0.15676403045654297, "42": 0.16178083419799805, "opt": 46}, "12c.sql": {"63": 32.97985100746155, "61": 16.57704758644104, "opt": 61}, "33c.sql": {"63": 2.7554330825805664, "62": 0.6180672645568848, "47": 0.47345829010009766, "46": 0.46948814392089844, "43": 0.45847201347351074, "42": 0.4692192077636719, "opt": 43}, "5c.sql": {"63": 5.3379294872283936, "62": 2.8746156692504883, "opt": 62}, "10a.sql": {"63": 81.9685926437378, "59": 70.58857464790344, "58": 70.55449795722961, "54": 67.61521863937378, "opt": 54}, "25a.sql": {"63": 111.59347701072693, "62": 100.29380536079407, "59": 98.98223495483398, "55": 62.22908639907837, "opt": 55}, "30c.sql": {"63": 99.52360320091248, "62": 80.83539128303528, "opt": 62}, "19b.sql": {"63": 82.55090355873108, "62": 81.6683521270752, "61": 57.71074867248535, "opt": 61}, "8b.sql": {"63": 75.98347234725952, "62": 53.437514305114746, "opt": 62}, "18a.sql": {"63": 122.25113701820374, "62": 122.04878115653992, "58": 113.81584572792053, "57": 80.71490693092346, "opt": 57}, "14c.sql": {"63": 119.27347946166992, "62": 72.78848576545715, "opt": 62}, "27c.sql": {"63": 7.68543553352356, "62": 3.209169387817383, "55": 3.1369588375091553, "54": 2.72963285446167, "49": 2.3061447143554688, "48": 2.2934718132019043, "40": 2.257568597793579, "25": 1.116349458694458, "24": 1.0211470127105713, "opt": 24}, "29c.sql": {"63": 102.59409952163696, "54": 96.59801292419434, "51": 96.07184720039368, "50": 95.08755660057068, "49": 76.50298285484314, "opt": 49}, "31c.sql": {"63": 112.81470680236816, "55": 102.48709607124329, "54": 92.74451684951782, "opt": 54}, "18c.sql": {"63": 168.06834983825684, "62": 147.75152897834778, "opt": 62}, "25b.sql": {"63": 89.08769583702087, "62": 89.04402112960815, "58": 88.61516404151917, "55": 78.02126359939575, "54": 67.13396620750427, "opt": 54}, "21c.sql": {"63": 5.474582672119141, "62": 1.468639850616455, "59": 1.4575989246368408, "58": 1.4230868816375732, "47": 1.4200935363769531, "46": 1.404655933380127, "43": 1.405304193496704, "42": 1.404813289642334, "opt": 46}, "17c.sql": {"63": 132.5613968372345, "62": 74.53253293037415, "opt": 62}, "27b.sql": {"63": 4.025624752044678, "62": 1.225290060043335, "57": 1.1654624938964844, "56": 1.1544287204742432, "opt": 56}, "17a.sql": {"63": 108.63325548171997, "61": 66.65072751045227, "opt": 61}, "10b.sql": {"63": 33.00953960418701, "62": 32.79399490356445, "13": 31.80259919166565, "12": 30.370699882507324, "opt": 12}, "6d.sql": {"63": 267.3020086288452, "62": 149.7139925956726, "opt": 62}, "17f.sql": {"63": 166.9524941444397, "62": 155.5317666530609, "59": 105.40186882019043, "opt": 59}, "13b.sql": {"63": 129.37734198570251, "62": 32.720072984695435, "opt": 62}, "24a.sql": {"63": 67.1676881313324, "55": 62.24457406997681, "51": 60.851802349090576, "16": 53.69461274147034, "opt": 16}, "20c.sql": {"63": 112.97402930259705, "62": 97.22416019439697, "opt": 62}, "28b.sql": {"63": 31.674415349960327, "62": 4.4065234661102295, "opt": 62}, "25c.sql": {"63": 90.81985211372375, "59": 90.7125825881958, "55": 57.130608320236206, "opt": 55}, "28c.sql": {"59": 40.362056255340576, "opt": 59}, "23a.sql": {"63": 90.5232605934143, "62": 62.69195079803467, "opt": 62}, "14a.sql": {"63": 100.69783639907837, "62": 33.33674931526184, "opt": 62}, "2c.sql": {"63": 19.849745512008667, "62": 1.0049941539764404, "opt": 62}, "11d.sql": {"63": 0.5346031188964844, "62": 0.47264599800109863, "47": 0.46983909606933594, "46": 0.4739506244659424, "42": 0.4779984951019287, "opt": 47}, "26a.sql": {"63": 192.8645851612091, "59": 165.12686777114868, "opt": 59}, "1c.sql": {"63": 4.8225579261779785, "62": 0.16454505920410156, "59": 0.15860223770141602, "58": 0.15057635307312012, "46": 0.15550732612609863, "42": 0.1539919376373291, "opt": 58}, "7b.sql": {"63": 39.503530979156494, "62": 38.413522481918335, "40": 21.66666340827942, "opt": 40}, "7a.sql": {"63": 92.98986601829529, "62": 69.20922303199768, "opt": 62}, "30b.sql": {"63": 97.7232894897461, "62": 82.48623895645142, "opt": 62}, "3a.sql": {"63": 48.47068119049072, "62": 44.51457953453064, "61": 16.26390051841736, "opt": 61}, "6b.sql": {"63": 181.96165680885315, "62": 150.9035677909851, "opt": 62}, "1d.sql": {"63": 1.4991631507873535, "62": 0.15743112564086914, "59": 0.15047144889831543, "58": 0.14834928512573242, "47": 0.1498088836669922, "46": 0.14409685134887695, "42": 0.14775466918945312, "opt": 46}, "17d.sql": {"63": 118.54818558692932, "62": 99.24553537368774, "opt": 62}, "32b.sql": {"63": 8.596908330917358, "62": 0.4814884662628174, "59": 0.4794621467590332, "58": 0.47426533699035645, "47": 0.4711952209472656, "46": 0.471599817276001, "43": 0.47716283798217773, "42": 0.4662308692932129, "opt": 42}, "4c.sql": {"63": 19.137237787246704, "62": 0.9661483764648438, "opt": 62}, "29a.sql": {"63": 61.95720982551575, "62": 53.56574988365173,