{"10c.sql": {"speedup": 1.4166889444758028, "speedupAbs": 19.038803815841675, "opt": 60}, "22d.sql": {"speedup": 1.517274007624691, "speedupAbs": 38.97757601737976, "opt": 62}, "11a.sql": {"speedup": 1.6103244355078097, "speedupAbs": 0.27745747566223145, "opt": 46}, "14b.sql": {"speedup": 3.0184186422492782, "speedupAbs": 10.668044328689575, "opt": 42}, "15c.sql": {"speedup": 3.143676300355234, "speedupAbs": 14.320577621459961, "opt": 60}, "11c.sql": {"speedup": 1.5294396619791308, "speedupAbs": 0.24939370155334473, "opt": 42}, "31b.sql": {"speedup": 1.5842743895150406, "speedupAbs": 24.07327389717102, "opt": 58}, "7c.sql": {"speedup": 1.6550535295883169, "speedupAbs": 57.52043843269348, "opt": 57}, "24b.sql": {"speedup": 1.1837999385634552, "speedupAbs": 11.805887937545776, "opt": 58}, "17b.sql": {"speedup": 2.1725627965885232, "speedupAbs": 141.88563704490662, "opt": 62}, "22a.sql": {"speedup": 2.282283029750638, "speedupAbs": 68.8790590763092, "opt": 61}, "13d.sql": {"speedup": 1.984935795401786, "speedupAbs": 48.92953944206238, "opt": 62}, "8c.sql": {"speedup": 1.0351230164489331, "speedupAbs": 2.496018648147583, "opt": 47}, "16b.sql": {"speedup": 1.1925709452953612, "speedupAbs": 13.8922598361969, "opt": 39}, "17e.sql": {"speedup": 1.3298453992617254, "speedupAbs": 36.35251712799072, "opt": 62}, "16d.sql": {"speedup": 1.54139104368891, "speedupAbs": 38.06605887413025, "opt": 60}, "9c.sql": {"speedup": 1.2412908765239679, "speedupAbs": 16.012935876846313, "opt": 62}, "8d.sql": {"speedup": 1.0, "speedupAbs": 0.0, "opt": 63}, "2a.sql": {"speedup": 7.744139268464837, "speedupAbs": 6.838740110397339, "opt": 47}, "23b.sql": {"speedup": 5.543055781349436, "speedupAbs": 27.509860277175903, "opt": 61}, "2b.sql": {"speedup": 14.00393740731429, "speedupAbs": 13.231750249862671, "opt": 46}, "19c.sql": {"speedup": 1.239856768909548, "speedupAbs": 19.151163339614868, "opt": 59}, "32a.sql": {"speedup": 5.744873735636139, "speedupAbs": 0.19728827476501465, "opt": 58}, "2d.sql": {"speedup": 61.9830380801321, "speedupAbs": 78.19148325920105, "opt": 62}, "15b.sql": {"speedup": 1.8165113805547182, "speedupAbs": 15.231240510940552, "opt": 62}, "23c.sql": {"speedup": 2.450421667740738, "speedupAbs": 3.732045888900757, "opt": 42}, "9d.sql": {"speedup": 2.257731834754492, "speedupAbs": 164.0579273700714, "opt": 62}, "11b.sql": {"speedup": 9.01869403673862, "speedupAbs": 36.29007816314697, "opt": 61}, "1a.sql": {"speedup": 10.195981542654476, "speedupAbs": 1.4415991306304932, "opt": 46}, "12c.sql": {"speedup": 1.9894888299914726, "speedupAbs": 16.402803421020508, "opt": 61}, "33c.sql": {"speedup": 6.010035512756042, "speedupAbs": 2.2969610691070557, "opt": 43}, "5c.sql": {"speedup": 1.8569193594565552, "speedupAbs": 2.4633138179779053, "opt": 62}, "10a.sql": {"speedup": 1.2122802276351101, "speedupAbs": 14.353374004364014, "opt": 54}, "25a.sql": {"speedup": 1.7932687665551146, "speedupAbs": 49.36439061164856, "opt": 55}, "30c.sql": {"speedup": 1.231188488374389, "speedupAbs": 18.688211917877197, "opt": 62}, "19b.sql": {"speedup": 1.4304251020414975, "speedupAbs": 24.840154886245728, "opt": 61}, "8b.sql": {"speedup": 1.4219125521709906, "speedupAbs": 22.545958042144775, "opt": 62}, "18a.sql": {"speedup": 1.514604199727658, "speedupAbs": 41.53623008728027, "opt": 57}, "14c.sql": {"speedup": 1.6386311407273828, "speedupAbs": 46.48499369621277, "opt": 62}, "27c.sql": {"speedup": 7.526277252795412, "speedupAbs": 6.664288520812988, "opt": 24}, "29c.sql": {"speedup": 1.3410470506267598, "speedupAbs": 26.091116666793823, "opt": 49}, "31c.sql": {"speedup": 1.2164029813796446, "speedupAbs": 20.070189952850342, "opt": 54}, "18c.sql": {"speedup": 1.1375066708303667, "speedupAbs": 20.316820859909058, "opt": 62}, "25b.sql": {"speedup": 1.3270137438574663, "speedupAbs": 21.9537296295166, "opt": 54}, "21c.sql": {"speedup": 3.897454559527079, "speedupAbs": 4.069926738739014, "opt": 46}, "17c.sql": {"speedup": 1.7785709357425035, "speedupAbs": 58.02886390686035, "opt": 62}, "27b.sql": {"speedup": 3.4871141722729644, "speedupAbs": 2.8711960315704346, "opt": 56}, "17a.sql": {"speedup": 1.6298885179412923, "speedupAbs": 41.9825279712677, "opt": 61}, "10b.sql": {"speedup": 1.0868876822690408, "speedupAbs": 2.6388397216796875, "opt": 12}, "6d.sql": {"speedup": 1.7854176753587654, "speedupAbs": 117.58801603317261, "opt": 62}, "17f.sql": {"speedup": 1.5839614232006751, "speedupAbs": 61.55062532424927, "opt": 59}, "13b.sql": {"speedup": 3.9540664241860886, "speedupAbs": 96.65726900100708, "opt": 62}, "24a.sql": {"speedup": 1.2509204313425712, "speedupAbs": 13.47307538986206, "opt": 16}, "20c.sql": {"speedup": 1.1619954245601984, "speedupAbs": 15.749869108200073, "opt": 62}, "28b.sql": {"speedup": 7.188073680660615, "speedupAbs": 27.267891883850098, "opt": 62}, "25c.sql": {"speedup": 1.58968816863717, "speedupAbs": 33.68924379348755, "opt": 55}, "28c.sql": {"speedup": 7.432723399970609, "speedupAbs": 259.6379437446594, "opt": 59}, "23a.sql": {"speedup": 1.443937530115144, "speedupAbs": 27.83130979537964, "opt": 62}, "14a.sql": {"speedup": 3.0206255399046382, "speedupAbs": 67.36108708381653, "opt": 62}, "2c.sql": {"speedup": 19.751105450185527, "speedupAbs": 18.844751358032227, "opt": 62}, "11d.sql": {"speedup": 1.1378429836277204, "speedupAbs": 0.06476402282714844, "opt": 47}, "26a.sql": {"speedup": 1.167978220409912, "speedupAbs": 27.737717390060425, "opt": 59}, "1c.sql": {"speedup": 32.027325856644545, "speedupAbs": 4.671981573104858, "opt": 58}, "7b.sql": {"speedup": 1.8232401655374924, "speedupAbs": 17.836867570877075, "opt": 40}, "7a.sql": {"speedup": 1.3436051142389367, "speedupAbs": 23.780642986297607, "opt": 62}, "30b.sql": {"speedup": 1.1847223333984118, "speedupAbs": 15.237050533294678, "opt": 62}, "3a.sql": {"speedup": 2.9802617850251956, "speedupAbs": 32.206780672073364, "opt": 61}, "6b.sql": {"speedup": 1.2058141465607113, "speedupAbs": 31.058089017868042, "opt": 62}, "1d.sql": {"speedup": 10.40385779948576, "speedupAbs": 1.3550662994384766, "opt": 46}, "17d.sql": {"speedup": 1.1944938897307733, "speedupAbs": 19.302650213241577, "opt": 62}, "32b.sql": {"speedup": 18.43916586636557, "speedupAbs": 8.130677461624146, "opt": 42}, "4c.sql": {"speedup": 19.807762713704744, "speedupAbs": 18.17108941078186, "opt": 62}, "29a.sql": {"speedup": 1.156657191584003, "speedupAbs": 8.391459941864014, "opt": 62}, "15a.sql": {"speedup": 5.225457624850547, "speedupAbs": 46.028366804122925, "opt": 62}, "31a.sql": {"speedup": 1.5316036887301818, "speedupAbs": 48.51509737968445, "opt": 55}, "20a.sql": {"speedup": 1.0935512249440713, "speedupAbs": 14.344686269760132, "opt": 62}, "26b.sql": {"speedup": 1.251441360852511, "speedupAbs": 21.289572954177856, "opt": 62}, "28a.sql": {"speedup": 7.678563034538562, "speedupAbs": 260.93018984794617, "opt": 55}, "33a.sql": {"speedup": 1.493479086985962, "speedupAbs": 0.17740440368652344, "opt": 62}, "33b.sql": {"speedup": 2.7222421037936004, "speedupAbs": 0.4176499843597412, "opt": 46}, "16c.sql": {"speedup": 1.3940760752897567, "speedupAbs": 25.000442266464233, "opt": 55}, "19a.sql": {"speedup": 1.7746430175459431, "speedupAbs": 58.629249572753906, "opt": 62}, "6e.sql": {"speedup": 1.5235036639784394, "speedupAbs": 20.879167795181274, "opt": 57}, "18b.sql": {"speedup": 1.3175604294461223, "speedupAbs": 14.911592721939087, "opt": 33}, "4b.sql": {"speedup": 7.4773641417029, "speedupAbs": 4.778217077255249, "opt": 58}, "22b.sql": {"speedup": 4.492513813775366, "speedupAbs": 103.24009704589844, "opt": 62}, "13c.sql": {"speedup": 1.5826263486665795, "speedupAbs": 14.66911268234253, "opt": 61}, "29b.sql": {"speedup": 1.1773360434452582, "speedupAbs": 11.726245880126953, "opt": 32}, "6c.sql": {"speedup": 1.392483718234128, "speedupAbs": 14.81289529800415, "opt": 62}, "26c.sql": {"speedup": 1.0849294226226056, "speedupAbs": 19.0415678024292, "opt": 59}, "3b.sql": {"speedup": 8.41245097191696, "speedupAbs": 18.48078155517578, "opt": 62},