{"12.sql": {"speedup": 1.024652117021939, "speedupAbs": 0.0258638858795166, "opt": 54}, "7.sql": {"speedup": 1.0287620552055556, "speedupAbs": 0.027600526809692383, "opt": 39}, "3.sql": {"speedup": 1.006382082802243, "speedupAbs": 0.006424903869628906, "opt": 34}, "19.sql": {"speedup": 1.6280061619835415, "speedupAbs": 0.05627584457397461, "opt": 46}, "22.sql": {"speedup": 1.0319397157271335, "speedupAbs": 0.014911651611328125, "opt": 54}, "14.sql": {"speedup": 1.0029478375693852, "speedupAbs": 0.0021092891693115234, "opt": 50}, "6.sql": {"speedup": 1.0148703355135118, "speedupAbs": 0.009758710861206055, "opt": 2}, "17.sql": {"speedup": 1.5412304510792296, "speedupAbs": 0.013977289199829102, "opt": 13}, "11.sql": {"speedup": 2.717663395211239, "speedupAbs": 0.2825326919555664, "opt": 15}, "21.sql": {"speedup": 66.74146558027371, "speedupAbs": 295.50504326820374, "opt": 55}, "20.sql": {"speedup": 1.0124545236133993, "speedupAbs": 0.088592529296875, "opt": 14}, "4.sql": {"speedup": 1.0120626025150354, "speedupAbs": 0.01935720443725586, "opt": 46}, "9.sql": {"speedup": 1.436085707061143, "speedupAbs": 1.025071382522583, "opt": 34}, "15.sql": {"speedup": 1.032760592528047, "speedupAbs": 0.04876303672790527, "opt": 10}, "2.sql": {"speedup": 2.083325250443425, "speedupAbs": 89.54987931251526, "opt": 55}, "8.sql": {"speedup": 1.0411464003312363, "speedupAbs": 0.024285554885864258, "opt": 47}, "10.sql": {"speedup": 1.0228259479597706, "speedupAbs": 0.02761983871459961, "opt": 35}, "1.sql": {"speedup": 1.0026361301783775, "speedupAbs": 0.011362314224243164, "opt": 46}, "16.sql": {"speedup": 1.0357814892611523, "speedupAbs": 0.02074146270751953, "opt": 42}, "13.sql": {"speedup": 1.0342198824803952, "speedupAbs": 0.03169751167297363, "opt": 54}, "18.sql": {"speedup": 1.0054414914770309, "speedupAbs": 0.04313397407531738, "opt": 51}, "5.sql": {"speedup": 1.0164522936113898, "speedupAbs": 0.014757394790649414, "opt": 47}, "avrgTOT": {"speedup": 4.2033232747203595, "speedupAbs": 386.84975957870483, "speedupAvg": 17.58407998085022, "pg_def": 508.1381916999817, "runtime": 6080.392001390457, "factor": 0.06362250320213574}, "54": {"total_speedup": 3.0908117152294676, "count": 3, "average_speedup": 1.030270571743156}, "39": {"total_speedup": 1.0287620552055556, "count": 1, "average_speedup": 1.0287620552055556}, "34": {"total_speedup": 2.442467789863386, "count": 2, "average_speedup": 1.221233894931693}, "46": {"total_speedup": 3.642704894676954, "count": 3, "average_speedup": 1.214234964892318}, "50": {"total_speedup": 1.0029478375693852, "count": 1, "average_speedup": 1.0029478375693852}, "2": {"total_speedup": 1.0148703355135118, "count": 1, "average_speedup": 1.0148703355135118}, "13": {"total_speedup": 1.5412304510792296, "count": 1, "average_speedup": 1.5412304510792296}, "15": {"total_speedup": 2.717663395211239, "count": 1, "average_speedup": 2.717663395211239}, "55": {"total_speedup": 68.82479083071713, "count": 2, "average_speedup": 34.41239541535857}, "14": {"total_speedup": 1.0124545236133993, "count": 1, "average_speedup": 1.0124545236133993}, "10": {"total_speedup": 1.032760592528047, "count": 1, "average_speedup": 1.032760592528047}, "47": {"total_speedup": 2.057598693942626, "count": 2, "average_speedup": 1.028799346971313}, "35": {"total_speedup": 1.0228259479597706, "count": 1, "average_speedup": 1.0228259479597706}, "42": {"total_speedup": 1.0357814892611523, "count": 1, "average_speedup": 1.0357814892611523}, "51": {"total_speedup": 1.0054414914770309, "count": 1, "average_speedup": 1.0054414914770309}}