{"12.sql": {"63": 1.0750186443328857, "62": 1.0581305027008057, "59": 1.0587115287780762, "58": 1.060450553894043, "55": 1.0596120357513428, "54": 1.0491547584533691, "51": 1.0582249164581299, "50": 1.0596559047698975, "47": 1.0500514507293701, "46": 1.0601818561553955, "43": 1.0599348545074463, "42": 1.058100700378418, "39": 1.0581083297729492, "38": 1.0583651065826416, "35": 1.051783561706543, "34": 1.0608372688293457, "opt": 54}, "7.sql": {"63": 0.9872164726257324, "62": 0.961803674697876, "59": 0.9696595668792725, "58": 0.9614202976226807, "55": 0.9686508178710938, "54": 0.9601695537567139, "51": 0.9707574844360352, "50": 0.9645519256591797, "47": 0.9740514755249023, "46": 0.9608662128448486, "43": 0.960608720779419, "42": 0.9726321697235107, "39": 0.95961594581604, "38": 0.9718208312988281, "35": 0.9702262878417969, "34": 0.9612863063812256, "opt": 39}, "3.sql": {"63": 1.013134479522705, "62": 1.0179569721221924, "58": 1.0173511505126953, "55": 1.0182311534881592, "54": 1.0088002681732178, "50": 1.0153529644012451, "47": 1.0217199325561523, "46": 1.0068535804748535, "43": 1.0192809104919434, "42": 1.0183742046356201, "38": 1.0192644596099854, "35": 1.0179386138916016, "34": 1.0067095756530762, "opt": 34}, "19.sql": {"63": 0.14588618278503418, "62": 0.13966727256774902, "59": 0.09306120872497559, "58": 0.10391759872436523, "47": 0.09077644348144531, "46": 0.08961033821105957, "43": 0.09760022163391113, "31": 0.10332155227661133, "30": 0.1027989387512207, "28": 0.09885907173156738, "26": 0.0912930965423584, "11": 0.09926867485046387, "10": 0.10393595695495605, "opt": 46}, "22.sql": {"63": 0.4817802906036377, "62": 0.4670863151550293, "59": 0.5017044544219971, "58": 0.48892879486083984, "55": 0.5006282329559326, "54": 0.46686863899230957, "51": 0.47930026054382324, "50": 0.4737114906311035, "43": 0.4741404056549072, "42": 0.4839444160461426, "38": 0.4765005111694336, "35": 0.4708878993988037, "34": 0.4720489978790283, "opt": 54}, "14.sql": {"63": 0.7176470756530762, "62": 0.7210555076599121, "59": 0.7181401252746582, "58": 0.7262077331542969, "55": 0.7214758396148682, "54": 0.7270512580871582, "51": 0.7287712097167969, "50": 0.7155377864837646, "47": 0.7261755466461182, "46": 0.7275285720825195, "43": 0.7297077178955078, "42": 0.7313594818115234, "39": 0.7333357334136963, "38": 0.7267246246337891, "35": 0.7165827751159668, "34": 0.7255396842956543, "opt": 50}, "6.sql": {"63": 0.6660122871398926, "62": 0.6672101020812988, "59": 0.6631474494934082, "58": 0.6587734222412109, "55": 0.6576046943664551, "54": 0.662125825881958, "51": 0.6570663452148438, "50": 0.6632881164550781, "47": 0.6580140590667725, "46": 0.6623978614807129, "43": 0.6648058891296387, "42": 0.6638379096984863, "39": 0.6575455665588379, "38": 0.6619441509246826, "35": 0.6569118499755859, "34": 0.6624231338500977, "31": 0.6566939353942871, "30": 0.6632540225982666, "27": 0.6570351123809814, "26": 0.6653637886047363, "23": 0.6568253040313721, "22": 0.6643147468566895, "19": 0.6637012958526611, "18": 0.6574356555938721, "15": 0.6595127582550049, "14": 0.6615636348724365, "11": 0.662236213684082, "10": 0.6577126979827881, "7": 0.6567177772521973, "6": 0.66349196434021, "3": 0.6655359268188477, "2": 0.6562535762786865, "opt": 2}, "17.sql": {"63": 0.03980231285095215, "61": 0.03702282905578613, "47": 0.03384590148925781, "45": 0.02605724334716797, "29": 0.02597522735595703, "13": 0.025825023651123047, "opt": 13}, "11.sql": {"63": 0.4470193386077881, "62": 0.16685771942138672, "47": 0.16538596153259277, "30": 0.166090726852417, "15": 0.16448664665222168, "opt": 15}, "21.sql": {"55": 4.494956731796265, "opt": 55}, "20.sql": {"63": 7.201873779296875, "61": 7.17473578453064, "60": 7.175360679626465, "31": 7.144793748855591, "28": 7.132060289382935, "14": 7.11328125, "opt": 14}, "4.sql": {"63": 1.6240859031677246, "62": 1.6158394813537598, "59": 1.6252050399780273, "58": 1.6078176498413086, "55": 1.6126914024353027, "54": 1.616387128829956, "51": 1.60493803024292, "50": 1.6291580200195312, "47": 1.617563009262085, "46": 1.6047286987304688, "43": 1.622218370437622, "42": 1.612483024597168, "39": 1.6129226684570312, "38": 1.6163179874420166, "35": 1.6083855628967285, "34": 1.6215970516204834, "opt": 46}, "9.sql": {"63": 3.375690460205078, "62": 3.3807644844055176, "55": 2.3521430492401123, "54": 2.364987850189209, "51": 2.363287925720215, "50": 2.361511468887329, "39": 2.3524434566497803, "38": 2.3607938289642334, "35": 2.3686153888702393, "34": 2.350619077682495, "opt": 34}, "15.sql": {"63": 1.537229299545288, "62": 1.5334532260894775, "59": 1.513824462890625, "55": 1.5132043361663818, "54": 1.5211632251739502, "51": 1.5212335586547852, "50": 1.5323147773742676, "47": 1.527343988418579, "46": 1.5176844596862793, "43": 1.5191867351531982, "42": 1.509018898010254, "39": 1.5140049457550049, "38": 1.5127792358398438, "34": 1.5186700820922852, "31": 1.5181057453155518, "30": 1.5606729984283447, "27": 1.530670404434204, "23": 1.5117871761322021, "22": 1.5201458930969238, "19": 1.5144023895263672, "18": 1.536754846572876, "15": 1.4936127662658691, "14": 1.4910221099853516, "10": 1.4884662628173828, "opt": 10}, "2.sql": {"63": 172.211923122406, "62": 165.31459045410156, "61": 160.45982575416565, "55": 82.66204380989075, "opt": 55}, "8.sql": {"63": 0.6145086288452148, "62": 0.6001274585723877, "59": 0.6078689098358154, "58": 0.6080498695373535, "47": 0.5902230739593506, "46": 0.5946025848388672, "43": 0.604273796081543, "opt": 47}, "10.sql": {"63": 1.2376391887664795, "62": 1.2317907810211182, "59": 1.220278024673462, "58": 1.2281992435455322, "55": 1.217740535736084, "54": 1.2254853248596191, "51": 1.2229344844818115, "50": 1.2316288948059082, "47": 1.2329671382904053, "46": 1.2260990142822266, "43": 1.2262606620788574, "42": 1.2288100719451904, "39": 1.221069097518921, "38": 1.229395866394043, "35": 1.2100193500518799, "34": 1.2320632934570312, "opt": 35}, "1.sql": {"63": 4.321587324142456, "62": 4.3158862590789795, "59": 4.326587677001953, "58": 4.3300461769104, "55": 4.323183298110962, "54": 4.326317548751831, "51": 4.3329503536224365, "50": 4.32570743560791, "47": 4.324727773666382, "46": 4.310225009918213, "43": 4.325248718261719, "42": 4.3193206787109375, "38": 4.314265012741089, "34": 4.314472436904907, "31": 4.329010963439941, "30": 4.3262341022491455, "27": 4.3176939487457275, "26": 4.316165924072266, "23": 4.328741788864136, "22": 4.320484161376953, "19": 4.317036867141724, "18": 4.322770833969116, "15": 4.323040723800659, "14": 4.328786611557007, "10": 4.3174965381622314, "6": 4.320315361022949, "3": 4.323383569717407, "2": 4.329837322235107, "opt": 46}, "16.sql": {"63": 0.6004116535186768, "62": 0.5907430648803711, "59": 0.5820505619049072, "58": 0.584477424621582, "55": 0.5829412937164307, "51": 0.5851964950561523, "50": 0.5836560726165771, "47": 0.5819282531738281, "42": 0.5796701908111572, "39": 0.5811781883239746, "38": 0.5820126533508301, "35": 0.5798568725585938, "opt": 42}, "13.sql": {"63": 0.9579868316650391, "62": 0.9474027156829834, "59": 0.9683263301849365, "58": 0.9497134685516357, "55": 0.960533618927002, "54": 0.9262893199920654, "51": 0.9637846946716309, "50": 0.9597134590148926, "47": 0.9438326358795166, "46": 0.9534833431243896, "43": 0.9573330879211426, "42": 0.9412074089050293, "39": 0.9330778121948242, "35": 0.9516561031341553, "34": 0.9515213966369629, "opt": 54}, "18.sql": {"63": 7.9700000286102295, "59": 7.981241226196289, "55": 7.948238849639893, "51": 7.926866054534912, "50": 7.947880983352661, "47": 7.954123497009277, "38": 7.936812162399292, "opt": 51}, "5.sql": {"63": 0.911738395690918, "62": 0.9078223705291748, "59": 0.9062073230743408, "58": 0.9123060703277588, "55": 0.899315595626831, "54": 0.9082508087158203, "51": 0.898566722869873, "50": 0.9082460403442383, "47": 0.8969810009002686, "46": 0.9066414833068848, "43": 0.9072294235229492, "42": 0.9012818336486816, "39": 0.901822566986084, "38": 0.9103202819824219, "35": 0.9080476760864258,