{"26b.sql": {"speedup": 1.0571318301361041, "speedupAbs": 0.2168421745300293, "opt": 62}, "10a.sql": {"speedup": 1.024886547147933, "speedupAbs": 0.05488467216491699, "opt": 30}, "26c.sql": {"speedup": 1.5340244598309896, "speedupAbs": 2.5771560668945312, "opt": 55}, "10b.sql": {"speedup": 1.021842309761492, "speedupAbs": 0.04660820960998535, "opt": 62}, "27a.sql": {"speedup": 1.113543853522534, "speedupAbs": 0.20527124404907227, "opt": 62}, "10c.sql": {"speedup": 1.5053652215543816, "speedupAbs": 1.1753034591674805, "opt": 15}, "27b.sql": {"speedup": 1.0250499407847635, "speedupAbs": 0.016066789627075195, "opt": 57}, "11a.sql": {"speedup": 1.1482945812262515, "speedupAbs": 0.04662656784057617, "opt": 62}, "28a.sql": {"speedup": 55.5210531716074, "speedupAbs": 269.33782744407654, "opt": 55}, "11b.sql": {"speedup": 1.274678318545146, "speedupAbs": 4.011793613433838, "opt": 62}, "27c.sql": {"speedup": 1.0580243617467397, "speedupAbs": 0.10150742530822754, "opt": 62}, "11c.sql": {"speedup": 1.0, "speedupAbs": 0.0, "opt": 63}, "28b.sql": {"speedup": 1.0886319870174808, "speedupAbs": 0.20092201232910156, "opt": 62}, "11d.sql": {"speedup": 1.0719444914724003, "speedupAbs": 0.018642187118530273, "opt": 62}, "28c.sql": {"speedup": 36.33605425253318, "speedupAbs": 129.0928463935852, "opt": 59}, "12a.sql": {"speedup": 1.0599446600743232, "speedupAbs": 0.08185195922851562, "opt": 58}, "31a.sql": {"speedup": 1.0199896235091421, "speedupAbs": 0.08904862403869629, "opt": 46}, "12b.sql": {"speedup": 1.1441551318824459, "speedupAbs": 0.155411958694458, "opt": 62}, "31b.sql": {"speedup": 1.0080818561497193, "speedupAbs": 0.03438162803649902, "opt": 46}, "12c.sql": {"speedup": 1.1148014387018161, "speedupAbs": 0.22568559646606445, "opt": 62}, "31c.sql": {"speedup": 1.0340477415296183, "speedupAbs": 0.1851940155029297, "opt": 62}, "13a.sql": {"speedup": 3.3305216409141845, "speedupAbs": 5.714373826980591, "opt": 55}, "32a.sql": {"speedup": 1.0388212762076547, "speedupAbs": 0.0009133815765380859, "opt": 62}, "13b.sql": {"speedup": 1.0632851272262547, "speedupAbs": 0.23117828369140625, "opt": 62}, "32b.sql": {"speedup": 1.052679312219266, "speedupAbs": 0.013170003890991211, "opt": 62}, "13c.sql": {"speedup": 1.6764083694625687, "speedupAbs": 1.4426522254943848, "opt": 55}, "33a.sql": {"speedup": 1.013696152511825, "speedupAbs": 0.003087282180786133, "opt": 62}, "13d.sql": {"speedup": 2.17967516905096, "speedupAbs": 4.275972604751587, "opt": 55}, "33b.sql": {"speedup": 1.2143612602906466, "speedupAbs": 0.062142372131347656, "opt": 62}, "14a.sql": {"speedup": 1.2303860133209483, "speedupAbs": 0.7633006572723389, "opt": 59}, "33c.sql": {"speedup": 1.0779883697858637, "speedupAbs": 0.0304563045501709, "opt": 62}, "14b.sql": {"speedup": 1.1085115745614844, "speedupAbs": 0.3199474811553955, "opt": 62}, "3a.sql": {"speedup": 1.0580624936455756, "speedupAbs": 0.13561224937438965, "opt": 58}, "14c.sql": {"speedup": 1.2867559190189586, "speedupAbs": 0.9712715148925781, "opt": 59}, "3b.sql": {"speedup": 1.1266998851660668, "speedupAbs": 0.13652539253234863, "opt": 58}, "15a.sql": {"speedup": 1.0962979993050141, "speedupAbs": 0.14819741249084473, "opt": 62}, "3c.sql": {"speedup": 1.0423949156305974, "speedupAbs": 0.07214856147766113, "opt": 58}, "15b.sql": {"speedup": 1.0, "speedupAbs": 0.0, "opt": 63}, "4a.sql": {"speedup": 1.0, "speedupAbs": 0.0, "opt": 63}, "15c.sql": {"speedup": 1.1269498314740736, "speedupAbs": 0.19174957275390625, "opt": 62}, "4b.sql": {"speedup": 1.0258875999612835, "speedupAbs": 0.011414289474487305, "opt": 62}, "15d.sql": {"speedup": 1.1036010959150666, "speedupAbs": 0.19761872291564941, "opt": 62}, "4c.sql": {"speedup": 1.0, "speedupAbs": 0.0, "opt": 63}, "16a.sql": {"speedup": 1.0666944267257987, "speedupAbs": 0.1737518310546875, "opt": 62}, "5a.sql": {"speedup": 1.0, "speedupAbs": 0.0, "opt": 63}, "16b.sql": {"speedup": 1.118259196127176, "speedupAbs": 0.8365433216094971, "opt": 55}, "5b.sql": {"speedup": 1.1169381842808233, "speedupAbs": 0.029641151428222656, "opt": 62}, "16c.sql": {"speedup": 1.0, "speedupAbs": 0.0, "opt": 63}, "5c.sql": {"speedup": 1.1024667672427773, "speedupAbs": 0.16271090507507324, "opt": 62}, "16d.sql": {"speedup": 1.0, "speedupAbs": 0.0, "opt": 63}, "6a.sql": {"speedup": 1.0838589474044067, "speedupAbs": 0.20235490798950195, "opt": 62}, "17a.sql": {"speedup": 1.2568790675462156, "speedupAbs": 1.170356035232544, "opt": 55}, "6b.sql": {"speedup": 1.1109746524218755, "speedupAbs": 0.3395717144012451, "opt": 55}, "17b.sql": {"speedup": 1.0746185477909362, "speedupAbs": 0.30077552795410156, "opt": 50}, "6c.sql": {"speedup": 1.0, "speedupAbs": 0.0, "opt": 63}, "17c.sql": {"speedup": 1.0454664372476998, "speedupAbs": 0.1907639503479004, "opt": 62}, "6d.sql": {"speedup": 1.451702744023619, "speedupAbs": 1.3980989456176758, "opt": 55}, "17d.sql": {"speedup": 1.1548462201884908, "speedupAbs": 0.567824125289917, "opt": 54}, "6e.sql": {"speedup": 1.011597330301059, "speedupAbs": 0.027674436569213867, "opt": 62}, "17e.sql": {"speedup": 1.0326078117422388, "speedupAbs": 0.18967390060424805, "opt": 62}, "6f.sql": {"speedup": 1.0890332777241198, "speedupAbs": 0.40639257431030273, "opt": 46}, "17f.sql": {"speedup": 1.2253745960005773, "speedupAbs": 1.0606560707092285, "opt": 55}, "7a.sql": {"speedup": 1.0753186369393835, "speedupAbs": 0.19584274291992188, "opt": 47}, "18a.sql": {"speedup": 1.0, "speedupAbs": 0.0, "opt": 63}, "7b.sql": {"speedup": 1.0823795683935575, "speedupAbs": 0.19791698455810547, "opt": 62}, "18b.sql": {"speedup": 1.0, "speedupAbs": 0.0, "opt": 63}, "7c.sql": {"speedup": 1.0489198161088085, "speedupAbs": 0.21762561798095703, "opt": 62}, "18c.sql": {"speedup": 1.0509659595522551, "speedupAbs": 0.23478269577026367, "opt": 62}, "8a.sql": {"speedup": 1.0294552543572466, "speedupAbs": 0.04671502113342285, "opt": 14}, "19a.sql": {"speedup": 1.1103199657630356, "speedupAbs": 0.4152817726135254, "opt": 62}, "8b.sql": {"speedup": 1.0247855549862082, "speedupAbs": 0.04045557975769043, "opt": 14}, "19b.sql": {"speedup": 1.0609132313778382, "speedupAbs": 0.18126630783081055, "opt": 46}, "8c.sql": {"speedup": 1.0, "speedupAbs": 0.0, "opt": 63}, "19c.sql": {"speedup": 1.082592576634952, "speedupAbs": 0.3135254383087158, "opt": 62}, "8d.sql": {"speedup": 1.0, "speedupAbs": 0.0, "opt": 63}, "19d.sql": {"speedup": 1.0148884004547927, "speedupAbs": 0.20221281051635742, "opt": 35}, "9a.sql": {"speedup": 1.0744965720247375, "speedupAbs": 0.19116663932800293, "opt": 62}, "1a.sql": {"speedup": 1.0144951554236112, "speedupAbs": 0.0012094974517822266, "opt": 62}, "9b.sql": {"speedup": 1.0637556217591315, "speedupAbs": 0.12328648567199707, "opt": 62}, "1b.sql": {"speedup": 1.0099095732755399, "speedupAbs": 0.0007903575897216797, "opt": 62}, "9c.sql": {"speedup": 1.0749134062680035, "speedupAbs": 0.2137618064880371, "opt": 62}, "1c.sql": {"speedup": 1.0, "speedupAbs": 0.0, "opt": 63}, "9d.sql": {"speedup": 1.0793815277356746, "speedupAbs": 0.4369664192199707, "opt": 55}, "1d.sql": {"speedup": 1.138618004708525, "speedupAbs": 0.012241125106811523, "opt": 62}, "20a.sql": {"speedup": 1.0456044000471587, "speedupAbs": 0.16674160957336426, "opt": 50}, "20b.sql": {"speedup": 1.0584921238483274, "speedupAbs": 0.18708109855651855, "opt": 54}, "20c.sql": {"speedup": 1.0436850623133727, "speedupAbs": 0.1425933837890625, "opt": 46}, "21a.sql": {"speedup": 1.4937755628890568, "speedupAbs": 0.8762483596801758, "opt": 55}, "21b.sql": {"speedup": 1.128434936618308, "speedupAbs": 0.18577361106872559, "opt": 58}, "21c.sql": {"speedup": 1.090152246794342, "speedupAbs": 0.07035064697265625, "opt": 62}, "22a.sql": {"speedup": 1.1344219887168958, "speedupAbs": 0.3294711112976074, "opt": 58}, "22b.sql": {"speedup": 1.0634539959663207, "speedupAbs": 0.15009045600891113, "opt": 58}, "22c.sql": {"speedup": 1.7311003969466605, "speedupAbs": 2.561704635620117, "opt": 59}, "22d.sql": {"speedup": 1.2144891869458883, "speedupAbs": 0.8183751106262207, "opt": 59},