{"26b.sql": {"63": 4.012312650680542, "62": 3.7954704761505127, "opt": 62}, "10a.sql": {"63": 2.260279893875122, "62": 2.2607009410858154, "30": 2.205395221710205, "opt": 30}, "26c.sql": {"63": 7.403069972991943, "55": 4.825913906097412, "opt": 55}, "10b.sql": {"63": 2.1804580688476562, "62": 2.133849859237671, "58": 2.1380906105041504, "10": 2.1348307132720947, "opt": 62}, "27a.sql": {"63": 2.013129949569702, "62": 1.8078587055206299, "opt": 62}, "10c.sql": {"63": 3.500955104827881, "62": 3.5568881034851074, "46": 3.5505423545837402, "15": 2.3256516456604004, "opt": 15}, "27b.sql": {"63": 0.6574571132659912, "62": 0.6552939414978027, "57": 0.641390323638916, "opt": 57}, "11a.sql": {"63": 0.36104512214660645, "62": 0.3144185543060303, "opt": 62}, "28a.sql": {"63": 274.27789759635925, "62": 270.95720195770264, "55": 4.940070152282715, "opt": 55}, "11b.sql": {"63": 18.617218732833862, "62": 14.605425119400024, "opt": 62}, "27c.sql": {"63": 1.850900650024414, "62": 1.7493932247161865, "opt": 62}, "11c.sql": {"63": 0.26129722595214844, "opt": 63}, "28b.sql": {"63": 2.467846393585205, "62": 2.2669243812561035, "opt": 62}, "11d.sql": {"63": 0.27776122093200684, "62": 0.25911903381347656, "opt": 62}, "28c.sql": {"63": 132.74613618850708, "62": 129.83685040473938, "59": 3.653289794921875, "opt": 59}, "12a.sql": {"63": 1.4473106861114502, "62": 1.418710470199585, "58": 1.3654587268829346, "opt": 58}, "31a.sql": {"63": 4.543791055679321, "62": 4.555959939956665, "46": 4.454742431640625, "opt": 46}, "12b.sql": {"63": 1.2335002422332764, "62": 1.0780882835388184, "opt": 62}, "31b.sql": {"63": 4.288556337356567, "46": 4.254174709320068, "opt": 46}, "12c.sql": {"63": 2.191563367843628, "62": 1.9658777713775635, "opt": 62}, "31c.sql": {"63": 5.624439239501953, "62": 5.439245223999023, "opt": 62}, "13a.sql": {"63": 8.166345834732056, "62": 8.09497356414795, "55": 2.451972007751465, "opt": 55}, "32a.sql": {"63": 0.024441242218017578, "62": 0.023527860641479492, "opt": 62}, "13b.sql": {"63": 3.8841421604156494, "62": 3.652963876724243, "opt": 62}, "32b.sql": {"63": 0.26317334175109863, "62": 0.2500033378601074, "opt": 62}, "13c.sql": {"63": 3.5754647254943848, "55": 2.1328125, "opt": 55}, "33a.sql": {"63": 0.2284996509552002, "62": 0.22541236877441406, "opt": 62}, "13d.sql": {"63": 7.900676012039185, "62": 7.752614259719849, "55": 3.6247034072875977, "opt": 55}, "33b.sql": {"63": 0.3520379066467285, "62": 0.28989553451538086, "opt": 62}, "14a.sql": {"63": 4.076438665390015, "62": 4.031481742858887, "59": 3.313138008117676, "opt": 59}, "33c.sql": {"63": 0.42097997665405273, "62": 0.39052367210388184, "opt": 62}, "14b.sql": {"63": 3.2684576511383057, "62": 2.94851016998291, "opt": 62}, "3a.sql": {"63": 2.471237897872925, "58": 2.335625648498535, "opt": 58}, "14c.sql": {"63": 4.358373403549194, "59": 3.387101888656616, "opt": 59}, "3b.sql": {"63": 1.2140748500823975, "58": 1.0775494575500488, "opt": 58}, "15a.sql": {"63": 1.687143325805664, "62": 1.5389459133148193, "opt": 62}, "3c.sql": {"63": 1.7739696502685547, "62": 1.7204599380493164, "58": 1.7018210887908936, "opt": 58}, "15b.sql": {"63": 1.4266831874847412, "opt": 63}, "4a.sql": {"63": 0.6060311794281006, "opt": 63}, "15c.sql": {"63": 1.7021853923797607, "62": 1.5104358196258545, "opt": 62}, "4b.sql": {"63": 0.45233154296875, "62": 0.4409172534942627, "opt": 62}, "15d.sql": {"63": 2.1051151752471924, "62": 1.907496452331543, "opt": 62}, "4c.sql": {"63": 0.6566438674926758, "62": 0.657529354095459, "opt": 63}, "16a.sql": {"63": 2.778944492340088, "62": 2.6051926612854004, "opt": 62}, "5a.sql": {"63": 0.4978358745574951, "opt": 63}, "16b.sql": {"63": 7.91035532951355, "55": 7.073812007904053, "opt": 55}, "5b.sql": {"63": 0.28311824798583984, "62": 0.2534770965576172, "opt": 62}, "16c.sql": {"63": 3.429564952850342, "opt": 63}, "5c.sql": {"63": 1.7506492137908936, "62": 1.5879383087158203, "opt": 62}, "16d.sql": {"63": 3.425023078918457, "opt": 63}, "6a.sql": {"63": 2.615393877029419, "62": 2.413038969039917, "opt": 62}, "17a.sql": {"63": 5.726414442062378, "55": 4.556058406829834, "opt": 55}, "6b.sql": {"63": 3.39947509765625, "55": 3.059903383255005, "opt": 55}, "17b.sql": {"63": 4.3316168785095215, "54": 4.284432411193848, "50": 4.03084135055542, "opt": 50}, "6c.sql": {"63": 2.377889633178711, "opt": 63}, "17c.sql": {"63": 4.386473178863525, "62": 4.195709228515625, "opt": 62}, "6d.sql": {"63": 4.493273735046387, "62": 4.456912517547607, "55": 3.095174789428711, "opt": 55}, "17d.sql": {"63": 4.234843730926514, "54": 3.6670196056365967, "opt": 54}, "6e.sql": {"63": 2.4139509201049805, "62": 2.3862764835357666, "opt": 62}, "17e.sql": {"63": 6.006497859954834, "62": 5.816823959350586, "38": 5.8898491859436035, "opt": 62}, "6f.sql": {"63": 4.9708945751190186, "62": 4.833478927612305, "50": 4.889523983001709, "46": 4.564502000808716, "opt": 46}, "17f.sql": {"63": 5.766847848892212, "55": 4.706191778182983, "opt": 55}, "7a.sql": {"63": 2.796032428741455, "62": 2.7201547622680664, "47": 2.600189685821533, "opt": 47}, "18a.sql": {"63": 3.468663454055786, "opt": 63}, "7b.sql": {"63": 2.6004178524017334, "62": 2.402500867843628, "opt": 62}, "18b.sql": {"63": 3.7518668174743652, "opt": 63}, "7c.sql": {"63": 4.6662445068359375, "62": 4.4486188888549805, "opt": 62}, "18c.sql": {"63": 4.841439723968506, "62": 4.606657028198242, "opt": 62}, "8a.sql": {"63": 1.6326806545257568, "62": 1.6095187664031982, "30": 1.5878360271453857, "14": 1.585965633392334, "opt": 14}, "19a.sql": {"63": 4.179620981216431, "62": 3.7643392086029053, "opt": 62}, "8b.sql": {"63": 1.6726796627044678, "62": 1.6608119010925293, "46": 1.6506462097167969, "30": 1.6450204849243164, "14": 1.6322240829467773, "opt": 14}, "19b.sql": {"63": 3.1570780277252197, "62": 3.0580477714538574, "58": 3.0543394088745117, "46": 2.975811719894409, "opt": 46}, "8c.sql": {"63": 6.726675510406494, "47": 6.908408164978027, "opt": 63}, "19c.sql": {"63": 4.10957407951355, "62": 3.796048641204834, "opt": 62}, "8d.sql": {"63": 3.543334484100342, "opt": 63}, "19d.sql": {"63": 13.7841157913208, "55": 13.810310363769531, "54": 15.095549821853638, "47": 13.737375974655151, "39": 13.673036813735962, "35": 13.581902980804443, "opt": 35}, "9a.sql": {"63": 2.757279872894287, "62": 2.566113233566284, "opt": 62}, "1a.sql": {"63": 0.08465099334716797, "62": 0.08344149589538574, "opt": 62}, "9b.sql": {"63": 2.0570216178894043, "62": 1.9337351322174072, "opt": 62}, "1b.sql": {"63": 0.08054733276367188, "62": 0.0797569751739502, "opt": 62}, "9c.sql": {"63": 3.067213773727417, "62": 2.85345196723938, "opt": 62}, "1c.sql": {"63": 0.08403372764587402, "opt": 63}, "9d.sql": {"63": 5.941602468490601, "62": 5.847239255905151, "55": 5.50463604927063, "opt": 55}, "1d.sql": {"63": 0.10054945945739746, "62": 0.08830833435058594, "opt": 62}, "20a.sql": {"63": 3.823003053665161, "62": 3.7052721977233887, "50": 3.656261444091797, "opt": 50}, "20b.sql": {"63": 3.385479211807251, "55": 3.378709316253662, "54": 3.1983981132507324, "opt": 54}, "20c.sql": {"63": 3.4067156314849854, "62": 3.3736414909362793, "46": 3.264122247695923, "opt": 46}, "21a.sql": {"63": 2.650836706161499, "62": 2.551057815551758, "55": 1.7745883464813232, "opt": 55}, "21b.sql": {"63": 1.6322150230407715, "58": 1.446441411972046, "opt": 58}, "21c.sql": {"63": 0.8507044315338135, "62": 0.7803537845611572, "opt": 62}, "22a.sql": {"63": 2.780492067337036, "59": 2.7060041427612305, "58": 2.4510209560394287, "opt": 58}, "22b.sql": {"63": 2.5154333114624023, "62": 2.4350979328155518, "58": 2.365342855453491, "opt": 58}, "22c.sql": {"63": 6.065607309341431, "59": 3.5039026737213135, "opt": 59}, "22d.sql": {"63": 4.633836030960083, "59": 3.8154609203338623, "opt": 59}, "23a.sql": {"63": 29.991621732711792, "62": 29.388106107711792, "61": 3.051154613494873, "opt": 61}, "23b.sql": {"63": 1.6337847709655762, "62": 1.494596242904663, "opt": 62}, "23c.sql": {"63": 1.450286865234375, "62": 1.435988426208496, "46": 1.3871204853057861, "opt": 46},