{
    "1.sql": {
        "63": 2.1882283687591553,
        "62": 2.190840482711792,
        "opt": 63
    },
    "10.sql": {
        "63": 0.8237712383270264,
        "62": 0.6935937404632568,
        "opt": 62
    },
    "11.sql": {
        "63": 0.16827678680419922,
        "50": 0.17065191268920898,
        "46": 0.14109468460083008,
        "opt": 46
    },
    "12.sql": {
        "63": 0.7262544631958008,
        "62": 0.6964375972747803,
        "opt": 62
    },
    "13.sql": {
        "63": 0.6034877300262451,
        "62": 0.5650396347045898,
        "opt": 62
    },
    "14.sql": {
        "63": 0.4440426826477051,
        "62": 0.438295841217041,
        "59": 0.41800856590270996,
        "opt": 59
    },
    "15.sql": {
        "63": 0.9038548469543457,
        "62": 0.90008544921875,
        "58": 0.8848953247070312,
        "50": 0.8865916728973389,
        "46": 0.8762428760528564,
        "14": 0.8695530891418457,
        "opt": 14
    },
    "16.sql": {
        "63": 0.4189720153808594,
        "62": 0.3903963565826416,
        "opt": 62
    },
    "17.sql": {
        "63": 0.039782047271728516,
        "61": 0.029524803161621094,
        "opt": 61
    },
    "18.sql": {
        "63": 5.0039222240448,
        "61": 4.760556697845459,
        "opt": 61
    },
    "19.sql": {
        "63": 0.08870863914489746,
        "62": 0.05140805244445801,
        "opt": 62
    },
    "2.sql": {
        "63": 82.17206573486328,
        "62": 82.07683253288269,
        "61": 80.24513959884644,
        "55": 57.725595235824585,
        "opt": 55
    },
    "20.sql": {
        "63": 4.911772012710571,
        "45": 4.890120267868042,
        "opt": 45
    },
    "21.sql": {
        "55": 2.7558951377868652,
        "opt": 55
    },
    "22.sql": {
        "63": 0.3435370922088623,
        "62": 0.29836440086364746,
        "opt": 62
    },
    "3.sql": {
        "63": 0.6396100521087646,
        "62": 0.6123385429382324,
        "opt": 62
    },
    "4.sql": {
        "63": 0.9133758544921875,
        "62": 0.9406037330627441,
        "61": 0.953178882598877,
        "59": 0.9175431728363037,
        "58": 0.9498217105865479,
        "55": 0.8838319778442383,
        "47": 0.9187119007110596,
        "39": 0.8984582424163818,
        "35": 0.8961198329925537,
        "opt": 55
    },
    "5.sql": {
        "63": 0.6496243476867676,
        "62": 0.5851771831512451,
        "opt": 62
    },
    "6.sql": {
        "63": 0.4495859146118164,
        "62": 0.4250321388244629,
        "opt": 62
    },
    "7.sql": {
        "63": 0.616081714630127,
        "62": 0.616307258605957,
        "59": 0.5525493621826172,
        "opt": 59
    },
    "8.sql": {
        "63": 0.28583550453186035,
        "opt": 63
    },
    "9.sql": {
        "63": 1.6010417938232422,
        "62": 1.5286908149719238,
        "opt": 62
    },
    "runtime": 3750.2722992897034
}