{"1.sql": {"speedup": 1.0, "speedupAbs": 0.0, "opt": 63}, "10.sql": {"speedup": 1.1876855142562603, "speedupAbs": 0.13017749786376953, "opt": 62}, "11.sql": {"speedup": 1.192651496973609, "speedupAbs": 0.02718210220336914, "opt": 46}, "12.sql": {"speedup": 1.0428134064526333, "speedupAbs": 0.029816865921020508, "opt": 62}, "13.sql": {"speedup": 1.0680449528850422, "speedupAbs": 0.03844809532165527, "opt": 62}, "14.sql": {"speedup": 1.0622812996398128, "speedupAbs": 0.026034116744995117, "opt": 59}, "15.sql": {"speedup": 1.0394475716788634, "speedupAbs": 0.0343017578125, "opt": 14}, "16.sql": {"speedup": 1.0731965304398754, "speedupAbs": 0.028575658798217773, "opt": 62}, "17.sql": {"speedup": 1.3474110920895377, "speedupAbs": 0.010257244110107422, "opt": 61}, "18.sql": {"speedup": 1.0511212325880885, "speedupAbs": 0.24336552619934082, "opt": 61}, "19.sql": {"speedup": 1.7255786774015518, "speedupAbs": 0.03730058670043945, "opt": 62}, "2.sql": {"speedup": 1.4234944724115584, "speedupAbs": 24.446470499038696, "opt": 55}, "20.sql": {"speedup": 1.0044276507849508, "speedupAbs": 0.021651744842529297, "opt": 45}, "21.sql": {"speedup": 108.85755262840532, "speedupAbs": 297.24410486221313, "opt": 55}, "22.sql": {"speedup": 1.1514010760481401, "speedupAbs": 0.045172691345214844, "opt": 62}, "3.sql": {"speedup": 1.0445366529431142, "speedupAbs": 0.027271509170532227, "opt": 62}, "4.sql": {"speedup": 1.0334270284268396, "speedupAbs": 0.02954387664794922, "opt": 55}, "5.sql": {"speedup": 1.1101327365302713, "speedupAbs": 0.06444716453552246, "opt": 62}, "6.sql": {"speedup": 1.0577692215352548, "speedupAbs": 0.024553775787353516, "opt": 62}, "7.sql": {"speedup": 1.114980410431661, "speedupAbs": 0.06353235244750977, "opt": 59}, "8.sql": {"speedup": 1.0, "speedupAbs": 0.0, "opt": 63}, "9.sql": {"speedup": 1.0473287195440153, "speedupAbs": 0.07235097885131836, "opt": 62}, "avrgTOT": {"speedup": 6.028876471430292, "speedupAbs": 322.6445589065552, "speedupAvg": 14.665661768479781, "pg_def": 403.99183106422424, "runtime": 3750.2722992897034, "factor": 0.08603230196582355}, "63": {"total_speedup": 2.0, "count": 2, "average_speedup": 1.0}, "62": {"total_speedup": 11.50848748803616, "count": 10, "average_speedup": 1.1508487488036159}, "46": {"total_speedup": 1.192651496973609, "count": 1, "average_speedup": 1.192651496973609}, "59": {"total_speedup": 2.1772617100714737, "count": 2, "average_speedup": 1.0886308550357369}, "14": {"total_speedup": 1.0394475716788634, "count": 1, "average_speedup": 1.0394475716788634}, "61": {"total_speedup": 2.3985323246776264, "count": 2, "average_speedup": 1.1992661623388132}, "55": {"total_speedup": 111.31447412924372, "count": 3, "average_speedup": 37.10482470974791}, "45": {"total_speedup": 1.0044276507849508, "count": 1, "average_speedup": 1.0044276507849508}}