{"10c.sql": {"63": 49.293864011764526, "62": 49.07813858985901, "opt": 62}, "22d.sql": {"63": 147.58773040771484, "62": 71.49749088287354, "59": 54.56866717338562, "58": 10.920033693313599, "opt": 58}, "11a.sql": {"63": 1.2090513706207275, "62": 0.466839075088501, "58": 0.4765493869781494, "47": 0.4590272903442383, "46": 0.4554433822631836, "43": 0.4561285972595215, "42": 0.4547593593597412, "opt": 42}, "14b.sql": {"63": 27.024991035461426, "62": 11.552887916564941, "59": 7.792345762252808, "58": 5.455316781997681, "46": 5.297091484069824, "opt": 46}, "15c.sql": {"63": 21.183262586593628, "62": 15.968003988265991, "opt": 62}, "11c.sql": {"63": 0.580906867980957, "62": 0.47243285179138184, "opt": 62}, "31b.sql": {"63": 61.03284287452698, "46": 48.980321645736694, "opt": 46}, "7c.sql": {"63": 148.50406956672668, "62": 133.5569715499878, "opt": 62}, "24b.sql": {"63": 74.668874502182, "62": 69.44587802886963, "opt": 62}, "17b.sql": {"63": 182.53805947303772, "62": 113.89792585372925, "opt": 62}, "22a.sql": {"63": 119.60340285301208, "61": 18.881478548049927, "60": 14.397383213043213, "58": 13.61541199684143, "opt": 58}, "13d.sql": {"63": 75.47289252281189, "62": 64.458566904068, "opt": 62}, "8c.sql": {"63": 73.97800731658936, "47": 71.00341153144836, "opt": 47}, "16b.sql": {"63": 86.89089179039001, "55": 69.40968942642212, "opt": 55}, "17e.sql": {"63": 125.13896465301514, "61": 82.26427459716797, "opt": 61}, "16d.sql": {"63": 133.10594511032104, "60": 80.78776144981384, "opt": 60}, "9c.sql": {"63": 70.72115230560303, "55": 59.15631985664368, "opt": 55}, "8d.sql": {"63": 59.29373002052307, "opt": 63}, "2a.sql": {"63": 8.331166982650757, "62": 1.1434381008148193, "47": 1.0168635845184326, "opt": 47}, "23b.sql": {"63": 31.822426557540894, "62": 12.395131587982178, "60": 6.924083709716797, "58": 3.8119516372680664, "47": 2.620274543762207, "46": 2.625037908554077, "43": 2.6217293739318848, "42": 2.6146199703216553, "opt": 42}, "2b.sql": {"63": 19.631571531295776, "62": 1.0409777164459229, "opt": 62}, "19c.sql": {"63": 112.84262681007385, "62": 87.41671848297119, "opt": 62}, "32a.sql": {"63": 0.2784707546234131, "62": 0.04437565803527832, "59": 0.041686296463012695, "58": 0.04434347152709961, "47": 0.04336094856262207, "46": 0.04131031036376953, "43": 0.0430600643157959, "42": 0.04330945014953613, "opt": 46}, "2d.sql": {"63": 62.03669857978821, "62": 1.4085595607757568, "47": 1.239598274230957, "46": 1.2236886024475098, "opt": 46}, "15b.sql": {"63": 46.390429735183716, "62": 15.152847290039062, "61": 5.7743916511535645, "60": 5.562005281448364, "59": 2.820610523223877, "58": 2.665733575820923, "opt": 58}, "23c.sql": {"63": 6.173547983169556, "62": 3.242906332015991, "opt": 62}, "9d.sql": {"63": 263.9161891937256, "62": 136.253812789917, "opt": 62}, "11b.sql": {"63": 43.24177265167236, "62": 25.42957615852356, "opt": 62}, "1a.sql": {"63": 1.6341946125030518, "62": 0.16790032386779785, "58": 0.16461539268493652, "47": 0.16792631149291992, "46": 0.15673279762268066, "42": 0.1630711555480957, "opt": 46}, "12c.sql": {"63": 35.66229701042175, "61": 13.3535795211792, "60": 10.737248659133911, "58": 4.116019010543823, "47": 3.841600179672241, "46": 3.604893684387207, "opt": 46}, "33c.sql": {"63": 1.7572660446166992, "62": 0.620542049407959, "47": 0.4699099063873291, "46": 0.46540355682373047, "43": 0.46208715438842773, "42": 0.4625403881072998, "opt": 43}, "5c.sql": {"63": 17.26321244239807, "62": 3.852750301361084, "59": 3.524381637573242, "58": 3.146254062652588, "opt": 58}, "10a.sql": {"63": 82.85250544548035, "59": 71.95303010940552, "opt": 59}, "25a.sql": {"63": 101.05943155288696, "62": 95.1989631652832, "opt": 62}, "30c.sql": {"63": 68.33989024162292, "62": 63.098729372024536, "opt": 62}, "19b.sql": {"63": 73.44466733932495, "62": 61.460816860198975, "opt": 62}, "8b.sql": {"63": 63.455517053604126, "62": 50.95185208320618, "opt": 62}, "18a.sql": {"63": 110.94279146194458, "62": 107.56102848052979, "opt": 62}, "14c.sql": {"63": 140.19535160064697, "62": 61.263526916503906, "61": 26.49005365371704, "60": 19.68673038482666, "59": 7.359247446060181, "58": 7.1568214893341064, "43": 7.122891664505005, "42": 5.584660530090332, "opt": 42}, "27c.sql": {"63": 6.441682577133179, "59": 6.186124801635742, "opt": 59}, "29c.sql": {"63": 95.2937080860138, "49": 91.52369737625122, "opt": 49}, "31c.sql": {"63": 114.69200229644775, "55": 88.0800428390503, "opt": 55}, "18c.sql": {"63": 190.13883304595947, "62": 140.8328754901886, "opt": 62}, "25b.sql": {"63": 79.97187089920044, "62": 73.93382978439331, "opt": 62}, "21c.sql": {"63": 1.8433358669281006, "62": 1.4140357971191406, "opt": 62}, "17c.sql": {"63": 181.65169143676758, "62": 86.59711503982544, "55": 61.22991156578064, "51": 51.56526470184326, "35": 49.360403060913086, "opt": 35}, "27b.sql": {"63": 3.947352886199951, "62": 1.2982048988342285, "59": 1.2982254028320312, "58": 1.2945575714111328, "57": 1.1792116165161133, "56": 1.1531412601470947, "opt": 56}, "17a.sql": {"63": 108.54671001434326, "61": 62.68091869354248, "opt": 61}, "10b.sql": {"63": 32.12404465675354, "62": 32.011717319488525, "opt": 62}, "6d.sql": {"63": 126.63949966430664, "62": 118.11513638496399, "opt": 62}, "17f.sql": {"63": 133.56241631507874, "59": 131.93711256980896, "opt": 59}, "13b.sql": {"63": 128.45644402503967, "62": 33.720237731933594, "61": 21.779056310653687, "60": 17.478561639785767, "59": 10.751307725906372, "58": 10.146627187728882, "55": 7.121975898742676, "opt": 55}, "24a.sql": {"63": 75.22852754592896, "61": 73.57599115371704, "opt": 61}, "20c.sql": {"63": 114.65673637390137, "62": 110.32075595855713, "opt": 62}, "28b.sql": {"63": 43.60167074203491, "62": 7.127681016921997, "59": 5.552647113800049, "58": 4.022966384887695, "opt": 58}, "25c.sql": {"63": 104.32859754562378, "59": 98.92540454864502, "opt": 59}, "28c.sql": {"62": 249.3845911026001, "opt": 62}, "23a.sql": {"63": 89.93185067176819, "62": 54.93513488769531, "opt": 62}, "14a.sql": {"63": 80.10245823860168, "62": 34.56953716278076, "61": 22.00520944595337, "60": 17.983604907989502, "59": 7.522815465927124, "opt": 59}, "2c.sql": {"63": 24.235960006713867, "62": 4.060472011566162, "59": 1.2986598014831543, "58": 1.234018087387085, "50": 0.9605603218078613, "39": 0.9176850318908691, "38": 0.9082841873168945, "opt": 38}, "11d.sql": {"63": 0.5569455623626709, "62": 0.47454047203063965, "opt": 62}, "26a.sql": {"63": 187.20777344703674, "62": 178.10479521751404, "opt": 62}, "1c.sql": {"63": 4.40932822227478, "62": 0.1593327522277832, "59": 0.16071557998657227, "58": 0.15935349464416504, "47": 0.15437746047973633, "46": 0.15462422370910645, "43": 0.15493273735046387, "42": 0.14844489097595215, "opt": 42}, "7b.sql": {"63": 39.33401036262512, "62": 38.37059736251831, "opt": 62}, "7a.sql": {"63": 46.74983882904053, "62": 38.937742948532104, "opt": 62}, "30b.sql": {"63": 65.99205374717712, "62": 57.759650468826294, "opt": 62}, "3a.sql": {"63": 39.65680718421936, "62": 5.738551616668701, "59": 4.313572883605957, "58": 4.235306024551392, "opt": 58}, "6b.sql": {"63": 154.85794186592102, "62": 132.50294947624207, "opt": 62}, "1d.sql": {"63": 1.6025328636169434, "62": 0.1660912036895752, "58": 0.1470496654510498, "46": 0.1439685821533203, "43": 0.1495063304901123, "42": 0.14764070510864258, "opt": 46}, "17d.sql": {"63": 128.79983186721802, "62": 95.02096128463745, "opt": 62}, "32b.sql": {"63": 5.070114850997925, "62": 0.48354005813598633, "59": 0.47080540657043457, "58": 0.4690079689025879, "47": 0.4725503921508789, "46": 0.4711461067199707, "43": 0.4682960510253906, "42": 0.4695148468017578, "opt": 43}, "4c.sql": {"63": 16.636991262435913, "62": 0.9416437149047852, "58": 0.931577205657959, "47": 0.9264051914215088, "46": 0.9339509010314941, "43": 0.9368443489074707, "42": 0.9301612377166748, "opt": 47}, "29a.sql": {"63": 61.020262479782104, "62": 51.451416969299316, "opt": 62}, "15a.sql": {"63": 75.02131676673889, "62": 3.306349992752075, "59": 3.0826358795166016, "58": 2.9025309085845947,