{"10c.sql": {"speedup": 1.0043955502002289, "speedupAbs": 0.21572542190551758, "opt": 62}, "22d.sql": {"speedup": 13.515318226360757, "speedupAbs": 136.66769671440125, "opt": 58}, "11a.sql": {"speedup": 2.6586618741018526, "speedupAbs": 0.7542920112609863, "opt": 42}, "14b.sql": {"speedup": 5.101854690774148, "speedupAbs": 21.7278995513916, "opt": 46}, "15c.sql": {"speedup": 1.326606794572449, "speedupAbs": 5.215258598327637, "opt": 62}, "11c.sql": {"speedup": 1.2296072675265086, "speedupAbs": 0.1084740161895752, "opt": 62}, "31b.sql": {"speedup": 1.2460686419326392, "speedupAbs": 12.052521228790283, "opt": 46}, "7c.sql": {"speedup": 1.1119155207195193, "speedupAbs": 14.947098016738892, "opt": 62}, "24b.sql": {"speedup": 1.0752095966176871, "speedupAbs": 5.222996473312378, "opt": 62}, "17b.sql": {"speedup": 1.6026460368335238, "speedupAbs": 68.64013361930847, "opt": 62}, "22a.sql": {"speedup": 8.784413051970683, "speedupAbs": 105.98799085617065, "opt": 58}, "13d.sql": {"speedup": 1.1708745035417283, "speedupAbs": 11.014325618743896, "opt": 62}, "8c.sql": {"speedup": 1.0418937023022268, "speedupAbs": 2.974595785140991, "opt": 47}, "16b.sql": {"speedup": 1.251855360662561, "speedupAbs": 17.481202363967896, "opt": 55}, "17e.sql": {"speedup": 1.5211823755305218, "speedupAbs": 42.87469005584717, "opt": 61}, "16d.sql": {"speedup": 1.6476003632432343, "speedupAbs": 52.3181836605072, "opt": 60}, "9c.sql": {"speedup": 1.195496144401561, "speedupAbs": 11.56483244895935, "opt": 55}, "8d.sql": {"speedup": 1.0, "speedupAbs": 0.0, "opt": 63}, "2a.sql": {"speedup": 8.19300357441381, "speedupAbs": 7.314303398132324, "opt": 47}, "23b.sql": {"speedup": 12.170956742759843, "speedupAbs": 29.20780658721924, "opt": 42}, "2b.sql": {"speedup": 18.858781721400668, "speedupAbs": 18.590593814849854, "opt": 62}, "19c.sql": {"speedup": 1.290858645443842, "speedupAbs": 25.42590832710266, "opt": 62}, "32a.sql": {"speedup": 6.740950435164024, "speedupAbs": 0.23716044425964355, "opt": 46}, "2d.sql": {"speedup": 50.696474949352385, "speedupAbs": 60.8130099773407, "opt": 46}, "15b.sql": {"speedup": 17.402500443390185, "speedupAbs": 43.72469615936279, "opt": 58}, "23c.sql": {"speedup": 1.903708387202074, "speedupAbs": 2.9306416511535645, "opt": 62}, "9d.sql": {"speedup": 1.9369453506643877, "speedupAbs": 127.6623764038086, "opt": 62}, "11b.sql": {"speedup": 1.7004519612167606, "speedupAbs": 17.812196493148804, "opt": 62}, "1a.sql": {"speedup": 10.426628231553808, "speedupAbs": 1.477461814880371, "opt": 46}, "12c.sql": {"speedup": 9.892745842928779, "speedupAbs": 32.057403326034546, "opt": 46}, "33c.sql": {"speedup": 3.8028887579496566, "speedupAbs": 1.2951788902282715, "opt": 43}, "5c.sql": {"speedup": 5.486909861260079, "speedupAbs": 14.116958379745483, "opt": 58}, "10a.sql": {"speedup": 1.1514804215958945, "speedupAbs": 10.899475336074829, "opt": 59}, "25a.sql": {"speedup": 1.061560212346314, "speedupAbs": 5.86046838760376, "opt": 62}, "30c.sql": {"speedup": 1.0830628591377327, "speedupAbs": 5.241160869598389, "opt": 62}, "19b.sql": {"speedup": 1.1949835861502602, "speedupAbs": 11.983850479125977, "opt": 62}, "8b.sql": {"speedup": 1.2454015793180397, "speedupAbs": 12.50366497039795, "opt": 62}, "18a.sql": {"speedup": 1.031440411357046, "speedupAbs": 3.381762981414795, "opt": 62}, "14c.sql": {"speedup": 25.10364790219027, "speedupAbs": 134.61069107055664, "opt": 42}, "27c.sql": {"speedup": 1.041311448393324, "speedupAbs": 0.2555577754974365, "opt": 59}, "29c.sql": {"speedup": 1.0411916347114363, "speedupAbs": 3.7700107097625732, "opt": 49}, "31c.sql": {"speedup": 1.3021338160112594, "speedupAbs": 26.61195945739746, "opt": 55}, "18c.sql": {"speedup": 1.3501026119374084, "speedupAbs": 49.305957555770874, "opt": 62}, "25b.sql": {"speedup": 1.0816681772392331, "speedupAbs": 6.038041114807129, "opt": 62}, "21c.sql": {"speedup": 1.3035991526406803, "speedupAbs": 0.42930006980895996, "opt": 62}, "17c.sql": {"speedup": 3.680109565000933, "speedupAbs": 132.2912883758545, "opt": 35}, "27b.sql": {"speedup": 3.4231303853410178, "speedupAbs": 2.7942116260528564, "opt": 56}, "17a.sql": {"speedup": 1.7317345099079726, "speedupAbs": 45.86579132080078, "opt": 61}, "10b.sql": {"speedup": 1.0035089444325636, "speedupAbs": 0.11232733726501465, "opt": 62}, "6d.sql": {"speedup": 1.072169948240671, "speedupAbs": 8.524363279342651, "opt": 62}, "17f.sql": {"speedup": 1.0123187760715153, "speedupAbs": 1.6253037452697754, "opt": 59}, "13b.sql": {"speedup": 18.036629981816922, "speedupAbs": 121.334468126297, "opt": 55}, "24a.sql": {"speedup": 1.0224602668112128, "speedupAbs": 1.652536392211914, "opt": 61}, "20c.sql": {"speedup": 1.0393033965156393, "speedupAbs": 4.335980415344238, "opt": 62}, "28b.sql": {"speedup": 10.838189179463425, "speedupAbs": 39.57870435714722, "opt": 58}, "25c.sql": {"speedup": 1.0546188617739929, "speedupAbs": 5.40319299697876, "opt": 59}, "28c.sql": {"speedup": 1.2029612522314022, "speedupAbs": 50.6154088973999, "opt": 62}, "23a.sql": {"speedup": 1.6370552444372288, "speedupAbs": 34.996715784072876, "opt": 62}, "14a.sql": {"speedup": 10.647936082096855, "speedupAbs": 72.57964277267456, "opt": 59}, "2c.sql": {"speedup": 26.683234548327654, "speedupAbs": 23.327675819396973, "opt": 38}, "11d.sql": {"speedup": 1.173652396769038, "speedupAbs": 0.08240509033203125, "opt": 62}, "26a.sql": {"speedup": 1.051110236635715, "speedupAbs": 9.102978229522705, "opt": 62}, "1c.sql": {"speedup": 29.703469033427933, "speedupAbs": 4.260883331298828, "opt": 42}, "7b.sql": {"speedup": 1.025108105328793, "speedupAbs": 0.9634130001068115, "opt": 62}, "7a.sql": {"speedup": 1.200630424080678, "speedupAbs": 7.812095880508423, "opt": 62}, "30b.sql": {"speedup": 1.1425286200925675, "speedupAbs": 8.23240327835083, "opt": 62}, "3a.sql": {"speedup": 9.363386483605952, "speedupAbs": 35.42150115966797, "opt": 58}, "6b.sql": {"speedup": 1.1687131681071539, "speedupAbs": 22.354992389678955, "opt": 62}, "1d.sql": {"speedup": 11.131129025847564, "speedupAbs": 1.458564281463623, "opt": 46}, "17d.sql": {"speedup": 1.3554886219409545, "speedupAbs": 33.778870582580566, "opt": 62}, "32b.sql": {"speedup": 10.82672988571289, "speedupAbs": 4.601818799972534, "opt": 43}, "4c.sql": {"speedup": 17.95865504262506, "speedupAbs": 15.710586071014404, "opt": 47}, "29a.sql": {"speedup": 1.1859782698733534, "speedupAbs": 9.568845510482788, "opt": 62}, "15a.sql": {"speedup": 27.519269650392463, "speedupAbs": 72.29517912864685, "opt": 46}, "31a.sql": {"speedup": 1.0597001048125607, "speedupAbs": 8.569632291793823, "opt": 62}, "20a.sql": {"speedup": 1.102482623234309, "speedupAbs": 12.592127084732056, "opt": 62}, "26b.sql": {"speedup": 1.1354451568439752, "speedupAbs": 10.624022245407104, "opt": 62}, "28a.sql": {"speedup": 15.579894848903804, "speedupAbs": 280.7444143295288, "opt": 51}, "33a.sql": {"speedup": 2.44946154839244, "speedupAbs": 0.5674800872802734, "opt": 62}, "33b.sql": {"speedup": 1.161075939907773, "speedupAbs": 0.08094024658203125, "opt": 62}, "16c.sql": {"speedup": 1.3109215899809998, "speedupAbs": 24.386884927749634, "opt": 60}, "19a.sql": {"speedup": 1.3057907383091856, "speedupAbs": 23.239046335220337, "opt": 62}, "6e.sql": {"speedup": 1.0977338605312095, "speedupAbs": 5.197726249694824, "opt": 62}, "18b.sql": {"speedup": 1.190149140717017, "speedupAbs": 10.000235795974731, "opt": 62}, "4b.sql": {"speedup": 10.403831100578374, "speedupAbs": 6.9687180519104, "opt": 58}, "22b.sql": {"speedup": 5.618598585276436, "speedupAbs": 65.94129872322083, "opt": 60}, "13c.sql": {"speedup": 13.013823808534312, "speedupAbs": 79.4117693901062, "opt": 35}, "29b.sql": {"speedup": 1.0604891614789507, "speedupAbs": 4.270881175994873, "opt": 33}, "6c.sql": {"speedup": 1.459457634382025, "speedupAbs": 15.316747188568115, "opt": 62}, "26c.sql": {"speedup": 1.1038773586263926, "speedupAbs": 23.06227135658264, "opt": 59}, "3b.sql": {"speedup": 10.744410855673696, "speedupAbs": 18.937270879745483, "opt": 42},