{
    "10c.sql": {
        "speedup": 228.50280498398328,
        "speedupAbs": 0.21572542190551758,
        "opt": 62
    },
    "22d.sql": {
        "speedup": 1.0799020833440511,
        "speedupAbs": 136.66769671440125,
        "opt": 58
    },
    "11a.sql": {
        "speedup": 1.6028956326867339,
        "speedupAbs": 0.7542920112609863,
        "opt": 42
    },
    "14b.sql": {
        "speedup": 1.2437921563260614,
        "speedupAbs": 21.7278995513916,
        "opt": 46
    },
    "15c.sql": {
        "speedup": 4.061785659753556,
        "speedupAbs": 5.215258598327637,
        "opt": 62
    },
    "11c.sql": {
        "speedup": 5.3552628397729105,
        "speedupAbs": 0.1084740161895752,
        "opt": 62
    },
    "31b.sql": {
        "speedup": 5.063906689393392,
        "speedupAbs": 12.052521228790283,
        "opt": 46
    },
    "7c.sql": {
        "speedup": 9.935311148720679,
        "speedupAbs": 14.947098016738892,
        "opt": 62
    },
    "24b.sql": {
        "speedup": 14.29617555434184,
        "speedupAbs": 5.222996473312378,
        "opt": 62
    },
    "17b.sql": {
        "speedup": 2.6593488364318945,
        "speedupAbs": 68.64013361930847,
        "opt": 62
    },
    "22a.sql": {
        "speedup": 1.1284618369199773,
        "speedupAbs": 105.98799085617065,
        "opt": 58
    },
    "13d.sql": {
        "speedup": 6.852248166185866,
        "speedupAbs": 11.014325618743896,
        "opt": 62
    },
    "8c.sql": {
        "speedup": 24.869936172885044,
        "speedupAbs": 2.974595785140991,
        "opt": 47
    },
    "16b.sql": {
        "speedup": 4.970532917660674,
        "speedupAbs": 17.481202363967896,
        "opt": 55
    },
    "17e.sql": {
        "speedup": 2.9187141525691085,
        "speedupAbs": 42.87469005584717,
        "opt": 61
    },
    "16d.sql": {
        "speedup": 2.5441621974884643,
        "speedupAbs": 52.3181836605072,
        "opt": 60
    },
    "9c.sql": {
        "speedup": 6.115190394476212,
        "speedupAbs": 11.56483244895935,
        "opt": 55
    },
    "8d.sql": {
        "speedup": 0,
        "speedupAbs": 0.0,
        "opt": 63
    },
    "2a.sql": {
        "speedup": 1.1390239820757346,
        "speedupAbs": 7.314303398132324,
        "opt": 47
    },
    "23b.sql": {
        "speedup": 1.0895178473095533,
        "speedupAbs": 29.20780658721924,
        "opt": 42
    },
    "2b.sql": {
        "speedup": 1.055994860993327,
        "speedupAbs": 18.590593814849854,
        "opt": 62
    },
    "19c.sql": {
        "speedup": 4.438096187493512,
        "speedupAbs": 25.42590832710266,
        "opt": 62
    },
    "32a.sql": {
        "speedup": 1.1741871857793578,
        "speedupAbs": 0.23716044425964355,
        "opt": 46
    },
    "2d.sql": {
        "speedup": 1.0201221515413144,
        "speedupAbs": 60.8130099773407,
        "opt": 46
    },
    "15b.sql": {
        "speedup": 1.0609663144623158,
        "speedupAbs": 43.72469615936279,
        "opt": 58
    },
    "23c.sql": {
        "speedup": 2.1065516422792645,
        "speedupAbs": 2.9306416511535645,
        "opt": 62
    },
    "9d.sql": {
        "speedup": 2.067298107932229,
        "speedupAbs": 127.6623764038086,
        "opt": 62
    },
    "11b.sql": {
        "speedup": 2.427649653893312,
        "speedupAbs": 17.812196493148804,
        "opt": 62
    },
    "1a.sql": {
        "speedup": 1.106082469302512,
        "speedupAbs": 1.477461814880371,
        "opt": 46
    },
    "12c.sql": {
        "speedup": 1.1124512065972476,
        "speedupAbs": 32.057403326034546,
        "opt": 46
    },
    "33c.sql": {
        "speedup": 1.35677477287094,
        "speedupAbs": 1.2951788902282715,
        "opt": 43
    },
    "5c.sql": {
        "speedup": 1.2228705347156597,
        "speedupAbs": 14.116958379745483,
        "opt": 58
    },
    "10a.sql": {
        "speedup": 7.601513182130619,
        "speedupAbs": 10.899475336074829,
        "opt": 59
    },
    "25a.sql": {
        "speedup": 17.244258456653544,
        "speedupAbs": 5.86046838760376,
        "opt": 62
    },
    "30c.sql": {
        "speedup": 13.039075109873428,
        "speedupAbs": 5.241160869598389,
        "opt": 62
    },
    "19b.sql": {
        "speedup": 6.128636823970248,
        "speedupAbs": 11.983850479125977,
        "opt": 62
    },
    "8b.sql": {
        "speedup": 5.074953399969781,
        "speedupAbs": 12.50366497039795,
        "opt": 62
    },
    "18a.sql": {
        "speedup": 32.8061996277251,
        "speedupAbs": 3.381762981414795,
        "opt": 62
    },
    "14c.sql": {
        "speedup": 1.0414874961689566,
        "speedupAbs": 134.61069107055664,
        "opt": 42
    },
    "27c.sql": {
        "speedup": 25.206365036613,
        "speedupAbs": 0.2555577754974365,
        "opt": 59
    },
    "29c.sql": {
        "speedup": 25.276773840256602,
        "speedupAbs": 3.7700107097625732,
        "opt": 49
    },
    "31c.sql": {
        "speedup": 4.309791711506844,
        "speedupAbs": 26.61195945739746,
        "opt": 55
    },
    "18c.sql": {
        "speedup": 3.8563054541814736,
        "speedupAbs": 49.305957555770874,
        "opt": 62
    },
    "25b.sql": {
        "speedup": 13.244671471859464,
        "speedupAbs": 6.038041114807129,
        "opt": 62
    },
    "21c.sql": {
        "speedup": 4.293816834803665,
        "speedupAbs": 0.42930006980895996,
        "opt": 62
    },
    "17c.sql": {
        "speedup": 1.3731190743314452,
        "speedupAbs": 132.2912883758545,
        "opt": 35
    },
    "27b.sql": {
        "speedup": 1.4126893072075715,
        "speedupAbs": 2.7942116260528564,
        "opt": 56
    },
    "17a.sql": {
        "speedup": 2.3666158783815816,
        "speedupAbs": 45.86579132080078,
        "opt": 61
    },
    "10b.sql": {
        "speedup": 285.98598915385145,
        "speedupAbs": 0.11232733726501465,
        "opt": 62
    },
    "6d.sql": {
        "speedup": 14.8561828625014,
        "speedupAbs": 8.524363279342651,
        "opt": 62
    },
    "17f.sql": {
        "speedup": 82.17689567491236,
        "speedupAbs": 1.6253037452697754,
        "opt": 59
    },
    "13b.sql": {
        "speedup": 1.058697054585754,
        "speedupAbs": 121.334468126297,
        "opt": 55
    },
    "24a.sql": {
        "speedup": 45.52306859955797,
        "speedupAbs": 1.652536392211914,
        "opt": 61
    },
    "20c.sql": {
        "speedup": 26.443093692986324,
        "speedupAbs": 4.335980415344238,
        "opt": 62
    },
    "28b.sql": {
        "speedup": 1.1016447215802105,
        "speedupAbs": 39.57870435714722,
        "opt": 58
    },
    "25c.sql": {
        "speedup": 19.308693508442154,
        "speedupAbs": 5.40319299697876,
        "opt": 59
    },
    "28c.sql": {
        "speedup": 5.927048828314631,
        "speedupAbs": 50.6154088973999,
        "opt": 62
    },
    "23a.sql": {
        "speedup": 2.569722577016683,
        "speedupAbs": 34.996715784072876,
        "opt": 62
    },
    "14a.sql": {
        "speedup": 1.1036491112182683,
        "speedupAbs": 72.57964277267456,
        "opt": 59
    },
    "2c.sql": {
        "speedup": 1.0389359057605583,
        "speedupAbs": 23.327675819396973,
        "opt": 38
    },
    "11d.sql": {
        "speedup": 6.758630566614201,
        "speedupAbs": 0.08240509033203125,
        "opt": 62
    },
    "26a.sql": {
        "speedup": 20.565552144229702,
        "speedupAbs": 9.102978229522705,
        "opt": 62
    },
    "1c.sql": {
        "speedup": 1.0348389945074374,
        "speedupAbs": 4.260883331298828,
        "opt": 42
    },
    "7b.sql": {
        "speedup": 40.827776206325005,
        "speedupAbs": 0.9634130001068115,
        "opt": 62
    },
    "7a.sql": {
        "speedup": 5.98428892119511,
        "speedupAbs": 7.812095880508423,
        "opt": 62
    },
    "30b.sql": {
        "speedup": 8.016134719823528,
        "speedupAbs": 8.23240327835083,
        "opt": 62
    },