{
    "12.sql": {
        "speedup": 1.0814134367975792,
        "speedupAbs": 12.858128786087036,
        "opt": 43
    },
    "7.sql": {
        "speedup": 3.948873726649606,
        "speedupAbs": 0.3348269462585449,
        "opt": 62
    },
    "3.sql": {
        "speedup": 37.3762434172031,
        "speedupAbs": 0.02811455726623535,
        "opt": 62
    },
    "19.sql": {
        "speedup": 1.036515850905255,
        "speedupAbs": 2.2160756587982178,
        "opt": 30
    },
    "22.sql": {
        "speedup": 35.81186517762389,
        "speedupAbs": 0.014154195785522461,
        "opt": 62
    },
    "14.sql": {
        "speedup": 33.67096851613465,
        "speedupAbs": 0.021854877471923828,
        "opt": 62
    },
    "6.sql": {
        "speedup": 99.25689571319406,
        "speedupAbs": 0.006863117218017578,
        "opt": 62
    },
    "17.sql": {
        "speedup": 1.054001154118194,
        "speedupAbs": 0.5271940231323242,
        "opt": 13
    },
    "11.sql": {
        "speedup": 1.0069060752437664,
        "speedupAbs": 23.943372011184692,
        "opt": 15
    },
    "21.sql": {
        "speedup": 1.0150604261033724,
        "speedupAbs": 295.54890751838684,
        "opt": 38
    },
    "20.sql": {
        "speedup": 1.257679796768714,
        "speedupAbs": 27.600304126739502,
        "opt": 13
    },
    "4.sql": {
        "speedup": 21.815556150970036,
        "speedupAbs": 0.07830524444580078,
        "opt": 62
    },
    "9.sql": {
        "speedup": 3.2838868454521863,
        "speedupAbs": 1.0244739055633545,
        "opt": 55
    },
    "15.sql": {
        "speedup": 7.3394921639791075,
        "speedupAbs": 0.24509644508361816,
        "opt": 62
    },
    "2.sql": {
        "speedup": 178.83699951404674,
        "speedupAbs": 0.9370875358581543,
        "opt": 62
    },
    "8.sql": {
        "speedup": 23.66428597456549,
        "speedupAbs": 0.02617168426513672,
        "opt": 62
    },
    "10.sql": {
        "speedup": 61.304147139862785,
        "speedupAbs": 0.020247936248779297,
        "opt": 62
    },
    "1.sql": {
        "speedup": 193.83752917011782,
        "speedupAbs": 0.022170305252075195,
        "opt": 62
    },
    "16.sql": {
        "speedup": 45.871412844036776,
        "speedupAbs": 0.012993812561035156,
        "opt": 62
    },
    "13.sql": {
        "speedup": 100.71625540574941,
        "speedupAbs": 0.009372234344482422,
        "opt": 62
    },
    "18.sql": {
        "speedup": 61.699816796210165,
        "speedupAbs": 0.13196039199829102,
        "opt": 62
    },
    "5.sql": {
        "speedup": 97.14282112693793,
        "speedupAbs": 0.009456872940063477,
        "opt": 59
    },
    "avrgTOT": {
        "speedup": 46.00130120103048,
        "speedupAbs": 365.61713218688965,
        "speedupAvg": 16.61896055394953,
        "pg_def": 571.0916357040405,
        "runtime": 3716.285491466522,
        "factor": 0.0983824124993717
    },
    "43": {
        "total_speedup": 1.0814134367975792,
        "count": 1,
        "average_speedup": 1.0814134367975792
    },
    "62": {
        "total_speedup": 905.1503417103435,
        "count": 14,
        "average_speedup": 64.6535958364531
    },
    "30": {
        "total_speedup": 1.036515850905255,
        "count": 1,
        "average_speedup": 1.036515850905255
    },
    "13": {
        "total_speedup": 2.311680950886908,
        "count": 2,
        "average_speedup": 1.155840475443454
    },
    "15": {
        "total_speedup": 1.0069060752437664,
        "count": 1,
        "average_speedup": 1.0069060752437664
    },
    "38": {
        "total_speedup": 1.0150604261033724,
        "count": 1,
        "average_speedup": 1.0150604261033724
    },
    "55": {
        "total_speedup": 3.2838868454521863,
        "count": 1,
        "average_speedup": 3.2838868454521863
    },
    "59": {
        "total_speedup": 97.14282112693793,
        "count": 1,
        "average_speedup": 97.14282112693793
    }
}