{"12.sql": {"speedup": 13.282984717698772, "speedupAbs": 12.858128786087036, "opt": 43}, "7.sql": {"speedup": 1.3391125197945186, "speedupAbs": 0.3348269462585449, "opt": 62}, "3.sql": {"speedup": 1.0274904692200042, "speedupAbs": 0.02811455726623535, "opt": 62}, "19.sql": {"speedup": 28.385367592682616, "speedupAbs": 2.2160756587982178, "opt": 30}, "22.sql": {"speedup": 1.0287258380123445, "speedupAbs": 0.014154195785522461, "opt": 62}, "14.sql": {"speedup": 1.0306082141246027, "speedupAbs": 0.021854877471923828, "opt": 62}, "6.sql": {"speedup": 1.0101774027435075, "speedupAbs": 0.006863117218017578, "opt": 62}, "17.sql": {"speedup": 19.51812273884497, "speedupAbs": 0.5271940231323242, "opt": 13}, "11.sql": {"speedup": 145.80004412095485, "speedupAbs": 23.943372011184692, "opt": 15}, "21.sql": {"speedup": 67.399183737309, "speedupAbs": 295.54890751838684, "opt": 38}, "20.sql": {"speedup": 4.880785426486389, "speedupAbs": 27.600304126739502, "opt": 13}, "4.sql": {"speedup": 1.0480409936082058, "speedupAbs": 0.07830524444580078, "opt": 62}, "9.sql": {"speedup": 1.4378500633651183, "speedupAbs": 1.0244739055633545, "opt": 55}, "15.sql": {"speedup": 1.157741341756361, "speedupAbs": 0.24509644508361816, "opt": 62}, "2.sql": {"speedup": 1.0056231268112517, "speedupAbs": 0.9370875358581543, "opt": 62}, "8.sql": {"speedup": 1.0441222812455786, "speedupAbs": 0.02617168426513672, "opt": 62}, "10.sql": {"speedup": 1.0165826074561788, "speedupAbs": 0.020247936248779297, "opt": 62}, "1.sql": {"speedup": 1.0051857125752623, "speedupAbs": 0.022170305252075195, "opt": 62}, "16.sql": {"speedup": 1.0222859040225851, "speedupAbs": 0.012993812561035156, "opt": 62}, "13.sql": {"speedup": 1.0100284551995156, "speedupAbs": 0.009372234344482422, "opt": 62}, "18.sql": {"speedup": 1.0164745143030223, "speedupAbs": 0.13196039199829102, "opt": 62}, "5.sql": {"speedup": 1.0104011926036547, "speedupAbs": 0.009456872940063477, "opt": 59}, "avrgTOT": {"speedup": 13.476224498673558, "speedupAbs": 365.61713218688965, "speedupAvg": 16.61896055394953, "pg_def": 571.0916357040405, "runtime": 3716.285491466522, "factor": 0.0983824124993717}, "43": {"total_speedup": 13.282984717698772, "count": 1, "average_speedup": 13.282984717698772}, "62": {"total_speedup": 14.76219938087294, "count": 14, "average_speedup": 1.0544428129194956}, "30": {"total_speedup": 28.385367592682616, "count": 1, "average_speedup": 28.385367592682616}, "13": {"total_speedup": 24.398908165331356, "count": 2, "average_speedup": 12.199454082665678}, "15": {"total_speedup": 145.80004412095485, "count": 1, "average_speedup": 145.80004412095485}, "38": {"total_speedup": 67.399183737309, "count": 1, "average_speedup": 67.399183737309}, "55": {"total_speedup": 1.4378500633651183, "count": 1, "average_speedup": 1.4378500633651183}, "59": {"total_speedup": 1.0104011926036547, "count": 1, "average_speedup": 1.0104011926036547}}