{"10c.sql": {"speedup": 1.0108772427822397, "speedupAbs": 0.540449857711792, "opt": 62}, "22d.sql": {"speedup": 2.333604577494675, "speedupAbs": 92.50524020195007, "opt": 62}, "11a.sql": {"speedup": 1.5163412999165493, "speedupAbs": 0.24296307563781738, "opt": 62}, "14b.sql": {"speedup": 1.476633621429421, "speedupAbs": 9.14069128036499, "opt": 62}, "15c.sql": {"speedup": 4.454615382509243, "speedupAbs": 9.927109479904175, "opt": 42}, "11c.sql": {"speedup": 3.433735565921826, "speedupAbs": 1.1499669551849365, "opt": 43}, "31b.sql": {"speedup": 1.004142624047679, "speedupAbs": 0.3771512508392334, "opt": 54}, "7c.sql": {"speedup": 1.0846356039745884, "speedupAbs": 9.276992082595825, "opt": 57}, "24b.sql": {"speedup": 1.0178666061021113, "speedupAbs": 1.5279486179351807, "opt": 62}, "17b.sql": {"speedup": 1.4332726779654203, "speedupAbs": 54.933955669403076, "opt": 62}, "22a.sql": {"speedup": 1.0564367696333417, "speedupAbs": 6.549959659576416, "opt": 62}, "13d.sql": {"speedup": 4.44558447381177, "speedupAbs": 100.05378842353821, "opt": 54}, "8c.sql": {"speedup": 1.0, "speedupAbs": 0.0, "opt": 63}, "16b.sql": {"speedup": 1.1536546284907412, "speedupAbs": 12.245181322097778, "opt": 55}, "17e.sql": {"speedup": 1.5299048946263494, "speedupAbs": 35.830302000045776, "opt": 61}, "16d.sql": {"speedup": 1.0998403378160597, "speedupAbs": 10.822332382202148, "opt": 59}, "9c.sql": {"speedup": 1.0767461126005253, "speedupAbs": 7.637707710266113, "opt": 62}, "8d.sql": {"speedup": 1.0, "speedupAbs": 0.0, "opt": 63}, "2a.sql": {"speedup": 13.466991637172825, "speedupAbs": 13.11555814743042, "opt": 47}, "23b.sql": {"speedup": 2.6414195182021354, "speedupAbs": 20.34206533432007, "opt": 62}, "2b.sql": {"speedup": 2.886157467346747, "speedupAbs": 1.985036849975586, "opt": 62}, "19c.sql": {"speedup": 1.045421084658761, "speedupAbs": 4.099833965301514, "opt": 58}, "32a.sql": {"speedup": 7.183444508584012, "speedupAbs": 0.2758200168609619, "opt": 47}, "2d.sql": {"speedup": 71.15434328368737, "speedupAbs": 85.36338496208191, "opt": 47}, "15b.sql": {"speedup": 20.22281905817877, "speedupAbs": 50.74254298210144, "opt": 42}, "23c.sql": {"speedup": 1.052009264196652, "speedupAbs": 0.7155051231384277, "opt": 62}, "9d.sql": {"speedup": 2.380694014071504, "speedupAbs": 173.9863257408142, "opt": 62}, "11b.sql": {"speedup": 1.4177829465582448, "speedupAbs": 12.710507154464722, "opt": 62}, "1a.sql": {"speedup": 9.41905809449566, "speedupAbs": 1.315760850906372, "opt": 46}, "12c.sql": {"speedup": 2.1901177434030146, "speedupAbs": 18.879323720932007, "opt": 61}, "33c.sql": {"speedup": 6.82011469991128, "speedupAbs": 2.685482978820801, "opt": 43}, "5c.sql": {"speedup": 2.583921773979679, "speedupAbs": 5.596235036849976, "opt": 62}, "10a.sql": {"speedup": 1.1194872322328762, "speedupAbs": 10.228395223617554, "opt": 62}, "25a.sql": {"speedup": 1.0314683256760833, "speedupAbs": 3.332782030105591, "opt": 62}, "30c.sql": {"speedup": 1.0513515535320666, "speedupAbs": 3.719583749771118, "opt": 62}, "19b.sql": {"speedup": 1.3686400643948933, "speedupAbs": 20.94168758392334, "opt": 61}, "8b.sql": {"speedup": 1.8466781887784671, "speedupAbs": 34.88356876373291, "opt": 62}, "18a.sql": {"speedup": 1.0022754657631947, "speedupAbs": 0.29720282554626465, "opt": 62}, "14c.sql": {"speedup": 2.0142572986710108, "speedupAbs": 67.20432877540588, "opt": 62}, "27c.sql": {"speedup": 2.865771531785074, "speedupAbs": 6.039198160171509, "opt": 62}, "29c.sql": {"speedup": 1.2179294084160994, "speedupAbs": 16.66647243499756, "opt": 49}, "31c.sql": {"speedup": 1.1363304634125162, "speedupAbs": 13.80307412147522, "opt": 55}, "18c.sql": {"speedup": 1.2489145341115009, "speedupAbs": 37.54817271232605, "opt": 62}, "25b.sql": {"speedup": 1.1609012591921601, "speedupAbs": 12.177379608154297, "opt": 62}, "21c.sql": {"speedup": 1.2906491254414285, "speedupAbs": 0.4208676815032959, "opt": 62}, "17c.sql": {"speedup": 1.9029214383975155, "speedupAbs": 72.06654334068298, "opt": 62}, "27b.sql": {"speedup": 3.5641481424795267, "speedupAbs": 2.9078590869903564, "opt": 56}, "17a.sql": {"speedup": 1.5988005253725852, "speedupAbs": 45.796369552612305, "opt": 61}, "10b.sql": {"speedup": 1.0256429551725221, "speedupAbs": 0.8146343231201172, "opt": 62}, "6d.sql": {"speedup": 1.1607579814241473, "speedupAbs": 20.013460397720337, "opt": 62}, "17f.sql": {"speedup": 1.174781075198441, "speedupAbs": 21.066200971603394, "opt": 59}, "13b.sql": {"speedup": 23.64051524486777, "speedupAbs": 123.9565327167511, "opt": 34}, "24a.sql": {"speedup": 1.0072148213346919, "speedupAbs": 0.5753006935119629, "opt": 62}, "20c.sql": {"speedup": 1.138689452301206, "speedupAbs": 14.049459218978882, "opt": 62}, "28b.sql": {"speedup": 9.068568967013842, "speedupAbs": 34.417072057724, "opt": 58}, "25c.sql": {"speedup": 1.024417137810356, "speedupAbs": 2.269658327102661, "opt": 59}, "28c.sql": {"speedup": 1.0334585383583532, "speedupAbs": 9.712592363357544, "opt": 62}, "23a.sql": {"speedup": 1.1277453343452777, "speedupAbs": 8.02644681930542, "opt": 62}, "14a.sql": {"speedup": 2.3563233277844247, "speedupAbs": 40.29511046409607, "opt": 62}, "2c.sql": {"speedup": 10.008850405445077, "speedupAbs": 8.070066928863525, "opt": 35}, "11d.sql": {"speedup": 1.1075284880611074, "speedupAbs": 0.05113983154296875, "opt": 62}, "26a.sql": {"speedup": 1.0924385891459596, "speedupAbs": 15.921363592147827, "opt": 62}, "1c.sql": {"speedup": 23.305185081477244, "speedupAbs": 3.494523525238037, "opt": 58}, "7b.sql": {"speedup": 1.0639566984379218, "speedupAbs": 2.413379430770874, "opt": 62}, "7a.sql": {"speedup": 1.098286523580844, "speedupAbs": 3.903695583343506, "opt": 62}, "30b.sql": {"speedup": 1.1446999700680305, "speedupAbs": 8.073747873306274, "opt": 62}, "3a.sql": {"speedup": 8.727594042507725, "speedupAbs": 31.831181049346924, "opt": 58}, "6b.sql": {"speedup": 1.1040386698478826, "speedupAbs": 14.384323835372925, "opt": 62}, "1d.sql": {"speedup": 10.591491146657331, "speedupAbs": 1.3847289085388184, "opt": 46}, "17d.sql": {"speedup": 1.3714892145915696, "speedupAbs": 34.494152307510376, "opt": 62}, "32b.sql": {"speedup": 9.39592005672934, "speedupAbs": 4.047993421554565, "opt": 58}, "4c.sql": {"speedup": 21.662606456168348, "speedupAbs": 19.31206750869751, "opt": 46}, "29a.sql": {"speedup": 1.149969852640335, "speedupAbs": 7.9118711948394775, "opt": 62}, "15a.sql": {"speedup": 29.792416293927772, "speedupAbs": 76.92685413360596, "opt": 46}, "31a.sql": {"speedup": 1.113228280009767, "speedupAbs": 17.967464447021484, "opt": 62}, "20a.sql": {"speedup": 1.0949889437788551, "speedupAbs": 11.655510425567627, "opt": 62}, "26b.sql": {"speedup": 1.1425997088570656, "speedupAbs": 9.199963331222534, "opt": 59}, "28a.sql": {"speedup": 19.849831182969872, "speedupAbs": 284.8865213394165, "opt": 48}, "33a.sql": {"speedup": 1.389756205421394, "speedupAbs": 0.1403665542602539, "opt": 62}, "33b.sql": {"speedup": 2.3914967968478016, "speedupAbs": 0.707089900970459, "opt": 62}, "16c.sql": {"speedup": 1.4976534072006134, "speedupAbs": 32.810471534729004, "opt": 60}, "19a.sql": {"speedup": 1.3153266139008848, "speedupAbs": 24.037084579467773, "opt": 62}, "6e.sql": {"speedup": 1.0537921697646806, "speedupAbs": 2.888059377670288, "opt": 62}, "18b.sql": {"speedup": 1.1500551249395763, "speedupAbs": 7.912086725234985, "opt": 62}, "4b.sql": {"speedup": 15.028391265706492, "speedupAbs": 10.495824098587036, "opt": 58}, "22b.sql": {"speedup": 5.3751449457626235, "speedupAbs": 50.956385135650635, "opt": 60}, "13c.sql": {"speedup": 2.1310879085865446, "speedupAbs": 40.17014789581299, "opt": 62}, "29b.sql": {"speedup": 1.0, "speedupAbs": 0.0, "opt": 63}, "6c.sql": {"speedup": 1.867188459725896, "speedupAbs": 28.022742748260498, "opt": 62}, "26c.sql": {"speedup": 3.982769605173694, "speedupAbs": 155.9959373474121, "opt": 50}, "3b.sql": {"speedup": 1.0414116611330728, "speedupAbs": 1.0571229457855225, "opt": 62}, "27a.sql": {"speedup": 1.2153195543249284, "speedupAbs": 0.799898624420166, "opt": 62},