{
    "10c.sql": {
        "63": 50.226741552352905,
        "62": 49.68629169464111,
        "opt": 62
    },
    "22d.sql": {
        "63": 161.87005925178528,
        "62": 69.3648190498352,
        "opt": 62
    },
    "11a.sql": {
        "63": 0.7135105133056641,
        "62": 0.4705474376678467,
        "opt": 62
    },
    "14b.sql": {
        "63": 28.318296194076538,
        "62": 19.177604913711548,
        "opt": 62
    },
    "15c.sql": {
        "63": 12.80068826675415,
        "62": 3.3833608627319336,
        "59": 2.916041851043701,
        "46": 2.9136571884155273,
        "43": 2.8793418407440186,
        "42": 2.8735787868499756,
        "opt": 42
    },
    "11c.sql": {
        "63": 1.6224780082702637,
        "62": 0.4924170970916748,
        "59": 0.480790376663208,
        "58": 0.476320743560791,
        "46": 0.4748222827911377,
        "43": 0.47251105308532715,
        "42": 0.4726691246032715,
        "opt": 43
    },
    "31b.sql": {
        "63": 91.41878247261047,
        "54": 91.04163122177124,
        "opt": 54
    },
    "7c.sql": {
        "63": 118.88797903060913,
        "57": 109.6109869480133,
        "opt": 57
    },
    "24b.sql": {
        "63": 87.04775071144104,
        "62": 85.51980209350586,
        "opt": 62
    },
    "17b.sql": {
        "63": 181.72236967086792,
        "62": 126.78841400146484,
        "opt": 62
    },
    "22a.sql": {
        "63": 122.60833263397217,
        "62": 116.05837297439575,
        "opt": 62
    },
    "13d.sql": {
        "63": 129.09205150604248,
        "62": 36.99887442588806,
        "54": 29.038263082504272,
        "opt": 54
    },
    "8c.sql": {
        "63": 72.08967185020447,
        "opt": 63
    },
    "16b.sql": {
        "63": 91.93807077407837,
        "55": 79.69288945198059,
        "opt": 55
    },
    "17e.sql": {
        "63": 103.44677877426147,
        "61": 67.6164767742157,
        "opt": 61
    },
    "16d.sql": {
        "63": 119.21872425079346,
        "59": 108.39639186859131,
        "opt": 59
    },
    "9c.sql": {
        "63": 107.15685534477234,
        "62": 99.51914763450623,
        "opt": 62
    },
    "8d.sql": {
        "63": 53.81570386886597,
        "opt": 63
    },
    "2a.sql": {
        "63": 14.167580842971802,
        "62": 1.6292121410369873,
        "59": 1.3274962902069092,
        "58": 1.3043773174285889,
        "47": 1.0520226955413818,
        "46": 1.0631132125854492,
        "opt": 47
    },
    "23b.sql": {
        "63": 32.735036849975586,
        "62": 12.392971515655518,
        "opt": 62
    },
    "2b.sql": {
        "63": 3.0374605655670166,
        "62": 1.0524237155914307,
        "opt": 62
    },
    "19c.sql": {
        "63": 94.36262702941895,
        "58": 90.26279306411743,
        "opt": 58
    },
    "32a.sql": {
        "63": 0.32042622566223145,
        "62": 0.046857357025146484,
        "59": 0.05155611038208008,
        "58": 0.046132802963256836,
        "47": 0.04460620880126953,
        "46": 0.04490971565246582,
        "43": 0.044730186462402344,
        "42": 0.04529094696044922,
        "opt": 47
    },
    "2d.sql": {
        "63": 86.58017897605896,
        "62": 1.2916526794433594,
        "47": 1.2167940139770508,
        "46": 1.220430612564087,
        "opt": 47
    },
    "15b.sql": {
        "63": 53.38224649429321,
        "62": 11.009141683578491,
        "61": 5.751121282577515,
        "60": 5.47822904586792,
        "59": 2.7483980655670166,
        "58": 2.6693999767303467,
        "43": 2.6631085872650146,
        "42": 2.6397035121917725,
        "opt": 42
    },
    "23c.sql": {
        "63": 14.472768068313599,
        "62": 13.757262945175171,
        "opt": 62
    },
    "9d.sql": {
        "62": 126.01367425918579,
        "opt": 62
    },
    "11b.sql": {
        "63": 43.13421702384949,
        "62": 30.423709869384766,
        "opt": 62
    },
    "1a.sql": {
        "63": 1.4720444679260254,
        "62": 0.1618802547454834,
        "59": 0.15972542762756348,
        "58": 0.15916776657104492,
        "47": 0.15889263153076172,
        "46": 0.15628361701965332,
        "opt": 46
    },
    "12c.sql": {
        "63": 34.74273204803467,
        "61": 15.863408327102661,
        "opt": 61
    },
    "33c.sql": {
        "63": 3.146897077560425,
        "62": 0.6006484031677246,
        "47": 0.47049736976623535,
        "46": 0.46442294120788574,
        "43": 0.461414098739624,
        "42": 0.46219635009765625,
        "opt": 43
    },
    "5c.sql": {
        "63": 9.129386186599731,
        "62": 3.533151149749756,
        "opt": 62
    },
    "10a.sql": {
        "63": 95.83080673217773,
        "62": 85.60241150856018,
        "opt": 62
    },
    "25a.sql": {
        "63": 109.24188137054443,
        "62": 105.90909934043884,
        "opt": 62
    },
    "30c.sql": {
        "63": 76.15329790115356,
        "62": 72.43371415138245,
        "opt": 62
    },
    "19b.sql": {
        "63": 77.74964094161987,
        "61": 56.80795335769653,
        "opt": 61
    },
    "8b.sql": {
        "63": 76.08407354354858,
        "62": 41.200504779815674,
        "opt": 62
    },
    "18a.sql": {
        "63": 130.90906715393066,
        "62": 130.6118643283844,
        "opt": 62
    },
    "14c.sql": {
        "63": 133.46397399902344,
        "62": 66.25964522361755,
        "opt": 62
    },
    "27c.sql": {
        "63": 9.276035070419312,
        "62": 3.2368369102478027,
        "opt": 62
    },
    "29c.sql": {
        "63": 93.14294505119324,
        "49": 76.47647261619568,
        "opt": 49
    },
    "31c.sql": {
        "63": 115.05024790763855,
        "55": 101.24717378616333,
        "opt": 55
    },
    "18c.sql": {
        "63": 188.39582347869873,
        "62": 150.84765076637268,
        "opt": 62
    },
    "25b.sql": {
        "63": 87.85969352722168,
        "62": 75.68231391906738,
        "opt": 62
    },
    "21c.sql": {
        "63": 1.868894338607788,
        "62": 1.4480266571044922,
        "opt": 62
    },
    "17c.sql": {
        "63": 151.8813979625702,
        "62": 79.8148546218872,
        "opt": 62
    },
    "27b.sql": {
        "63": 4.041903972625732,
        "62": 1.2808740139007568,
        "58": 1.290839672088623,
        "57": 1.2236425876617432,
        "56": 1.134044885635376,
        "opt": 56
    },
    "17a.sql": {
        "63": 122.27654552459717,
        "61": 76.48017597198486,
        "opt": 61
    },
    "10b.sql": {
        "63": 32.582982301712036,
        "62": 31.76834797859192,
        "opt": 62
    },
    "6d.sql": {
        "63": 144.5078103542328,
        "62": 124.49434995651245,
        "opt": 62
    },
    "17f.sql": {
        "63": 141.59527397155762,
        "59": 120.52907299995422,
        "opt": 59
    },
    "13b.sql": {
        "63": 129.43151998519897,
        "62": 32.26538372039795,
        "61": 21.737735509872437,
        "60": 17.374468088150024,
        "59": 10.15505838394165,
        "58": 10.138949394226074,
        "55": 7.592669725418091,
        "34": 5.474987268447876,
        "opt": 34
    },
    "24a.sql": {
        "63": 80.31403112411499,
        "62": 79.73873043060303,
        "opt": 62
    },
    "20c.sql": {
        "63": 115.35102891921997,
        "62": 101.30156970024109,
        "opt": 62
    },
    "28b.sql": {
        "63": 38.682645320892334,
        "62": 8.09187364578247,
        "59": 5.2860918045043945,
        "58": 4.265573263168335,
        "opt": 58
    },
    "25c.sql": {
        "63": 95.22315454483032,
        "59": 92.95349621772766,
        "opt": 59
    },
    "28c.sql": {
        "62": 290.28740763664246,
        "opt": 62
    },
    "23a.sql": {
        "63": 70.85807085037231,
        "62": 62.831624031066895,
        "opt": 62
    },
    "14a.sql": {
        "63": 70.00418472290039,
        "62": 29.70907425880432,
        "opt": 62
    },
    "2c.sql": {
        "63": 8.96586012840271,
        "62": 0.9842832088470459,