{"10c.sql": {"speedup": 92.93506295849127, "speedupAbs": 0.540449857711792, "opt": 62}, "22d.sql": {"speedup": 1.7498474561917083, "speedupAbs": 92.50524020195007, "opt": 62}, "11a.sql": {"speedup": 2.9367034946877566, "speedupAbs": 0.24296307563781738, "opt": 62}, "14b.sql": {"speedup": 3.0980475464592847, "speedupAbs": 9.14069128036499, "opt": 62}, "15c.sql": {"speedup": 1.2894678247144418, "speedupAbs": 9.927109479904175, "opt": 42}, "11c.sql": {"speedup": 1.4108909833929433, "speedupAbs": 1.1499669551849365, "opt": 43}, "31b.sql": {"speedup": 242.392892159809, "speedupAbs": 0.3771512508392334, "opt": 54}, "7c.sql": {"speedup": 12.815358466635955, "speedupAbs": 9.276992082595825, "opt": 57}, "24b.sql": {"speedup": 56.970338982389734, "speedupAbs": 1.5279486179351807, "opt": 62}, "17b.sql": {"speedup": 3.3080153696647594, "speedupAbs": 54.933955669403076, "opt": 62}, "22a.sql": {"speedup": 18.718944696813786, "speedupAbs": 6.549959659576416, "opt": 62}, "13d.sql": {"speedup": 1.2902265225538712, "speedupAbs": 100.05378842353821, "opt": 54}, "8c.sql": {"speedup": 0, "speedupAbs": 0.0, "opt": 63}, "16b.sql": {"speedup": 7.508102032606574, "speedupAbs": 12.245181322097778, "opt": 55}, "17e.sql": {"speedup": 2.8871310873720604, "speedupAbs": 35.830302000045776, "opt": 61}, "16d.sql": {"speedup": 11.015991751173196, "speedupAbs": 10.822332382202148, "opt": 59}, "9c.sql": {"speedup": 14.029975931225932, "speedupAbs": 7.637707710266113, "opt": 62}, "8d.sql": {"speedup": 0, "speedupAbs": 0.0, "opt": 63}, "2a.sql": {"speedup": 1.0802118128497256, "speedupAbs": 13.11555814743042, "opt": 47}, "23b.sql": {"speedup": 1.609228773577221, "speedupAbs": 20.34206533432007, "opt": 62}, "2b.sql": {"speedup": 1.530178427470691, "speedupAbs": 1.985036849975586, "opt": 62}, "19c.sql": {"speedup": 23.01620695570761, "speedupAbs": 4.099833965301514, "opt": 58}, "32a.sql": {"speedup": 1.1617221596493306, "speedupAbs": 0.2758200168609619, "opt": 47}, "2d.sql": {"speedup": 1.0142542849550489, "speedupAbs": 85.36338496208191, "opt": 47}, "15b.sql": {"speedup": 1.052021506157523, "speedupAbs": 50.74254298210144, "opt": 42}, "23c.sql": {"speedup": 20.227343732818493, "speedupAbs": 0.7155051231384277, "opt": 62}, "9d.sql": {"speedup": 1.7242734377120372, "speedupAbs": 173.9863257408142, "opt": 62}, "11b.sql": {"speedup": 3.3935874076195347, "speedupAbs": 12.710507154464722, "opt": 62}, "1a.sql": {"speedup": 1.118778132752617, "speedupAbs": 1.315760850906372, "opt": 46}, "12c.sql": {"speedup": 1.8402529964309302, "speedupAbs": 18.879323720932007, "opt": 61}, "33c.sql": {"speedup": 1.171817919673515, "speedupAbs": 2.685482978820801, "opt": 43}, "5c.sql": {"speedup": 1.6313443103237681, "speedupAbs": 5.596235036849976, "opt": 62}, "10a.sql": {"speedup": 9.369095018043751, "speedupAbs": 10.228395223617554, "opt": 62}, "25a.sql": {"speedup": 32.77798559394034, "speedupAbs": 3.332782030105591, "opt": 62}, "30c.sql": {"speedup": 20.473607538972505, "speedupAbs": 3.719583749771118, "opt": 62}, "19b.sql": {"speedup": 3.712673137255053, "speedupAbs": 20.94168758392334, "opt": 61}, "8b.sql": {"speedup": 2.1810862890453526, "speedupAbs": 34.88356876373291, "opt": 62}, "18a.sql": {"speedup": 440.47046629962705, "speedupAbs": 0.29720282554626465, "opt": 62}, "14c.sql": {"speedup": 1.9859431145433295, "speedupAbs": 67.20432877540588, "opt": 62}, "27c.sql": {"speedup": 1.5359713035407137, "speedupAbs": 6.039198160171509, "opt": 62}, "29c.sql": {"speedup": 5.588641832545466, "speedupAbs": 16.66647243499756, "opt": 49}, "31c.sql": {"speedup": 8.335117735015283, "speedupAbs": 13.80307412147522, "opt": 55}, "18c.sql": {"speedup": 5.01744319016764, "speedupAbs": 37.54817271232605, "opt": 62}, "25b.sql": {"speedup": 7.214991759671225, "speedupAbs": 12.177379608154297, "opt": 62}, "21c.sql": {"speedup": 4.4405746051402435, "speedupAbs": 0.4208676815032959, "opt": 62}, "17c.sql": {"speedup": 2.107516066707617, "speedupAbs": 72.06654334068298, "opt": 62}, "27b.sql": {"speedup": 1.3899930676520904, "speedupAbs": 2.9078590869903564, "opt": 56}, "17a.sql": {"speedup": 2.670005214804681, "speedupAbs": 45.796369552612305, "opt": 61}, "10b.sql": {"speedup": 39.99706540342729, "speedupAbs": 0.8146343231201172, "opt": 62}, "6d.sql": {"speedup": 7.220530956790121, "speedupAbs": 20.013460397720337, "opt": 62}, "17f.sql": {"speedup": 6.721443233282726, "speedupAbs": 21.066200971603394, "opt": 59}, "13b.sql": {"speedup": 1.0441686061109712, "speedupAbs": 123.9565327167511, "opt": 34}, "24a.sql": {"speedup": 139.60357084541792, "speedupAbs": 0.5753006935119629, "opt": 62}, "20c.sql": {"speedup": 8.210353659975516, "speedupAbs": 14.049459218978882, "opt": 62}, "28b.sql": {"speedup": 1.123937714864709, "speedupAbs": 34.417072057724, "opt": 58}, "25c.sql": {"speedup": 41.95484113522402, "speedupAbs": 2.269658327102661, "opt": 59}, "28c.sql": {"speedup": 30.887737153656587, "speedupAbs": 9.712592363357544, "opt": 62}, "23a.sql": {"speedup": 8.82807454475904, "speedupAbs": 8.02644681930542, "opt": 62}, "14a.sql": {"speedup": 1.7372873263438708, "speedupAbs": 40.29511046409607, "opt": 62}, "2c.sql": {"speedup": 1.1110019541889147, "speedupAbs": 8.070066928863525, "opt": 35}, "11d.sql": {"speedup": 10.299861069670294, "speedupAbs": 0.05113983154296875, "opt": 62}, "26a.sql": {"speedup": 11.817992888457104, "speedupAbs": 15.921363592147827, "opt": 62}, "1c.sql": {"speedup": 1.044832625075612, "speedupAbs": 3.494523525238037, "opt": 58}, "7b.sql": {"speedup": 16.6355788279257, "speedupAbs": 2.413379430770874, "opt": 62}, "7a.sql": {"speedup": 11.174334828085218, "speedupAbs": 3.903695583343506, "opt": 62}, "30b.sql": {"speedup": 7.910851464100863, "speedupAbs": 8.073747873306274, "opt": 62}, "3a.sql": {"speedup": 1.1294063837333106, "speedupAbs": 31.831181049346924, "opt": 58}, "6b.sql": {"speedup": 10.611810699445922, "speedupAbs": 14.384323835372925, "opt": 62}, "1d.sql": {"speedup": 1.1042590755399386, "speedupAbs": 1.3847289085388184, "opt": 46}, "17d.sql": {"speedup": 3.691868190842206, "speedupAbs": 34.494152307510376, "opt": 62}, "32b.sql": {"speedup": 1.11910546947127, "speedupAbs": 4.047993421554565, "opt": 58}, "4c.sql": {"speedup": 1.0483966048582158, "speedupAbs": 19.31206750869751, "opt": 46}, "29a.sql": {"speedup": 7.668006818665403, "speedupAbs": 7.9118711948394775, "opt": 62}, "15a.sql": {"speedup": 1.0347313677946126, "speedupAbs": 76.92685413360596, "opt": 46}, "31a.sql": {"speedup": 9.831715892122888, "speedupAbs": 17.967464447021484, "opt": 62}, "20a.sql": {"speedup": 11.52754099811986, "speedupAbs": 11.655510425567627, "opt": 62}, "26b.sql": {"speedup": 8.01263703842724, "speedupAbs": 9.199963331222534, "opt": 59}, "28a.sql": {"speedup": 1.0530508729915555, "speedupAbs": 284.8865213394165, "opt": 48}, "33a.sql": {"speedup": 3.565706423888304, "speedupAbs": 0.1403665542602539, "opt": 62}, "33b.sql": {"speedup": 1.718650594284751, "speedupAbs": 0.707089900970459, "opt": 62}, "16c.sql": {"speedup": 3.0094306308986676, "speedupAbs": 32.810471534729004, "opt": 60}, "19a.sql": {"speedup": 4.171314934787982, "speedupAbs": 24.037084579467773, "opt": 62}, "6e.sql": {"speedup": 19.590066256382688, "speedupAbs": 2.888059377670288, "opt": 62}, "18b.sql": {"speedup": 7.664217569394432, "speedupAbs": 7.912086725234985, "opt": 62}, "4b.sql": {"speedup": 1.071284011192686, "speedupAbs": 10.495824098587036, "opt": 58}, "22b.sql": {"speedup": 1.2285638561457286, "speedupAbs": 50.956385135650635, "opt": 60}, "13c.sql": {"speedup": 1.884104579678199, "speedupAbs": 40.17014789581299, "opt": 62}, "29b.sql": {"speedup": 0, "speedupAbs": 0.0, "opt": 63}, "6c.sql": {"speedup": 2.153151876947352, "speedupAbs": 28.022742748260498, "opt": 62}, "26c.sql": {"speedup": 1.3352588809626706, "speedupAbs": 155.9959373474121, "opt": 50}, "3b.sql": {"speedup": 25.147787667502246, "speedupAbs": 1.0571229457855225, "opt": 62}, "27a.sql": {"speedup": 5.644260030795663, "speedupAbs": 0.799898624420166, "opt": 62},