{"12.sql": {"speedup": 1.0839023664278344, "speedupAbs": 12.495821714401245, "opt": 43}, "7.sql": {"speedup": 3.6425251253072, "speedupAbs": 0.3733043670654297, "opt": 62}, "3.sql": {"speedup": 139.79252681725322, "speedupAbs": 0.007356882095336914, "opt": 62}, "19.sql": {"speedup": 1.0338247520789008, "speedupAbs": 2.2763237953186035, "opt": 47}, "22.sql": {"speedup": 3.7828589441240346, "speedupAbs": 0.1837935447692871, "opt": 62}, "14.sql": {"speedup": 58.62595093929517, "speedupAbs": 0.012285232543945312, "opt": 62}, "6.sql": {"speedup": 74.56231397802915, "speedupAbs": 0.008811473846435547, "opt": 59}, "17.sql": {"speedup": 1.6597930512722952, "speedupAbs": 0.16103577613830566, "opt": 62}, "11.sql": {"speedup": 1.007030777577843, "speedupAbs": 23.534703016281128, "opt": 47}, "21.sql": {"speedup": 1.0152145073174843, "speedupAbs": 295.5040514469147, "opt": 55}, "20.sql": {"speedup": 1.2321095687786363, "speedupAbs": 30.71415615081787, "opt": 29}, "4.sql": {"speedup": 219.9634412099511, "speedupAbs": 0.007330179214477539, "opt": 58}, "9.sql": {"speedup": 3.2684022689557346, "speedupAbs": 1.0368731021881104, "opt": 55}, "15.sql": {"speedup": 7.909325650467777, "speedupAbs": 0.22492361068725586, "opt": 62}, "2.sql": {"speedup": 29.702122235852805, "speedupAbs": 5.603303670883179, "opt": 61}, "8.sql": {"speedup": 3.338383931620776, "speedupAbs": 0.25829553604125977, "opt": 62}, "10.sql": {"speedup": 64.1943993106843, "speedupAbs": 0.019369125366210938, "opt": 62}, "1.sql": {"speedup": 2432.693688791838, "speedupAbs": 0.0017528533935546875, "opt": 2}, "16.sql": {"speedup": 57.10307985320747, "speedupAbs": 0.010264873504638672, "opt": 62}, "13.sql": {"speedup": 169.88963935261788, "speedupAbs": 0.005612611770629883, "opt": 58}, "18.sql": {"speedup": 552.3521504042963, "speedupAbs": 0.014418840408325195, "opt": 62}, "5.sql": {"speedup": 824.522372083099, "speedupAbs": 0.0011136531829833984, "opt": 62}, "avrgTOT": {"speedup": 211.4715934509115, "speedupAbs": 372.4549014568329, "speedupAvg": 16.92976824803786, "pg_def": 572.171261548996, "runtime": 4143.9183530807495, "factor": 0.08987988413911087}, "43": {"total_speedup": 1.0839023664278344, "count": 1, "average_speedup": 1.0839023664278344}, "62": {"total_speedup": 1716.9233661106273, "count": 11, "average_speedup": 156.0839423736934}, "47": {"total_speedup": 2.040855529656744, "count": 2, "average_speedup": 1.020427764828372}, "59": {"total_speedup": 74.56231397802915, "count": 1, "average_speedup": 74.56231397802915}, "55": {"total_speedup": 4.2836167762732185, "count": 2, "average_speedup": 2.1418083881366092}, "29": {"total_speedup": 1.2321095687786363, "count": 1, "average_speedup": 1.2321095687786363}, "58": {"total_speedup": 389.85308056256895, "count": 2, "average_speedup": 194.92654028128447}, "61": {"total_speedup": 29.702122235852805, "count": 1, "average_speedup": 29.702122235852805}, "2": {"total_speedup": 2432.693688791838, "count": 1, "average_speedup": 2432.693688791838}}