{"12.sql": {"speedup": 12.918614963740184, "speedupAbs": 12.495821714401245, "opt": 43}, "7.sql": {"speedup": 1.3784259193689776, "speedupAbs": 0.3733043670654297, "opt": 62}, "3.sql": {"speedup": 1.0072049988780498, "speedupAbs": 0.007356882095336914, "opt": 62}, "19.sql": {"speedup": 30.564148694050072, "speedupAbs": 2.2763237953186035, "opt": 47}, "22.sql": {"speedup": 1.3593426832184525, "speedupAbs": 0.1837935447692871, "opt": 62}, "14.sql": {"speedup": 1.0173532928081903, "speedupAbs": 0.012285232543945312, "opt": 62}, "6.sql": {"speedup": 1.0135939171285269, "speedupAbs": 0.008811473846435547, "opt": 59}, "17.sql": {"speedup": 2.515626753073067, "speedupAbs": 0.16103577613830566, "opt": 62}, "11.sql": {"speedup": 143.23177862309444, "speedupAbs": 23.534703016281128, "opt": 47}, "21.sql": {"speedup": 66.72674218972683, "speedupAbs": 295.5040514469147, "opt": 55}, "20.sql": {"speedup": 5.308310102259088, "speedupAbs": 30.71415615081787, "opt": 29}, "4.sql": {"speedup": 1.0045669724337276, "speedupAbs": 0.007330179214477539, "opt": 58}, "9.sql": {"speedup": 1.4408389171909763, "speedupAbs": 1.0368731021881104, "opt": 55}, "15.sql": {"speedup": 1.144731924733103, "speedupAbs": 0.22492361068725586, "opt": 62}, "2.sql": {"speedup": 1.0348406292671581, "speedupAbs": 5.603303670883179, "opt": 61}, "8.sql": {"speedup": 1.4276457712856767, "speedupAbs": 0.25829553604125977, "opt": 62}, "10.sql": {"speedup": 1.0158241871258824, "speedupAbs": 0.019369125366210938, "opt": 62}, "1.sql": {"speedup": 1.000411236005838, "speedupAbs": 0.0017528533935546875, "opt": 2}, "16.sql": {"speedup": 1.0178243333987453, "speedupAbs": 0.010264873504638672, "opt": 62}, "13.sql": {"speedup": 1.0059210263212899, "speedupAbs": 0.005612611770629883, "opt": 58}, "18.sql": {"speedup": 1.0018137228616353, "speedupAbs": 0.014418840408325195, "opt": 62}, "5.sql": {"speedup": 1.0012142960943131, "speedupAbs": 0.0011136531829833984, "opt": 62}, "avrgTOT": {"speedup": 12.688035234275645, "speedupAbs": 372.4549014568329, "speedupAvg": 16.92976824803786, "pg_def": 572.171261548996, "runtime": 4143.9183530807495, "factor": 0.08987988413911087}, "43": {"total_speedup": 12.918614963740184, "count": 1, "average_speedup": 12.918614963740184}, "62": {"total_speedup": 13.887007882846095, "count": 11, "average_speedup": 1.2624552620769178}, "47": {"total_speedup": 173.7959273171445, "count": 2, "average_speedup": 86.89796365857225}, "59": {"total_speedup": 1.0135939171285269, "count": 1, "average_speedup": 1.0135939171285269}, "55": {"total_speedup": 68.16758110691781, "count": 2, "average_speedup": 34.083790553458904}, "29": {"total_speedup": 5.308310102259088, "count": 1, "average_speedup": 5.308310102259088}, "58": {"total_speedup": 2.0104879987550177, "count": 2, "average_speedup": 1.0052439993775089}, "61": {"total_speedup": 1.0348406292671581, "count": 1, "average_speedup": 1.0348406292671581}, "2": {"total_speedup": 1.000411236005838, "count": 1, "average_speedup": 1.000411236005838}}